2026-08-18 02:03:35,605 [ERROR] xenia_manager: Failed to add game: XboxGame(game_id='45530018', title='25 to Life', platform=<Platform.XBOX: 'Xbox'>, config_path=None, favourite=False, last_played=None, play_count=0, play_time=0, emulator='xemu', emulator_version='0.8.112', discs=[GameDisc(media_id='45530018', file_path=WindowsPath('H:/roms/xbox'), disc_count=1, disc_type='DVD', disc_swap_required=False, disc_number=1, label=None)])
Error: Error binding parameter 1: type 'Platform' is not supported
Traceback (most recent call last):
  File "C:\PycharmProjects\xenia-game-manager\src\db.py", line 1049, in import_games_from_source
    self.add_game(game)
    ~~~~~~~~~~~~~^^^^^^
  File "C:\PycharmProjects\xenia-game-manager\src\db.py", line 1081, in add_game
    con.execute("""
    ~~~~~~~~~~~^^^^
        INSERT INTO games (
        ^^^^^^^^^^^^^^^^^^^
    ...<14 lines>...
        str(game.config_path) if game.config_path else None,
        ^^^^^^^^^^^^^^^^^^^^^^^^^^^^^^^^^^^^^^^^^^^^^^^^^^^^
    ))
    ^^
sqlite3.ProgrammingError: Error binding parameter 1: type 'Platform' is not supported
2026-08-18 02:03:35,610 [ERROR] xenia_manager: Failed to add game: XboxGame(game_id='5A440004', title='Alien Hominid', platform=<Platform.XBOX: 'Xbox'>, config_path=None, favourite=False, last_played=None, play_count=0, play_time=0, emulator='xemu', emulator_version='0.5.0-4-gaab63105fc', discs=[GameDisc(media_id='5A440004', file_path=WindowsPath('H:/roms/xbox'), disc_count=1, disc_type='DVD', disc_swap_required=False, disc_number=1, label=None)])
Error: Error binding parameter 1: type 'Platform' is not supported
Traceback (most recent call last):
  File "C:\PycharmProjects\xenia-game-manager\src\db.py", line 1049, in import_games_from_source
    self.add_game(game)
    ~~~~~~~~~~~~~^^^^^^
  File "C:\PycharmProjects\xenia-game-manager\src\db.py", line 1081, in add_game
    con.execute("""
    ~~~~~~~~~~~^^^^
        INSERT INTO games (
        ^^^^^^^^^^^^^^^^^^^
    ...<14 lines>...
        str(game.config_path) if game.config_path else None,
        ^^^^^^^^^^^^^^^^^^^^^^^^^^^^^^^^^^^^^^^^^^^^^^^^^^^^
    ))
    ^^
sqlite3.ProgrammingError: Error binding parameter 1: type 'Platform' is not supported
2026-08-18 02:03:35,612 [ERROR] xenia_manager: Failed to add game: XboxGame(game_id='454C0001', title='American McGee Presents Scrapland', platform=<Platform.XBOX: 'Xbox'>, config_path=None, favourite=False, last_played=None, play_count=0, play_time=0, emulator='xemu', emulator_version='0.6.5', discs=[GameDisc(media_id='454C0001', file_path=WindowsPath('H:/roms/xbox'), disc_count=1, disc_type='DVD', disc_swap_required=False, disc_number=1, label=None)])
Error: Error binding parameter 1: type 'Platform' is not supported
Traceback (most recent call last):
  File "C:\PycharmProjects\xenia-game-manager\src\db.py", line 1049, in import_games_from_source
    self.add_game(game)
    ~~~~~~~~~~~~~^^^^^^
  File "C:\PycharmProjects\xenia-game-manager\src\db.py", line 1081, in add_game
    con.execute("""
    ~~~~~~~~~~~^^^^
        INSERT INTO games (
        ^^^^^^^^^^^^^^^^^^^
    ...<14 lines>...
        str(game.config_path) if game.config_path else None,
        ^^^^^^^^^^^^^^^^^^^^^^^^^^^^^^^^^^^^^^^^^^^^^^^^^^^^
    ))
    ^^
sqlite3.ProgrammingError: Error binding parameter 1: type 'Platform' is not supported
2026-08-18 02:03:35,614 [ERROR] xenia_manager: Failed to add game: XboxGame(game_id='49470079', title='Atari Anthology', platform=<Platform.XBOX: 'Xbox'>, config_path=None, favourite=False, last_played=None, play_count=0, play_time=0, emulator='xemu', emulator_version='0.7.21', discs=[GameDisc(media_id='49470079', file_path=WindowsPath('H:/roms/xbox'), disc_count=1, disc_type='DVD', disc_swap_required=False, disc_number=1, label=None)])
Error: Error binding parameter 1: type 'Platform' is not supported
Traceback (most recent call last):
  File "C:\PycharmProjects\xenia-game-manager\src\db.py", line 1049, in import_games_from_source
    self.add_game(game)
    ~~~~~~~~~~~~~^^^^^^
  File "C:\PycharmProjects\xenia-game-manager\src\db.py", line 1081, in add_game
    con.execute("""
    ~~~~~~~~~~~^^^^
        INSERT INTO games (
        ^^^^^^^^^^^^^^^^^^^
    ...<14 lines>...
        str(game.config_path) if game.config_path else None,
        ^^^^^^^^^^^^^^^^^^^^^^^^^^^^^^^^^^^^^^^^^^^^^^^^^^^^
    ))
    ^^
sqlite3.ProgrammingError: Error binding parameter 1: type 'Platform' is not supported
2026-08-18 02:03:35,616 [ERROR] xenia_manager: Failed to add game: XboxGame(game_id='454D0002', title='Big Mutha Truckers', platform=<Platform.XBOX: 'Xbox'>, config_path=None, favourite=False, last_played=None, play_count=0, play_time=0, emulator='xemu', emulator_version='0.8.134', discs=[GameDisc(media_id='454D0002', file_path=WindowsPath('H:/roms/xbox'), disc_count=1, disc_type='DVD', disc_swap_required=False, disc_number=1, label=None)])
Error: Error binding parameter 1: type 'Platform' is not supported
Traceback (most recent call last):
  File "C:\PycharmProjects\xenia-game-manager\src\db.py", line 1049, in import_games_from_source
    self.add_game(game)
    ~~~~~~~~~~~~~^^^^^^
  File "C:\PycharmProjects\xenia-game-manager\src\db.py", line 1081, in add_game
    con.execute("""
    ~~~~~~~~~~~^^^^
        INSERT INTO games (
        ^^^^^^^^^^^^^^^^^^^
    ...<14 lines>...
        str(game.config_path) if game.config_path else None,
        ^^^^^^^^^^^^^^^^^^^^^^^^^^^^^^^^^^^^^^^^^^^^^^^^^^^^
    ))
    ^^
sqlite3.ProgrammingError: Error binding parameter 1: type 'Platform' is not supported
2026-08-18 02:03:35,617 [ERROR] xenia_manager: Failed to add game: XboxGame(game_id='454D0002', title='Burnout 2 - Point of Impact (Europe) (En,Fr,De,Es,It).xiso', platform=<Platform.XBOX: 'Xbox'>, config_path=None, favourite=False, last_played=None, play_count=0, play_time=0, emulator='xemu', emulator_version='0.8.134', discs=[GameDisc(media_id='454D0002', file_path=WindowsPath('H:/roms/xbox'), disc_count=1, disc_type='DVD', disc_swap_required=False, disc_number=1, label=None)])
Error: Error binding parameter 1: type 'Platform' is not supported
Traceback (most recent call last):
  File "C:\PycharmProjects\xenia-game-manager\src\db.py", line 1049, in import_games_from_source
    self.add_game(game)
    ~~~~~~~~~~~~~^^^^^^
  File "C:\PycharmProjects\xenia-game-manager\src\db.py", line 1081, in add_game
    con.execute("""
    ~~~~~~~~~~~^^^^
        INSERT INTO games (
        ^^^^^^^^^^^^^^^^^^^
    ...<14 lines>...
        str(game.config_path) if game.config_path else None,
        ^^^^^^^^^^^^^^^^^^^^^^^^^^^^^^^^^^^^^^^^^^^^^^^^^^^^
    ))
    ^^
sqlite3.ProgrammingError: Error binding parameter 1: type 'Platform' is not supported
2026-08-18 02:03:35,619 [ERROR] xenia_manager: Failed to add game: XboxGame(game_id='454D0002', title='Burnout 3 - Takedown (Europe) (En,Es,Nl,Sv).xiso', platform=<Platform.XBOX: 'Xbox'>, config_path=None, favourite=False, last_played=None, play_count=0, play_time=0, emulator='xemu', emulator_version='0.8.134', discs=[GameDisc(media_id='454D0002', file_path=WindowsPath('H:/roms/xbox'), disc_count=1, disc_type='DVD', disc_swap_required=False, disc_number=1, label=None)])
Error: Error binding parameter 1: type 'Platform' is not supported
Traceback (most recent call last):
  File "C:\PycharmProjects\xenia-game-manager\src\db.py", line 1049, in import_games_from_source
    self.add_game(game)
    ~~~~~~~~~~~~~^^^^^^
  File "C:\PycharmProjects\xenia-game-manager\src\db.py", line 1081, in add_game
    con.execute("""
    ~~~~~~~~~~~^^^^
        INSERT INTO games (
        ^^^^^^^^^^^^^^^^^^^
    ...<14 lines>...
        str(game.config_path) if game.config_path else None,
        ^^^^^^^^^^^^^^^^^^^^^^^^^^^^^^^^^^^^^^^^^^^^^^^^^^^^
    ))
    ^^
sqlite3.ProgrammingError: Error binding parameter 1: type 'Platform' is not supported
2026-08-18 02:03:35,620 [ERROR] xenia_manager: Failed to add game: XboxGame(game_id='434D002B', title='Colin McRae Rally 2005', platform=<Platform.XBOX: 'Xbox'>, config_path=None, favourite=False, last_played=None, play_count=0, play_time=0, emulator='xemu', emulator_version='0.8.112', discs=[GameDisc(media_id='434D002B', file_path=WindowsPath('H:/roms/xbox'), disc_count=1, disc_type='DVD', disc_swap_required=False, disc_number=1, label=None)])
Error: Error binding parameter 1: type 'Platform' is not supported
Traceback (most recent call last):
  File "C:\PycharmProjects\xenia-game-manager\src\db.py", line 1049, in import_games_from_source
    self.add_game(game)
    ~~~~~~~~~~~~~^^^^^^
  File "C:\PycharmProjects\xenia-game-manager\src\db.py", line 1081, in add_game
    con.execute("""
    ~~~~~~~~~~~^^^^
        INSERT INTO games (
        ^^^^^^^^^^^^^^^^^^^
    ...<14 lines>...
        str(game.config_path) if game.config_path else None,
        ^^^^^^^^^^^^^^^^^^^^^^^^^^^^^^^^^^^^^^^^^^^^^^^^^^^^
    ))
    ^^
sqlite3.ProgrammingError: Error binding parameter 1: type 'Platform' is not supported
2026-08-18 02:03:35,621 [ERROR] xenia_manager: Failed to add game: XboxGame(game_id='4D530036', title='Counter-Strike', platform=<Platform.XBOX: 'Xbox'>, config_path=None, favourite=False, last_played=None, play_count=0, play_time=0, emulator='xemu', emulator_version='0.8.34', discs=[GameDisc(media_id='4D530036', file_path=WindowsPath('H:/roms/xbox'), disc_count=1, disc_type='DVD', disc_swap_required=False, disc_number=1, label=None)])
Error: Error binding parameter 1: type 'Platform' is not supported
Traceback (most recent call last):
  File "C:\PycharmProjects\xenia-game-manager\src\db.py", line 1049, in import_games_from_source
    self.add_game(game)
    ~~~~~~~~~~~~~^^^^^^
  File "C:\PycharmProjects\xenia-game-manager\src\db.py", line 1081, in add_game
    con.execute("""
    ~~~~~~~~~~~^^^^
        INSERT INTO games (
        ^^^^^^^^^^^^^^^^^^^
    ...<14 lines>...
        str(game.config_path) if game.config_path else None,
        ^^^^^^^^^^^^^^^^^^^^^^^^^^^^^^^^^^^^^^^^^^^^^^^^^^^^
    ))
    ^^
sqlite3.ProgrammingError: Error binding parameter 1: type 'Platform' is not supported
2026-08-18 02:03:35,623 [ERROR] xenia_manager: Failed to add game: XboxGame(game_id='4B4F0002', title='Crimson Sea', platform=<Platform.XBOX: 'Xbox'>, config_path=None, favourite=False, last_played=None, play_count=0, play_time=0, emulator='xemu', emulator_version='0.8.96', discs=[GameDisc(media_id='4B4F0002', file_path=WindowsPath('H:/roms/xbox'), disc_count=1, disc_type='DVD', disc_swap_required=False, disc_number=1, label=None)])
Error: Error binding parameter 1: type 'Platform' is not supported
Traceback (most recent call last):
  File "C:\PycharmProjects\xenia-game-manager\src\db.py", line 1049, in import_games_from_source
    self.add_game(game)
    ~~~~~~~~~~~~~^^^^^^
  File "C:\PycharmProjects\xenia-game-manager\src\db.py", line 1081, in add_game
    con.execute("""
    ~~~~~~~~~~~^^^^
        INSERT INTO games (
        ^^^^^^^^^^^^^^^^^^^
    ...<14 lines>...
        str(game.config_path) if game.config_path else None,
        ^^^^^^^^^^^^^^^^^^^^^^^^^^^^^^^^^^^^^^^^^^^^^^^^^^^^
    ))
    ^^
sqlite3.ProgrammingError: Error binding parameter 1: type 'Platform' is not supported
2026-08-18 02:03:35,624 [ERROR] xenia_manager: Failed to add game: XboxGame(game_id='4D570006', title='Defender', platform=<Platform.XBOX: 'Xbox'>, config_path=None, favourite=False, last_played=None, play_count=0, play_time=0, emulator='xemu', emulator_version='0.8.134', discs=[GameDisc(media_id='4D570006', file_path=WindowsPath('H:/roms/xbox'), disc_count=1, disc_type='DVD', disc_swap_required=False, disc_number=1, label=None)])
Error: Error binding parameter 1: type 'Platform' is not supported
Traceback (most recent call last):
  File "C:\PycharmProjects\xenia-game-manager\src\db.py", line 1049, in import_games_from_source
    self.add_game(game)
    ~~~~~~~~~~~~~^^^^^^
  File "C:\PycharmProjects\xenia-game-manager\src\db.py", line 1081, in add_game
    con.execute("""
    ~~~~~~~~~~~^^^^
        INSERT INTO games (
        ^^^^^^^^^^^^^^^^^^^
    ...<14 lines>...
        str(game.config_path) if game.config_path else None,
        ^^^^^^^^^^^^^^^^^^^^^^^^^^^^^^^^^^^^^^^^^^^^^^^^^^^^
    ))
    ^^
sqlite3.ProgrammingError: Error binding parameter 1: type 'Platform' is not supported
2026-08-18 02:03:35,626 [ERROR] xenia_manager: Failed to add game: XboxGame(game_id='4D570006', title='Delta Force - Black Hawk Down (USA, Europe) (En,Fr,De,Es,It).xiso', platform=<Platform.XBOX: 'Xbox'>, config_path=None, favourite=False, last_played=None, play_count=0, play_time=0, emulator='xemu', emulator_version='0.8.134', discs=[GameDisc(media_id='4D570006', file_path=WindowsPath('H:/roms/xbox'), disc_count=1, disc_type='DVD', disc_swap_required=False, disc_number=1, label=None)])
Error: Error binding parameter 1: type 'Platform' is not supported
Traceback (most recent call last):
  File "C:\PycharmProjects\xenia-game-manager\src\db.py", line 1049, in import_games_from_source
    self.add_game(game)
    ~~~~~~~~~~~~~^^^^^^
  File "C:\PycharmProjects\xenia-game-manager\src\db.py", line 1081, in add_game
    con.execute("""
    ~~~~~~~~~~~^^^^
        INSERT INTO games (
        ^^^^^^^^^^^^^^^^^^^
    ...<14 lines>...
        str(game.config_path) if game.config_path else None,
        ^^^^^^^^^^^^^^^^^^^^^^^^^^^^^^^^^^^^^^^^^^^^^^^^^^^^
    ))
    ^^
sqlite3.ProgrammingError: Error binding parameter 1: type 'Platform' is not supported
2026-08-18 02:03:35,627 [ERROR] xenia_manager: Failed to add game: XboxGame(game_id='4D4A000B', title='Drake of the 99 Dragons', platform=<Platform.XBOX: 'Xbox'>, config_path=None, favourite=False, last_played=None, play_count=0, play_time=0, emulator='xemu', emulator_version='0.7.21', discs=[GameDisc(media_id='4D4A000B', file_path=WindowsPath('H:/roms/xbox'), disc_count=1, disc_type='DVD', disc_swap_required=False, disc_number=1, label=None)])
Error: Error binding parameter 1: type 'Platform' is not supported
Traceback (most recent call last):
  File "C:\PycharmProjects\xenia-game-manager\src\db.py", line 1049, in import_games_from_source
    self.add_game(game)
    ~~~~~~~~~~~~~^^^^^^
  File "C:\PycharmProjects\xenia-game-manager\src\db.py", line 1081, in add_game
    con.execute("""
    ~~~~~~~~~~~^^^^
        INSERT INTO games (
        ^^^^^^^^^^^^^^^^^^^
    ...<14 lines>...
        str(game.config_path) if game.config_path else None,
        ^^^^^^^^^^^^^^^^^^^^^^^^^^^^^^^^^^^^^^^^^^^^^^^^^^^^
    ))
    ^^
sqlite3.ProgrammingError: Error binding parameter 1: type 'Platform' is not supported
2026-08-18 02:03:35,628 [ERROR] xenia_manager: Failed to add game: XboxGame(game_id='46490002', title='Futurama', platform=<Platform.XBOX: 'Xbox'>, config_path=None, favourite=False, last_played=None, play_count=0, play_time=0, emulator='xemu', emulator_version='0.6.0', discs=[GameDisc(media_id='46490002', file_path=WindowsPath('H:/roms/xbox'), disc_count=1, disc_type='DVD', disc_swap_required=False, disc_number=1, label=None)])
Error: Error binding parameter 1: type 'Platform' is not supported
Traceback (most recent call last):
  File "C:\PycharmProjects\xenia-game-manager\src\db.py", line 1049, in import_games_from_source
    self.add_game(game)
    ~~~~~~~~~~~~~^^^^^^
  File "C:\PycharmProjects\xenia-game-manager\src\db.py", line 1081, in add_game
    con.execute("""
    ~~~~~~~~~~~^^^^
        INSERT INTO games (
        ^^^^^^^^^^^^^^^^^^^
    ...<14 lines>...
        str(game.config_path) if game.config_path else None,
        ^^^^^^^^^^^^^^^^^^^^^^^^^^^^^^^^^^^^^^^^^^^^^^^^^^^^
    ))
    ^^
sqlite3.ProgrammingError: Error binding parameter 1: type 'Platform' is not supported
2026-08-18 02:03:35,630 [ERROR] xenia_manager: Failed to add game: XboxGame(game_id='4D530002', title='Fuzion Frenzy', platform=<Platform.XBOX: 'Xbox'>, config_path=None, favourite=False, last_played=None, play_count=0, play_time=0, emulator='xemu', emulator_version='0.5.0-74-g5756a8892c', discs=[GameDisc(media_id='4D530002', file_path=WindowsPath('H:/roms/xbox'), disc_count=1, disc_type='DVD', disc_swap_required=False, disc_number=1, label=None)])
Error: Error binding parameter 1: type 'Platform' is not supported
Traceback (most recent call last):
  File "C:\PycharmProjects\xenia-game-manager\src\db.py", line 1049, in import_games_from_source
    self.add_game(game)
    ~~~~~~~~~~~~~^^^^^^
  File "C:\PycharmProjects\xenia-game-manager\src\db.py", line 1081, in add_game
    con.execute("""
    ~~~~~~~~~~~^^^^
        INSERT INTO games (
        ^^^^^^^^^^^^^^^^^^^
    ...<14 lines>...
        str(game.config_path) if game.config_path else None,
        ^^^^^^^^^^^^^^^^^^^^^^^^^^^^^^^^^^^^^^^^^^^^^^^^^^^^
    ))
    ^^
sqlite3.ProgrammingError: Error binding parameter 1: type 'Platform' is not supported
2026-08-18 02:03:35,631 [ERROR] xenia_manager: Failed to add game: XboxGame(game_id='45410091', title='Half-Life 2', platform=<Platform.XBOX: 'Xbox'>, config_path=None, favourite=False, last_played=None, play_count=0, play_time=0, emulator='xemu', emulator_version='0.8.136', discs=[GameDisc(media_id='45410091', file_path=WindowsPath('H:/roms/xbox'), disc_count=1, disc_type='DVD', disc_swap_required=False, disc_number=1, label=None)])
Error: Error binding parameter 1: type 'Platform' is not supported
Traceback (most recent call last):
  File "C:\PycharmProjects\xenia-game-manager\src\db.py", line 1049, in import_games_from_source
    self.add_game(game)
    ~~~~~~~~~~~~~^^^^^^
  File "C:\PycharmProjects\xenia-game-manager\src\db.py", line 1081, in add_game
    con.execute("""
    ~~~~~~~~~~~^^^^
        INSERT INTO games (
        ^^^^^^^^^^^^^^^^^^^
    ...<14 lines>...
        str(game.config_path) if game.config_path else None,
        ^^^^^^^^^^^^^^^^^^^^^^^^^^^^^^^^^^^^^^^^^^^^^^^^^^^^
    ))
    ^^
sqlite3.ProgrammingError: Error binding parameter 1: type 'Platform' is not supported
2026-08-18 02:03:35,633 [ERROR] xenia_manager: Failed to add game: XboxGame(game_id='45410091', title='Halo - Combat Evolved (USA) (Rev 2).xiso', platform=<Platform.XBOX: 'Xbox'>, config_path=None, favourite=False, last_played=None, play_count=0, play_time=0, emulator='xemu', emulator_version='0.8.136', discs=[GameDisc(media_id='45410091', file_path=WindowsPath('H:/roms/xbox'), disc_count=1, disc_type='DVD', disc_swap_required=False, disc_number=1, label=None)])
Error: Error binding parameter 1: type 'Platform' is not supported
Traceback (most recent call last):
  File "C:\PycharmProjects\xenia-game-manager\src\db.py", line 1049, in import_games_from_source
    self.add_game(game)
    ~~~~~~~~~~~~~^^^^^^
  File "C:\PycharmProjects\xenia-game-manager\src\db.py", line 1081, in add_game
    con.execute("""
    ~~~~~~~~~~~^^^^
        INSERT INTO games (
        ^^^^^^^^^^^^^^^^^^^
    ...<14 lines>...
        str(game.config_path) if game.config_path else None,
        ^^^^^^^^^^^^^^^^^^^^^^^^^^^^^^^^^^^^^^^^^^^^^^^^^^^^
    ))
    ^^
sqlite3.ProgrammingError: Error binding parameter 1: type 'Platform' is not supported
2026-08-18 02:03:35,634 [ERROR] xenia_manager: Failed to add game: XboxGame(game_id='4D530064', title='Halo 2', platform=<Platform.XBOX: 'Xbox'>, config_path=None, favourite=False, last_played=None, play_count=0, play_time=0, emulator='xemu', emulator_version='0.8.134', discs=[GameDisc(media_id='4D530064', file_path=WindowsPath('H:/roms/xbox'), disc_count=1, disc_type='DVD', disc_swap_required=False, disc_number=1, label=None)])
Error: Error binding parameter 1: type 'Platform' is not supported
Traceback (most recent call last):
  File "C:\PycharmProjects\xenia-game-manager\src\db.py", line 1049, in import_games_from_source
    self.add_game(game)
    ~~~~~~~~~~~~~^^^^^^
  File "C:\PycharmProjects\xenia-game-manager\src\db.py", line 1081, in add_game
    con.execute("""
    ~~~~~~~~~~~^^^^
        INSERT INTO games (
        ^^^^^^^^^^^^^^^^^^^
    ...<14 lines>...
        str(game.config_path) if game.config_path else None,
        ^^^^^^^^^^^^^^^^^^^^^^^^^^^^^^^^^^^^^^^^^^^^^^^^^^^^
    ))
    ^^
sqlite3.ProgrammingError: Error binding parameter 1: type 'Platform' is not supported
2026-08-18 02:03:35,635 [ERROR] xenia_manager: Failed to add game: XboxGame(game_id='4D530064', title='Hitman - Blood Money (USA, Europe).xiso', platform=<Platform.XBOX: 'Xbox'>, config_path=None, favourite=False, last_played=None, play_count=0, play_time=0, emulator='xemu', emulator_version='0.8.134', discs=[GameDisc(media_id='4D530064', file_path=WindowsPath('H:/roms/xbox'), disc_count=1, disc_type='DVD', disc_swap_required=False, disc_number=1, label=None)])
Error: Error binding parameter 1: type 'Platform' is not supported
Traceback (most recent call last):
  File "C:\PycharmProjects\xenia-game-manager\src\db.py", line 1049, in import_games_from_source
    self.add_game(game)
    ~~~~~~~~~~~~~^^^^^^
  File "C:\PycharmProjects\xenia-game-manager\src\db.py", line 1081, in add_game
    con.execute("""
    ~~~~~~~~~~~^^^^
        INSERT INTO games (
        ^^^^^^^^^^^^^^^^^^^
    ...<14 lines>...
        str(game.config_path) if game.config_path else None,
        ^^^^^^^^^^^^^^^^^^^^^^^^^^^^^^^^^^^^^^^^^^^^^^^^^^^^
    ))
    ^^
sqlite3.ProgrammingError: Error binding parameter 1: type 'Platform' is not supported
2026-08-18 02:03:35,637 [ERROR] xenia_manager: Failed to add game: XboxGame(game_id='4D530064', title='Midnight Club 3 - DUB Edition Remix (Europe) (En,Fr,De,Es,It).xiso', platform=<Platform.XBOX: 'Xbox'>, config_path=None, favourite=False, last_played=None, play_count=0, play_time=0, emulator='xemu', emulator_version='0.8.134', discs=[GameDisc(media_id='4D530064', file_path=WindowsPath('H:/roms/xbox'), disc_count=1, disc_type='DVD', disc_swap_required=False, disc_number=1, label=None)])
Error: Error binding parameter 1: type 'Platform' is not supported
Traceback (most recent call last):
  File "C:\PycharmProjects\xenia-game-manager\src\db.py", line 1049, in import_games_from_source
    self.add_game(game)
    ~~~~~~~~~~~~~^^^^^^
  File "C:\PycharmProjects\xenia-game-manager\src\db.py", line 1081, in add_game
    con.execute("""
    ~~~~~~~~~~~^^^^
        INSERT INTO games (
        ^^^^^^^^^^^^^^^^^^^
    ...<14 lines>...
        str(game.config_path) if game.config_path else None,
        ^^^^^^^^^^^^^^^^^^^^^^^^^^^^^^^^^^^^^^^^^^^^^^^^^^^^
    ))
    ^^
sqlite3.ProgrammingError: Error binding parameter 1: type 'Platform' is not supported
2026-08-18 02:03:35,638 [ERROR] xenia_manager: Failed to add game: XboxGame(game_id='4D570020', title='Midway Arcade Treasures 2', platform=<Platform.XBOX: 'Xbox'>, config_path=None, favourite=False, last_played=None, play_count=0, play_time=0, emulator='xemu', emulator_version='0.8.118', discs=[GameDisc(media_id='4D570020', file_path=WindowsPath('H:/roms/xbox'), disc_count=1, disc_type='DVD', disc_swap_required=False, disc_number=1, label=None)])
Error: Error binding parameter 1: type 'Platform' is not supported
Traceback (most recent call last):
  File "C:\PycharmProjects\xenia-game-manager\src\db.py", line 1049, in import_games_from_source
    self.add_game(game)
    ~~~~~~~~~~~~~^^^^^^
  File "C:\PycharmProjects\xenia-game-manager\src\db.py", line 1081, in add_game
    con.execute("""
    ~~~~~~~~~~~^^^^
        INSERT INTO games (
        ^^^^^^^^^^^^^^^^^^^
    ...<14 lines>...
        str(game.config_path) if game.config_path else None,
        ^^^^^^^^^^^^^^^^^^^^^^^^^^^^^^^^^^^^^^^^^^^^^^^^^^^^
    ))
    ^^
sqlite3.ProgrammingError: Error binding parameter 1: type 'Platform' is not supported
2026-08-18 02:03:35,639 [ERROR] xenia_manager: Failed to add game: XboxGame(game_id='4D57002D', title='Midway Arcade Treasures 3', platform=<Platform.XBOX: 'Xbox'>, config_path=None, favourite=False, last_played=None, play_count=0, play_time=0, emulator='xemu', emulator_version='0.7.21', discs=[GameDisc(media_id='4D57002D', file_path=WindowsPath('H:/roms/xbox'), disc_count=1, disc_type='DVD', disc_swap_required=False, disc_number=1, label=None)])
Error: Error binding parameter 1: type 'Platform' is not supported
Traceback (most recent call last):
  File "C:\PycharmProjects\xenia-game-manager\src\db.py", line 1049, in import_games_from_source
    self.add_game(game)
    ~~~~~~~~~~~~~^^^^^^
  File "C:\PycharmProjects\xenia-game-manager\src\db.py", line 1081, in add_game
    con.execute("""
    ~~~~~~~~~~~^^^^
        INSERT INTO games (
        ^^^^^^^^^^^^^^^^^^^
    ...<14 lines>...
        str(game.config_path) if game.config_path else None,
        ^^^^^^^^^^^^^^^^^^^^^^^^^^^^^^^^^^^^^^^^^^^^^^^^^^^^
    ))
    ^^
sqlite3.ProgrammingError: Error binding parameter 1: type 'Platform' is not supported
2026-08-18 02:03:35,641 [ERROR] xenia_manager: Failed to add game: XboxGame(game_id='4D57002D', title='Minority Report - Everybody Runs (USA).xiso', platform=<Platform.XBOX: 'Xbox'>, config_path=None, favourite=False, last_played=None, play_count=0, play_time=0, emulator='xemu', emulator_version='0.7.21', discs=[GameDisc(media_id='4D57002D', file_path=WindowsPath('H:/roms/xbox'), disc_count=1, disc_type='DVD', disc_swap_required=False, disc_number=1, label=None)])
Error: Error binding parameter 1: type 'Platform' is not supported
Traceback (most recent call last):
  File "C:\PycharmProjects\xenia-game-manager\src\db.py", line 1049, in import_games_from_source
    self.add_game(game)
    ~~~~~~~~~~~~~^^^^^^
  File "C:\PycharmProjects\xenia-game-manager\src\db.py", line 1081, in add_game
    con.execute("""
    ~~~~~~~~~~~^^^^
        INSERT INTO games (
        ^^^^^^^^^^^^^^^^^^^
    ...<14 lines>...
        str(game.config_path) if game.config_path else None,
        ^^^^^^^^^^^^^^^^^^^^^^^^^^^^^^^^^^^^^^^^^^^^^^^^^^^^
    ))
    ^^
sqlite3.ProgrammingError: Error binding parameter 1: type 'Platform' is not supported
2026-08-18 02:03:35,642 [ERROR] xenia_manager: Failed to add game: XboxGame(game_id='4E4D0016', title='Namco Museum 50th Anniversary', platform=<Platform.XBOX: 'Xbox'>, config_path=None, favourite=False, last_played=None, play_count=0, play_time=0, emulator='xemu', emulator_version='0.8.118', discs=[GameDisc(media_id='4E4D0016', file_path=WindowsPath('H:/roms/xbox'), disc_count=1, disc_type='DVD', disc_swap_required=False, disc_number=1, label=None)])
Error: Error binding parameter 1: type 'Platform' is not supported
Traceback (most recent call last):
  File "C:\PycharmProjects\xenia-game-manager\src\db.py", line 1049, in import_games_from_source
    self.add_game(game)
    ~~~~~~~~~~~~~^^^^^^
  File "C:\PycharmProjects\xenia-game-manager\src\db.py", line 1081, in add_game
    con.execute("""
    ~~~~~~~~~~~^^^^
        INSERT INTO games (
        ^^^^^^^^^^^^^^^^^^^
    ...<14 lines>...
        str(game.config_path) if game.config_path else None,
        ^^^^^^^^^^^^^^^^^^^^^^^^^^^^^^^^^^^^^^^^^^^^^^^^^^^^
    ))
    ^^
sqlite3.ProgrammingError: Error binding parameter 1: type 'Platform' is not supported
2026-08-18 02:03:35,644 [ERROR] xenia_manager: Failed to add game: XboxGame(game_id='53450036', title='OutRun 2', platform=<Platform.XBOX: 'Xbox'>, config_path=None, favourite=False, last_played=None, play_count=0, play_time=0, emulator='xemu', emulator_version='0.8.133', discs=[GameDisc(media_id='53450036', file_path=WindowsPath('H:/roms/xbox'), disc_count=1, disc_type='DVD', disc_swap_required=False, disc_number=1, label=None)])
Error: Error binding parameter 1: type 'Platform' is not supported
Traceback (most recent call last):
  File "C:\PycharmProjects\xenia-game-manager\src\db.py", line 1049, in import_games_from_source
    self.add_game(game)
    ~~~~~~~~~~~~~^^^^^^
  File "C:\PycharmProjects\xenia-game-manager\src\db.py", line 1081, in add_game
    con.execute("""
    ~~~~~~~~~~~^^^^
        INSERT INTO games (
        ^^^^^^^^^^^^^^^^^^^
    ...<14 lines>...
        str(game.config_path) if game.config_path else None,
        ^^^^^^^^^^^^^^^^^^^^^^^^^^^^^^^^^^^^^^^^^^^^^^^^^^^^
    ))
    ^^
sqlite3.ProgrammingError: Error binding parameter 1: type 'Platform' is not supported
2026-08-18 02:03:35,646 [ERROR] xenia_manager: Failed to add game: XboxGame(game_id='53450036', title="Peter Jackson's King Kong - The Official Game of the Movie (USA, Europe) (En,Fr,De,Es,It,Nl,Sv,No,Da,Fi).xiso", platform=<Platform.XBOX: 'Xbox'>, config_path=None, favourite=False, last_played=None, play_count=0, play_time=0, emulator='xemu', emulator_version='0.8.133', discs=[GameDisc(media_id='53450036', file_path=WindowsPath('H:/roms/xbox'), disc_count=1, disc_type='DVD', disc_swap_required=False, disc_number=1, label=None)])
Error: Error binding parameter 1: type 'Platform' is not supported
Traceback (most recent call last):
  File "C:\PycharmProjects\xenia-game-manager\src\db.py", line 1049, in import_games_from_source
    self.add_game(game)
    ~~~~~~~~~~~~~^^^^^^
  File "C:\PycharmProjects\xenia-game-manager\src\db.py", line 1081, in add_game
    con.execute("""
    ~~~~~~~~~~~^^^^
        INSERT INTO games (
        ^^^^^^^^^^^^^^^^^^^
    ...<14 lines>...
        str(game.config_path) if game.config_path else None,
        ^^^^^^^^^^^^^^^^^^^^^^^^^^^^^^^^^^^^^^^^^^^^^^^^^^^^
    ))
    ^^
sqlite3.ProgrammingError: Error binding parameter 1: type 'Platform' is not supported
2026-08-18 02:03:35,647 [ERROR] xenia_manager: Failed to add game: XboxGame(game_id='4D53004A', title='Phantasy Star Online Episode I & II', platform=<Platform.XBOX: 'Xbox'>, config_path=None, favourite=False, last_played=None, play_count=0, play_time=0, emulator='xemu', emulator_version='0.8.96', discs=[GameDisc(media_id='4D53004A', file_path=WindowsPath('H:/roms/xbox'), disc_count=1, disc_type='DVD', disc_swap_required=False, disc_number=1, label=None)])
Error: Error binding parameter 1: type 'Platform' is not supported
Traceback (most recent call last):
  File "C:\PycharmProjects\xenia-game-manager\src\db.py", line 1049, in import_games_from_source
    self.add_game(game)
    ~~~~~~~~~~~~~^^^^^^
  File "C:\PycharmProjects\xenia-game-manager\src\db.py", line 1081, in add_game
    con.execute("""
    ~~~~~~~~~~~^^^^
        INSERT INTO games (
        ^^^^^^^^^^^^^^^^^^^
    ...<14 lines>...
        str(game.config_path) if game.config_path else None,
        ^^^^^^^^^^^^^^^^^^^^^^^^^^^^^^^^^^^^^^^^^^^^^^^^^^^^
    ))
    ^^
sqlite3.ProgrammingError: Error binding parameter 1: type 'Platform' is not supported
2026-08-18 02:03:35,649 [ERROR] xenia_manager: Failed to add game: XboxGame(game_id='4D53004A', title='Pirates - The Legend of Black Kat (USA).xiso', platform=<Platform.XBOX: 'Xbox'>, config_path=None, favourite=False, last_played=None, play_count=0, play_time=0, emulator='xemu', emulator_version='0.8.96', discs=[GameDisc(media_id='4D53004A', file_path=WindowsPath('H:/roms/xbox'), disc_count=1, disc_type='DVD', disc_swap_required=False, disc_number=1, label=None)])
Error: Error binding parameter 1: type 'Platform' is not supported
Traceback (most recent call last):
  File "C:\PycharmProjects\xenia-game-manager\src\db.py", line 1049, in import_games_from_source
    self.add_game(game)
    ~~~~~~~~~~~~~^^^^^^
  File "C:\PycharmProjects\xenia-game-manager\src\db.py", line 1081, in add_game
    con.execute("""
    ~~~~~~~~~~~^^^^
        INSERT INTO games (
        ^^^^^^^^^^^^^^^^^^^
    ...<14 lines>...
        str(game.config_path) if game.config_path else None,
        ^^^^^^^^^^^^^^^^^^^^^^^^^^^^^^^^^^^^^^^^^^^^^^^^^^^^
    ))
    ^^
sqlite3.ProgrammingError: Error binding parameter 1: type 'Platform' is not supported
2026-08-18 02:03:35,650 [ERROR] xenia_manager: Failed to add game: XboxGame(game_id='4D53004A', title='Playboy - The Mansion (Europe) (En,Fr,De,Es,It).xiso', platform=<Platform.XBOX: 'Xbox'>, config_path=None, favourite=False, last_played=None, play_count=0, play_time=0, emulator='xemu', emulator_version='0.8.96', discs=[GameDisc(media_id='4D53004A', file_path=WindowsPath('H:/roms/xbox'), disc_count=1, disc_type='DVD', disc_swap_required=False, disc_number=1, label=None)])
Error: Error binding parameter 1: type 'Platform' is not supported
Traceback (most recent call last):
  File "C:\PycharmProjects\xenia-game-manager\src\db.py", line 1049, in import_games_from_source
    self.add_game(game)
    ~~~~~~~~~~~~~^^^^^^
  File "C:\PycharmProjects\xenia-game-manager\src\db.py", line 1081, in add_game
    con.execute("""
    ~~~~~~~~~~~^^^^
        INSERT INTO games (
        ^^^^^^^^^^^^^^^^^^^
    ...<14 lines>...
        str(game.config_path) if game.config_path else None,
        ^^^^^^^^^^^^^^^^^^^^^^^^^^^^^^^^^^^^^^^^^^^^^^^^^^^^
    ))
    ^^
sqlite3.ProgrammingError: Error binding parameter 1: type 'Platform' is not supported
2026-08-18 02:03:35,651 [ERROR] xenia_manager: Failed to add game: XboxGame(game_id='4D53004B', title='Project Gotham Racing 2', platform=<Platform.XBOX: 'Xbox'>, config_path=None, favourite=False, last_played=None, play_count=0, play_time=0, emulator='xemu', emulator_version='0.8.130', discs=[GameDisc(media_id='4D53004B', file_path=WindowsPath('H:/roms/xbox'), disc_count=1, disc_type='DVD', disc_swap_required=False, disc_number=1, label=None)])
Error: Error binding parameter 1: type 'Platform' is not supported
Traceback (most recent call last):
  File "C:\PycharmProjects\xenia-game-manager\src\db.py", line 1049, in import_games_from_source
    self.add_game(game)
    ~~~~~~~~~~~~~^^^^^^
  File "C:\PycharmProjects\xenia-game-manager\src\db.py", line 1081, in add_game
    con.execute("""
    ~~~~~~~~~~~^^^^
        INSERT INTO games (
        ^^^^^^^^^^^^^^^^^^^
    ...<14 lines>...
        str(game.config_path) if game.config_path else None,
        ^^^^^^^^^^^^^^^^^^^^^^^^^^^^^^^^^^^^^^^^^^^^^^^^^^^^
    ))
    ^^
sqlite3.ProgrammingError: Error binding parameter 1: type 'Platform' is not supported
2026-08-18 02:03:35,652 [ERROR] xenia_manager: Failed to add game: XboxGame(game_id='4D53004B', title='Puyo Pop Fever (Europe) (En,Ja,Fr,De,Es,It).xiso', platform=<Platform.XBOX: 'Xbox'>, config_path=None, favourite=False, last_played=None, play_count=0, play_time=0, emulator='xemu', emulator_version='0.8.130', discs=[GameDisc(media_id='4D53004B', file_path=WindowsPath('H:/roms/xbox'), disc_count=1, disc_type='DVD', disc_swap_required=False, disc_number=1, label=None)])
Error: Error binding parameter 1: type 'Platform' is not supported
Traceback (most recent call last):
  File "C:\PycharmProjects\xenia-game-manager\src\db.py", line 1049, in import_games_from_source
    self.add_game(game)
    ~~~~~~~~~~~~~^^^^^^
  File "C:\PycharmProjects\xenia-game-manager\src\db.py", line 1081, in add_game
    con.execute("""
    ~~~~~~~~~~~^^^^
        INSERT INTO games (
        ^^^^^^^^^^^^^^^^^^^
    ...<14 lines>...
        str(game.config_path) if game.config_path else None,
        ^^^^^^^^^^^^^^^^^^^^^^^^^^^^^^^^^^^^^^^^^^^^^^^^^^^^
    ))
    ^^
sqlite3.ProgrammingError: Error binding parameter 1: type 'Platform' is not supported
2026-08-18 02:03:35,654 [ERROR] xenia_manager: Failed to add game: XboxGame(game_id='53430005', title='Richard Burns Rally', platform=<Platform.XBOX: 'Xbox'>, config_path=None, favourite=False, last_played=None, play_count=0, play_time=0, emulator='xemu', emulator_version='0.5.1-2-g72b511c091', discs=[GameDisc(media_id='53430005', file_path=WindowsPath('H:/roms/xbox'), disc_count=1, disc_type='DVD', disc_swap_required=False, disc_number=1, label=None)])
Error: Error binding parameter 1: type 'Platform' is not supported
Traceback (most recent call last):
  File "C:\PycharmProjects\xenia-game-manager\src\db.py", line 1049, in import_games_from_source
    self.add_game(game)
    ~~~~~~~~~~~~~^^^^^^
  File "C:\PycharmProjects\xenia-game-manager\src\db.py", line 1081, in add_game
    con.execute("""
    ~~~~~~~~~~~^^^^
        INSERT INTO games (
        ^^^^^^^^^^^^^^^^^^^
    ...<14 lines>...
        str(game.config_path) if game.config_path else None,
        ^^^^^^^^^^^^^^^^^^^^^^^^^^^^^^^^^^^^^^^^^^^^^^^^^^^^
    ))
    ^^
sqlite3.ProgrammingError: Error binding parameter 1: type 'Platform' is not supported
2026-08-18 02:03:35,655 [ERROR] xenia_manager: Failed to add game: XboxGame(game_id='45410021', title='Tiger Woods PGA Tour 2003', platform=<Platform.XBOX: 'Xbox'>, config_path=None, favourite=False, last_played=None, play_count=0, play_time=0, emulator='xemu', emulator_version='0.8.129', discs=[GameDisc(media_id='45410021', file_path=WindowsPath('H:/roms/xbox'), disc_count=1, disc_type='DVD', disc_swap_required=False, disc_number=1, label=None)])
Error: Error binding parameter 1: type 'Platform' is not supported
Traceback (most recent call last):
  File "C:\PycharmProjects\xenia-game-manager\src\db.py", line 1049, in import_games_from_source
    self.add_game(game)
    ~~~~~~~~~~~~~^^^^^^
  File "C:\PycharmProjects\xenia-game-manager\src\db.py", line 1081, in add_game
    con.execute("""
    ~~~~~~~~~~~^^^^
        INSERT INTO games (
        ^^^^^^^^^^^^^^^^^^^
    ...<14 lines>...
        str(game.config_path) if game.config_path else None,
        ^^^^^^^^^^^^^^^^^^^^^^^^^^^^^^^^^^^^^^^^^^^^^^^^^^^^
    ))
    ^^
sqlite3.ProgrammingError: Error binding parameter 1: type 'Platform' is not supported
2026-08-18 02:03:35,656 [ERROR] xenia_manager: Failed to add game: XboxGame(game_id='49470024', title='Unreal Championship', platform=<Platform.XBOX: 'Xbox'>, config_path=None, favourite=False, last_played=None, play_count=0, play_time=0, emulator='xemu', emulator_version='0.8.134', discs=[GameDisc(media_id='49470024', file_path=WindowsPath('H:/roms/xbox'), disc_count=1, disc_type='DVD', disc_swap_required=False, disc_number=1, label=None)])
Error: Error binding parameter 1: type 'Platform' is not supported
Traceback (most recent call last):
  File "C:\PycharmProjects\xenia-game-manager\src\db.py", line 1049, in import_games_from_source
    self.add_game(game)
    ~~~~~~~~~~~~~^^^^^^
  File "C:\PycharmProjects\xenia-game-manager\src\db.py", line 1081, in add_game
    con.execute("""
    ~~~~~~~~~~~^^^^
        INSERT INTO games (
        ^^^^^^^^^^^^^^^^^^^
    ...<14 lines>...
        str(game.config_path) if game.config_path else None,
        ^^^^^^^^^^^^^^^^^^^^^^^^^^^^^^^^^^^^^^^^^^^^^^^^^^^^
    ))
    ^^
sqlite3.ProgrammingError: Error binding parameter 1: type 'Platform' is not supported
2026-08-18 02:03:35,658 [ERROR] xenia_manager: Failed to add game: XboxGame(game_id='4D5300C8', title='Xbox Live Arcade', platform=<Platform.XBOX: 'Xbox'>, config_path=None, favourite=False, last_played=None, play_count=0, play_time=0, emulator='xemu', emulator_version='0.8.118', discs=[GameDisc(media_id='4D5300C8', file_path=WindowsPath('H:/roms/xbox'), disc_count=1, disc_type='DVD', disc_swap_required=False, disc_number=1, label=None)])
Error: Error binding parameter 1: type 'Platform' is not supported
Traceback (most recent call last):
  File "C:\PycharmProjects\xenia-game-manager\src\db.py", line 1049, in import_games_from_source
    self.add_game(game)
    ~~~~~~~~~~~~~^^^^^^
  File "C:\PycharmProjects\xenia-game-manager\src\db.py", line 1081, in add_game
    con.execute("""
    ~~~~~~~~~~~^^^^
        INSERT INTO games (
        ^^^^^^^^^^^^^^^^^^^
    ...<14 lines>...
        str(game.config_path) if game.config_path else None,
        ^^^^^^^^^^^^^^^^^^^^^^^^^^^^^^^^^^^^^^^^^^^^^^^^^^^^
    ))
    ^^
sqlite3.ProgrammingError: Error binding parameter 1: type 'Platform' is not supported
2026-08-18 02:03:35,659 [WARNING] xenia_manager: Failed to add 35 of 35 games
2026-08-18 02:03:53,485 [ERROR] xenia_manager: Failed to add game: Xbox360Game(game_id='394F07D1', title='Diablo III', platform=<Platform.XBOX360: 'Xbox360'>, config_path=None, favourite=False, last_played=None, play_count=0, play_time=0, emulator='xenia', emulator_version=None, discs=[GameDisc(media_id=None, file_path=WindowsPath('D:/roms/xbox360/Diablo III (Europe, Australia) (En,Fr).zar'), disc_count=1, disc_type='DVD', disc_swap_required=False, disc_number=1, label=None)])
Error: Error binding parameter 1: type 'Platform' is not supported
Traceback (most recent call last):
  File "C:\PycharmProjects\xenia-game-manager\src\db.py", line 1049, in import_games_from_source
    self.add_game(game)
    ~~~~~~~~~~~~~^^^^^^
  File "C:\PycharmProjects\xenia-game-manager\src\db.py", line 1081, in add_game
    con.execute("""
    ~~~~~~~~~~~^^^^
        INSERT INTO games (
        ^^^^^^^^^^^^^^^^^^^
    ...<14 lines>...
        str(game.config_path) if game.config_path else None,
        ^^^^^^^^^^^^^^^^^^^^^^^^^^^^^^^^^^^^^^^^^^^^^^^^^^^^
    ))
    ^^
sqlite3.ProgrammingError: Error binding parameter 1: type 'Platform' is not supported
2026-08-18 02:03:53,486 [ERROR] xenia_manager: Failed to add game: Xbox360Game(game_id='394F07D4', title='Diablo III', platform=<Platform.XBOX360: 'Xbox360'>, config_path=None, favourite=False, last_played=None, play_count=0, play_time=0, emulator='xenia', emulator_version=None, discs=[GameDisc(media_id=None, file_path=WindowsPath('H:/roms/xbox360/Diablo III - Reaper of Souls - Ultimate Evil Edition (USA).iso'), disc_count=1, disc_type='DVD', disc_swap_required=False, disc_number=1, label=None)])
Error: Error binding parameter 1: type 'Platform' is not supported
Traceback (most recent call last):
  File "C:\PycharmProjects\xenia-game-manager\src\db.py", line 1049, in import_games_from_source
    self.add_game(game)
    ~~~~~~~~~~~~~^^^^^^
  File "C:\PycharmProjects\xenia-game-manager\src\db.py", line 1081, in add_game
    con.execute("""
    ~~~~~~~~~~~^^^^
        INSERT INTO games (
        ^^^^^^^^^^^^^^^^^^^
    ...<14 lines>...
        str(game.config_path) if game.config_path else None,
        ^^^^^^^^^^^^^^^^^^^^^^^^^^^^^^^^^^^^^^^^^^^^^^^^^^^^
    ))
    ^^
sqlite3.ProgrammingError: Error binding parameter 1: type 'Platform' is not supported
2026-08-18 02:03:53,488 [ERROR] xenia_manager: Failed to add game: Xbox360Game(game_id='413307D6', title='Air Conflicts Pacific Carriers', platform=<Platform.XBOX360: 'Xbox360'>, config_path=None, favourite=False, last_played=None, play_count=0, play_time=0, emulator='xenia', emulator_version=None, discs=[GameDisc(media_id=None, file_path=WindowsPath('H:/roms/xbox360/Air Conflicts - Pacific Carriers (Europe).zar'), disc_count=1, disc_type='DVD', disc_swap_required=False, disc_number=1, label=None)])
Error: Error binding parameter 1: type 'Platform' is not supported
Traceback (most recent call last):
  File "C:\PycharmProjects\xenia-game-manager\src\db.py", line 1049, in import_games_from_source
    self.add_game(game)
    ~~~~~~~~~~~~~^^^^^^
  File "C:\PycharmProjects\xenia-game-manager\src\db.py", line 1081, in add_game
    con.execute("""
    ~~~~~~~~~~~^^^^
        INSERT INTO games (
        ^^^^^^^^^^^^^^^^^^^
    ...<14 lines>...
        str(game.config_path) if game.config_path else None,
        ^^^^^^^^^^^^^^^^^^^^^^^^^^^^^^^^^^^^^^^^^^^^^^^^^^^^
    ))
    ^^
sqlite3.ProgrammingError: Error binding parameter 1: type 'Platform' is not supported
2026-08-18 02:03:53,489 [ERROR] xenia_manager: Failed to add game: Xbox360Game(game_id='413307D9', title='Blivajz3DX360.exe', platform=<Platform.XBOX360: 'Xbox360'>, config_path=None, favourite=False, last_played=None, play_count=0, play_time=0, emulator='xenia', emulator_version=None, discs=[GameDisc(media_id=None, file_path=WindowsPath('H:/roms/xbox360/Air Conflicts - Vietnam (USA, Europe).iso'), disc_count=1, disc_type='DVD', disc_swap_required=False, disc_number=1, label=None)])
Error: Error binding parameter 1: type 'Platform' is not supported
Traceback (most recent call last):
  File "C:\PycharmProjects\xenia-game-manager\src\db.py", line 1049, in import_games_from_source
    self.add_game(game)
    ~~~~~~~~~~~~~^^^^^^
  File "C:\PycharmProjects\xenia-game-manager\src\db.py", line 1081, in add_game
    con.execute("""
    ~~~~~~~~~~~^^^^
        INSERT INTO games (
        ^^^^^^^^^^^^^^^^^^^
    ...<14 lines>...
        str(game.config_path) if game.config_path else None,
        ^^^^^^^^^^^^^^^^^^^^^^^^^^^^^^^^^^^^^^^^^^^^^^^^^^^^
    ))
    ^^
sqlite3.ProgrammingError: Error binding parameter 1: type 'Platform' is not supported
2026-08-18 02:03:53,490 [ERROR] xenia_manager: Failed to add game: Xbox360Game(game_id='414B07D1', title='A-Train HX', platform=<Platform.XBOX360: 'Xbox360'>, config_path=None, favourite=False, last_played=None, play_count=0, play_time=0, emulator='xenia', emulator_version=None, discs=[GameDisc(media_id=None, file_path=WindowsPath('H:/roms/xbox360/A-Train HX (Europe) (En,Fr,De,Es,It).iso'), disc_count=1, disc_type='DVD', disc_swap_required=False, disc_number=1, label=None)])
Error: Error binding parameter 1: type 'Platform' is not supported
Traceback (most recent call last):
  File "C:\PycharmProjects\xenia-game-manager\src\db.py", line 1049, in import_games_from_source
    self.add_game(game)
    ~~~~~~~~~~~~~^^^^^^
  File "C:\PycharmProjects\xenia-game-manager\src\db.py", line 1081, in add_game
    con.execute("""
    ~~~~~~~~~~~^^^^
        INSERT INTO games (
        ^^^^^^^^^^^^^^^^^^^
    ...<14 lines>...
        str(game.config_path) if game.config_path else None,
        ^^^^^^^^^^^^^^^^^^^^^^^^^^^^^^^^^^^^^^^^^^^^^^^^^^^^
    ))
    ^^
sqlite3.ProgrammingError: Error binding parameter 1: type 'Platform' is not supported
2026-08-18 02:03:53,492 [ERROR] xenia_manager: Failed to add game: Xbox360Game(game_id='415407E2', title='Persona 4 Arena Ultimax', platform=<Platform.XBOX360: 'Xbox360'>, config_path=None, favourite=False, last_played=None, play_count=0, play_time=0, emulator='xenia', emulator_version=None, discs=[GameDisc(media_id=None, file_path=WindowsPath('D:/roms/xbox360/Persona 4 Arena Ultimax (Europe).iso'), disc_count=1, disc_type='DVD', disc_swap_required=False, disc_number=1, label=None)])
Error: Error binding parameter 1: type 'Platform' is not supported
Traceback (most recent call last):
  File "C:\PycharmProjects\xenia-game-manager\src\db.py", line 1049, in import_games_from_source
    self.add_game(game)
    ~~~~~~~~~~~~~^^^^^^
  File "C:\PycharmProjects\xenia-game-manager\src\db.py", line 1081, in add_game
    con.execute("""
    ~~~~~~~~~~~^^^^
        INSERT INTO games (
        ^^^^^^^^^^^^^^^^^^^
    ...<14 lines>...
        str(game.config_path) if game.config_path else None,
        ^^^^^^^^^^^^^^^^^^^^^^^^^^^^^^^^^^^^^^^^^^^^^^^^^^^^
    ))
    ^^
sqlite3.ProgrammingError: Error binding parameter 1: type 'Platform' is not supported
2026-08-18 02:03:53,493 [ERROR] xenia_manager: Failed to add game: Xbox360Game(game_id='415607D2', title='QUAKE 4', platform=<Platform.XBOX360: 'Xbox360'>, config_path=None, favourite=False, last_played=None, play_count=0, play_time=0, emulator='xenia', emulator_version=None, discs=[GameDisc(media_id=None, file_path=WindowsPath('D:/roms/xbox360/Quake 4.zar'), disc_count=1, disc_type='DVD', disc_swap_required=False, disc_number=1, label=None)])
Error: Error binding parameter 1: type 'Platform' is not supported
Traceback (most recent call last):
  File "C:\PycharmProjects\xenia-game-manager\src\db.py", line 1049, in import_games_from_source
    self.add_game(game)
    ~~~~~~~~~~~~~^^^^^^
  File "C:\PycharmProjects\xenia-game-manager\src\db.py", line 1081, in add_game
    con.execute("""
    ~~~~~~~~~~~^^^^
        INSERT INTO games (
        ^^^^^^^^^^^^^^^^^^^
    ...<14 lines>...
        str(game.config_path) if game.config_path else None,
        ^^^^^^^^^^^^^^^^^^^^^^^^^^^^^^^^^^^^^^^^^^^^^^^^^^^^
    ))
    ^^
sqlite3.ProgrammingError: Error binding parameter 1: type 'Platform' is not supported
2026-08-18 02:03:53,494 [ERROR] xenia_manager: Failed to add game: Xbox360Game(game_id='415607D3', title='Gun', platform=<Platform.XBOX360: 'Xbox360'>, config_path=None, favourite=False, last_played=None, play_count=0, play_time=0, emulator='xenia', emulator_version=None, discs=[GameDisc(media_id=None, file_path=WindowsPath('D:/roms/xbox360/Gun (USA) (En,Fr,Es,It).iso'), disc_count=1, disc_type='DVD', disc_swap_required=False, disc_number=1, label=None)])
Error: Error binding parameter 1: type 'Platform' is not supported
Traceback (most recent call last):
  File "C:\PycharmProjects\xenia-game-manager\src\db.py", line 1049, in import_games_from_source
    self.add_game(game)
    ~~~~~~~~~~~~~^^^^^^
  File "C:\PycharmProjects\xenia-game-manager\src\db.py", line 1081, in add_game
    con.execute("""
    ~~~~~~~~~~~^^^^
        INSERT INTO games (
        ^^^^^^^^^^^^^^^^^^^
    ...<14 lines>...
        str(game.config_path) if game.config_path else None,
        ^^^^^^^^^^^^^^^^^^^^^^^^^^^^^^^^^^^^^^^^^^^^^^^^^^^^
    ))
    ^^
sqlite3.ProgrammingError: Error binding parameter 1: type 'Platform' is not supported
2026-08-18 02:03:53,496 [ERROR] xenia_manager: Failed to add game: Xbox360Game(game_id='415607E6', title='Call of Duty 4 Modern Warfare', platform=<Platform.XBOX360: 'Xbox360'>, config_path=None, favourite=False, last_played=None, play_count=0, play_time=0, emulator='xenia', emulator_version=None, discs=[GameDisc(media_id=None, file_path=WindowsPath('H:/roms/xbox360/Call of Duty 4 - Modern Warfare (USA, Europe).iso'), disc_count=1, disc_type='DVD', disc_swap_required=False, disc_number=1, label=None)])
Error: Error binding parameter 1: type 'Platform' is not supported
Traceback (most recent call last):
  File "C:\PycharmProjects\xenia-game-manager\src\db.py", line 1049, in import_games_from_source
    self.add_game(game)
    ~~~~~~~~~~~~~^^^^^^
  File "C:\PycharmProjects\xenia-game-manager\src\db.py", line 1081, in add_game
    con.execute("""
    ~~~~~~~~~~~^^^^
        INSERT INTO games (
        ^^^^^^^^^^^^^^^^^^^
    ...<14 lines>...
        str(game.config_path) if game.config_path else None,
        ^^^^^^^^^^^^^^^^^^^^^^^^^^^^^^^^^^^^^^^^^^^^^^^^^^^^
    ))
    ^^
sqlite3.ProgrammingError: Error binding parameter 1: type 'Platform' is not supported
2026-08-18 02:03:53,497 [ERROR] xenia_manager: Failed to add game: Xbox360Game(game_id='415607FF', title='Quantum of Solace', platform=<Platform.XBOX360: 'Xbox360'>, config_path=None, favourite=False, last_played=None, play_count=0, play_time=0, emulator='xenia', emulator_version=None, discs=[GameDisc(media_id=None, file_path=WindowsPath('D:/roms/xbox360/007 - Quantum of Solace (USA, Europe) (En,Fr).zar'), disc_count=1, disc_type='DVD', disc_swap_required=False, disc_number=1, label=None)])
Error: Error binding parameter 1: type 'Platform' is not supported
Traceback (most recent call last):
  File "C:\PycharmProjects\xenia-game-manager\src\db.py", line 1049, in import_games_from_source
    self.add_game(game)
    ~~~~~~~~~~~~~^^^^^^
  File "C:\PycharmProjects\xenia-game-manager\src\db.py", line 1081, in add_game
    con.execute("""
    ~~~~~~~~~~~^^^^
        INSERT INTO games (
        ^^^^^^^^^^^^^^^^^^^
    ...<14 lines>...
        str(game.config_path) if game.config_path else None,
        ^^^^^^^^^^^^^^^^^^^^^^^^^^^^^^^^^^^^^^^^^^^^^^^^^^^^
    ))
    ^^
sqlite3.ProgrammingError: Error binding parameter 1: type 'Platform' is not supported
2026-08-18 02:03:53,498 [ERROR] xenia_manager: Failed to add game: Xbox360Game(game_id='4156081F', title='James Bond 007: Blood Stone', platform=<Platform.XBOX360: 'Xbox360'>, config_path=None, favourite=False, last_played=None, play_count=0, play_time=0, emulator='xenia', emulator_version=None, discs=[GameDisc(media_id=None, file_path=WindowsPath('D:/roms/xbox360/007 - Blood Stone (USA, Europe) (En,Fr,De).zar'), disc_count=1, disc_type='DVD', disc_swap_required=False, disc_number=1, label=None)])
Error: Error binding parameter 1: type 'Platform' is not supported
Traceback (most recent call last):
  File "C:\PycharmProjects\xenia-game-manager\src\db.py", line 1049, in import_games_from_source
    self.add_game(game)
    ~~~~~~~~~~~~~^^^^^^
  File "C:\PycharmProjects\xenia-game-manager\src\db.py", line 1081, in add_game
    con.execute("""
    ~~~~~~~~~~~^^^^
        INSERT INTO games (
        ^^^^^^^^^^^^^^^^^^^
    ...<14 lines>...
        str(game.config_path) if game.config_path else None,
        ^^^^^^^^^^^^^^^^^^^^^^^^^^^^^^^^^^^^^^^^^^^^^^^^^^^^
    ))
    ^^
sqlite3.ProgrammingError: Error binding parameter 1: type 'Platform' is not supported
2026-08-18 02:03:53,499 [ERROR] xenia_manager: Failed to add game: Xbox360Game(game_id='41560845', title='Blur', platform=<Platform.XBOX360: 'Xbox360'>, config_path=None, favourite=False, last_played=None, play_count=0, play_time=0, emulator='xenia', emulator_version=None, discs=[GameDisc(media_id=None, file_path=WindowsPath('D:/roms/xbox360/Blur (USA, Europe) (En,Fr,De,Es,It).zar'), disc_count=1, disc_type='DVD', disc_swap_required=False, disc_number=1, label=None)])
Error: Error binding parameter 1: type 'Platform' is not supported
Traceback (most recent call last):
  File "C:\PycharmProjects\xenia-game-manager\src\db.py", line 1049, in import_games_from_source
    self.add_game(game)
    ~~~~~~~~~~~~~^^^^^^
  File "C:\PycharmProjects\xenia-game-manager\src\db.py", line 1081, in add_game
    con.execute("""
    ~~~~~~~~~~~^^^^
        INSERT INTO games (
        ^^^^^^^^^^^^^^^^^^^
    ...<14 lines>...
        str(game.config_path) if game.config_path else None,
        ^^^^^^^^^^^^^^^^^^^^^^^^^^^^^^^^^^^^^^^^^^^^^^^^^^^^
    ))
    ^^
sqlite3.ProgrammingError: Error binding parameter 1: type 'Platform' is not supported
2026-08-18 02:03:53,501 [ERROR] xenia_manager: Failed to add game: Xbox360Game(game_id='4156084E', title='PROTOTYPE', platform=<Platform.XBOX360: 'Xbox360'>, config_path=None, favourite=False, last_played=None, play_count=0, play_time=0, emulator='xenia', emulator_version=None, discs=[GameDisc(media_id=None, file_path=WindowsPath('D:/roms/xbox360/Prototype (World) (En,Fr,Es,It).zar'), disc_count=1, disc_type='DVD', disc_swap_required=False, disc_number=1, label=None)])
Error: Error binding parameter 1: type 'Platform' is not supported
Traceback (most recent call last):
  File "C:\PycharmProjects\xenia-game-manager\src\db.py", line 1049, in import_games_from_source
    self.add_game(game)
    ~~~~~~~~~~~~~^^^^^^
  File "C:\PycharmProjects\xenia-game-manager\src\db.py", line 1081, in add_game
    con.execute("""
    ~~~~~~~~~~~^^^^
        INSERT INTO games (
        ^^^^^^^^^^^^^^^^^^^
    ...<14 lines>...
        str(game.config_path) if game.config_path else None,
        ^^^^^^^^^^^^^^^^^^^^^^^^^^^^^^^^^^^^^^^^^^^^^^^^^^^^
    ))
    ^^
sqlite3.ProgrammingError: Error binding parameter 1: type 'Platform' is not supported
2026-08-18 02:03:53,502 [ERROR] xenia_manager: Failed to add game: Xbox360Game(game_id='41560881', title='Spider-Man: Shattered Dimensions', platform=<Platform.XBOX360: 'Xbox360'>, config_path=None, favourite=False, last_played=None, play_count=0, play_time=0, emulator='xenia', emulator_version=None, discs=[GameDisc(media_id=None, file_path=WindowsPath('D:/roms/xbox360/Spider-Man - Shattered Dimensions (USA) (En,Fr,De,Es,It).zar'), disc_count=1, disc_type='DVD', disc_swap_required=False, disc_number=1, label=None)])
Error: Error binding parameter 1: type 'Platform' is not supported
Traceback (most recent call last):
  File "C:\PycharmProjects\xenia-game-manager\src\db.py", line 1049, in import_games_from_source
    self.add_game(game)
    ~~~~~~~~~~~~~^^^^^^
  File "C:\PycharmProjects\xenia-game-manager\src\db.py", line 1081, in add_game
    con.execute("""
    ~~~~~~~~~~~^^^^
        INSERT INTO games (
        ^^^^^^^^^^^^^^^^^^^
    ...<14 lines>...
        str(game.config_path) if game.config_path else None,
        ^^^^^^^^^^^^^^^^^^^^^^^^^^^^^^^^^^^^^^^^^^^^^^^^^^^^
    ))
    ^^
sqlite3.ProgrammingError: Error binding parameter 1: type 'Platform' is not supported
2026-08-18 02:03:53,503 [ERROR] xenia_manager: Failed to add game: Xbox360Game(game_id='4156088B', title='Apache Air Assault', platform=<Platform.XBOX360: 'Xbox360'>, config_path=None, favourite=False, last_played=None, play_count=0, play_time=0, emulator='xenia', emulator_version=None, discs=[GameDisc(media_id=None, file_path=WindowsPath('H:/roms/xbox360/Apache - Air Assault (USA, Europe) (En,Fr,De,Es).iso'), disc_count=1, disc_type='DVD', disc_swap_required=False, disc_number=1, label=None)])
Error: Error binding parameter 1: type 'Platform' is not supported
Traceback (most recent call last):
  File "C:\PycharmProjects\xenia-game-manager\src\db.py", line 1049, in import_games_from_source
    self.add_game(game)
    ~~~~~~~~~~~~~^^^^^^
  File "C:\PycharmProjects\xenia-game-manager\src\db.py", line 1081, in add_game
    con.execute("""
    ~~~~~~~~~~~^^^^
        INSERT INTO games (
        ^^^^^^^^^^^^^^^^^^^
    ...<14 lines>...
        str(game.config_path) if game.config_path else None,
        ^^^^^^^^^^^^^^^^^^^^^^^^^^^^^^^^^^^^^^^^^^^^^^^^^^^^
    ))
    ^^
sqlite3.ProgrammingError: Error binding parameter 1: type 'Platform' is not supported
2026-08-18 02:03:53,505 [ERROR] xenia_manager: Failed to add game: Xbox360Game(game_id='415608AF', title='GoldenEye 007 Reloaded', platform=<Platform.XBOX360: 'Xbox360'>, config_path=None, favourite=False, last_played=None, play_count=0, play_time=0, emulator='xenia', emulator_version=None, discs=[GameDisc(media_id=None, file_path=WindowsPath('H:/roms/xbox360/GoldenEye 007 - Reloaded (USA, Europe) (En,Fr,De,Es,It).iso'), disc_count=1, disc_type='DVD', disc_swap_required=False, disc_number=1, label=None)])
Error: Error binding parameter 1: type 'Platform' is not supported
Traceback (most recent call last):
  File "C:\PycharmProjects\xenia-game-manager\src\db.py", line 1049, in import_games_from_source
    self.add_game(game)
    ~~~~~~~~~~~~~^^^^^^
  File "C:\PycharmProjects\xenia-game-manager\src\db.py", line 1081, in add_game
    con.execute("""
    ~~~~~~~~~~~^^^^
        INSERT INTO games (
        ^^^^^^^^^^^^^^^^^^^
    ...<14 lines>...
        str(game.config_path) if game.config_path else None,
        ^^^^^^^^^^^^^^^^^^^^^^^^^^^^^^^^^^^^^^^^^^^^^^^^^^^^
    ))
    ^^
sqlite3.ProgrammingError: Error binding parameter 1: type 'Platform' is not supported
2026-08-18 02:03:53,506 [ERROR] xenia_manager: Failed to add game: Xbox360Game(game_id='415608D3', title='Men in Black Alien Crisis', platform=<Platform.XBOX360: 'Xbox360'>, config_path=None, favourite=False, last_played=None, play_count=0, play_time=0, emulator='xenia', emulator_version=None, discs=[GameDisc(media_id=None, file_path=WindowsPath('H:/roms/xbox360/MIB - Alien Crisis (USA, Europe) (En,Fr,De,Es,It).iso'), disc_count=1, disc_type='DVD', disc_swap_required=False, disc_number=1, label=None)])
Error: Error binding parameter 1: type 'Platform' is not supported
Traceback (most recent call last):
  File "C:\PycharmProjects\xenia-game-manager\src\db.py", line 1049, in import_games_from_source
    self.add_game(game)
    ~~~~~~~~~~~~~^^^^^^
  File "C:\PycharmProjects\xenia-game-manager\src\db.py", line 1081, in add_game
    con.execute("""
    ~~~~~~~~~~~^^^^
        INSERT INTO games (
        ^^^^^^^^^^^^^^^^^^^
    ...<14 lines>...
        str(game.config_path) if game.config_path else None,
        ^^^^^^^^^^^^^^^^^^^^^^^^^^^^^^^^^^^^^^^^^^^^^^^^^^^^
    ))
    ^^
sqlite3.ProgrammingError: Error binding parameter 1: type 'Platform' is not supported
2026-08-18 02:03:53,507 [ERROR] xenia_manager: Failed to add game: Xbox360Game(game_id='415608D8', title='007 Legends', platform=<Platform.XBOX360: 'Xbox360'>, config_path=None, favourite=False, last_played=None, play_count=0, play_time=0, emulator='xenia', emulator_version=None, discs=[GameDisc(media_id=None, file_path=WindowsPath('D:/roms/xbox360/007 Legends [RF].zar'), disc_count=1, disc_type='DVD', disc_swap_required=False, disc_number=1, label=None)])
Error: Error binding parameter 1: type 'Platform' is not supported
Traceback (most recent call last):
  File "C:\PycharmProjects\xenia-game-manager\src\db.py", line 1049, in import_games_from_source
    self.add_game(game)
    ~~~~~~~~~~~~~^^^^^^
  File "C:\PycharmProjects\xenia-game-manager\src\db.py", line 1081, in add_game
    con.execute("""
    ~~~~~~~~~~~^^^^
        INSERT INTO games (
        ^^^^^^^^^^^^^^^^^^^
    ...<14 lines>...
        str(game.config_path) if game.config_path else None,
        ^^^^^^^^^^^^^^^^^^^^^^^^^^^^^^^^^^^^^^^^^^^^^^^^^^^^
    ))
    ^^
sqlite3.ProgrammingError: Error binding parameter 1: type 'Platform' is not supported
2026-08-18 02:03:53,509 [ERROR] xenia_manager: Failed to add game: Xbox360Game(game_id='415608EC', title='Deadpool', platform=<Platform.XBOX360: 'Xbox360'>, config_path=None, favourite=False, last_played=None, play_count=0, play_time=0, emulator='xenia', emulator_version=None, discs=[GameDisc(media_id=None, file_path=WindowsPath('D:/roms/xbox360/Deadpool.zar'), disc_count=1, disc_type='DVD', disc_swap_required=False, disc_number=1, label=None)])
Error: Error binding parameter 1: type 'Platform' is not supported
Traceback (most recent call last):
  File "C:\PycharmProjects\xenia-game-manager\src\db.py", line 1049, in import_games_from_source
    self.add_game(game)
    ~~~~~~~~~~~~~^^^^^^
  File "C:\PycharmProjects\xenia-game-manager\src\db.py", line 1081, in add_game
    con.execute("""
    ~~~~~~~~~~~^^^^
        INSERT INTO games (
        ^^^^^^^^^^^^^^^^^^^
    ...<14 lines>...
        str(game.config_path) if game.config_path else None,
        ^^^^^^^^^^^^^^^^^^^^^^^^^^^^^^^^^^^^^^^^^^^^^^^^^^^^
    ))
    ^^
sqlite3.ProgrammingError: Error binding parameter 1: type 'Platform' is not supported
2026-08-18 02:03:53,510 [ERROR] xenia_manager: Failed to add game: Xbox360Game(game_id='415608ED', title='Fast  Furious Showdown', platform=<Platform.XBOX360: 'Xbox360'>, config_path=None, favourite=False, last_played=None, play_count=0, play_time=0, emulator='xenia', emulator_version=None, discs=[GameDisc(media_id=None, file_path=WindowsPath('H:/roms/xbox360/Fast & Furious - Showdown (USA, Europe).iso'), disc_count=1, disc_type='DVD', disc_swap_required=False, disc_number=1, label=None)])
Error: Error binding parameter 1: type 'Platform' is not supported
Traceback (most recent call last):
  File "C:\PycharmProjects\xenia-game-manager\src\db.py", line 1049, in import_games_from_source
    self.add_game(game)
    ~~~~~~~~~~~~~^^^^^^
  File "C:\PycharmProjects\xenia-game-manager\src\db.py", line 1081, in add_game
    con.execute("""
    ~~~~~~~~~~~^^^^
        INSERT INTO games (
        ^^^^^^^^^^^^^^^^^^^
    ...<14 lines>...
        str(game.config_path) if game.config_path else None,
        ^^^^^^^^^^^^^^^^^^^^^^^^^^^^^^^^^^^^^^^^^^^^^^^^^^^^
    ))
    ^^
sqlite3.ProgrammingError: Error binding parameter 1: type 'Platform' is not supported
2026-08-18 02:03:53,512 [ERROR] xenia_manager: Failed to add game: Xbox360Game(game_id='41560904', title='Transformers: Rise of the Dark Spark', platform=<Platform.XBOX360: 'Xbox360'>, config_path=None, favourite=False, last_played=None, play_count=0, play_time=0, emulator='xenia', emulator_version=None, discs=[GameDisc(media_id=None, file_path=WindowsPath('D:/roms/xbox360/Transformers - Rise of the Dark Spark (USA) (En,Fr,De,Es,It).iso'), disc_count=1, disc_type='DVD', disc_swap_required=False, disc_number=1, label=None)])
Error: Error binding parameter 1: type 'Platform' is not supported
Traceback (most recent call last):
  File "C:\PycharmProjects\xenia-game-manager\src\db.py", line 1049, in import_games_from_source
    self.add_game(game)
    ~~~~~~~~~~~~~^^^^^^
  File "C:\PycharmProjects\xenia-game-manager\src\db.py", line 1081, in add_game
    con.execute("""
    ~~~~~~~~~~~^^^^
        INSERT INTO games (
        ^^^^^^^^^^^^^^^^^^^
    ...<14 lines>...
        str(game.config_path) if game.config_path else None,
        ^^^^^^^^^^^^^^^^^^^^^^^^^^^^^^^^^^^^^^^^^^^^^^^^^^^^
    ))
    ^^
sqlite3.ProgrammingError: Error binding parameter 1: type 'Platform' is not supported
2026-08-18 02:03:53,513 [ERROR] xenia_manager: Failed to add game: Xbox360Game(game_id='41560926', title="King's Quest", platform=<Platform.XBOX360: 'Xbox360'>, config_path=None, favourite=False, last_played=None, play_count=0, play_time=0, emulator='xenia', emulator_version=None, discs=[GameDisc(media_id=None, file_path=WindowsPath('H:/roms/xbox360/Kings Quest The Complete Collection/Compatibility & TU7/41560926/00007000/9E5ED855D30A8B2A08E88C9623FCDD5E41'), disc_count=1, disc_type='DVD', disc_swap_required=False, disc_number=1, label=None)])
Error: Error binding parameter 1: type 'Platform' is not supported
Traceback (most recent call last):
  File "C:\PycharmProjects\xenia-game-manager\src\db.py", line 1049, in import_games_from_source
    self.add_game(game)
    ~~~~~~~~~~~~~^^^^^^
  File "C:\PycharmProjects\xenia-game-manager\src\db.py", line 1081, in add_game
    con.execute("""
    ~~~~~~~~~~~^^^^
        INSERT INTO games (
        ^^^^^^^^^^^^^^^^^^^
    ...<14 lines>...
        str(game.config_path) if game.config_path else None,
        ^^^^^^^^^^^^^^^^^^^^^^^^^^^^^^^^^^^^^^^^^^^^^^^^^^^^
    ))
    ^^
sqlite3.ProgrammingError: Error binding parameter 1: type 'Platform' is not supported
2026-08-18 02:03:53,515 [ERROR] xenia_manager: Failed to add game: Xbox360Game(game_id='415807D8', title='DEATHSMILES PAL', platform=<Platform.XBOX360: 'Xbox360'>, config_path=None, favourite=False, last_played=None, play_count=0, play_time=0, emulator='xenia', emulator_version=None, discs=[GameDisc(media_id=None, file_path=WindowsPath('D:/roms/xbox360/Deathsmiles (USA).iso'), disc_count=1, disc_type='DVD', disc_swap_required=False, disc_number=1, label=None)])
Error: Error binding parameter 1: type 'Platform' is not supported
Traceback (most recent call last):
  File "C:\PycharmProjects\xenia-game-manager\src\db.py", line 1049, in import_games_from_source
    self.add_game(game)
    ~~~~~~~~~~~~~^^^^^^
  File "C:\PycharmProjects\xenia-game-manager\src\db.py", line 1081, in add_game
    con.execute("""
    ~~~~~~~~~~~^^^^
        INSERT INTO games (
        ^^^^^^^^^^^^^^^^^^^
    ...<14 lines>...
        str(game.config_path) if game.config_path else None,
        ^^^^^^^^^^^^^^^^^^^^^^^^^^^^^^^^^^^^^^^^^^^^^^^^^^^^
    ))
    ^^
sqlite3.ProgrammingError: Error binding parameter 1: type 'Platform' is not supported
2026-08-18 02:03:53,516 [ERROR] xenia_manager: Failed to add game: Xbox360Game(game_id='425307D5', title='Fallout 3', platform=<Platform.XBOX360: 'Xbox360'>, config_path=None, favourite=False, last_played=None, play_count=0, play_time=0, emulator='xenia', emulator_version=None, discs=[GameDisc(media_id=None, file_path=WindowsPath('H:/roms/xbox360/Fallout 3 (USA).iso'), disc_count=1, disc_type='DVD', disc_swap_required=False, disc_number=1, label=None)])
Error: Error binding parameter 1: type 'Platform' is not supported
Traceback (most recent call last):
  File "C:\PycharmProjects\xenia-game-manager\src\db.py", line 1049, in import_games_from_source
    self.add_game(game)
    ~~~~~~~~~~~~~^^^^^^
  File "C:\PycharmProjects\xenia-game-manager\src\db.py", line 1081, in add_game
    con.execute("""
    ~~~~~~~~~~~^^^^
        INSERT INTO games (
        ^^^^^^^^^^^^^^^^^^^
    ...<14 lines>...
        str(game.config_path) if game.config_path else None,
        ^^^^^^^^^^^^^^^^^^^^^^^^^^^^^^^^^^^^^^^^^^^^^^^^^^^^
    ))
    ^^
sqlite3.ProgrammingError: Error binding parameter 1: type 'Platform' is not supported
2026-08-18 02:03:53,517 [ERROR] xenia_manager: Failed to add game: Xbox360Game(game_id='425307E0', title='Fallout New Vegas', platform=<Platform.XBOX360: 'Xbox360'>, config_path=None, favourite=False, last_played=None, play_count=0, play_time=0, emulator='xenia', emulator_version=None, discs=[GameDisc(media_id=None, file_path=WindowsPath('D:/roms/xbox360/Fallout - New Vegas (USA, Europe).iso'), disc_count=1, disc_type='DVD', disc_swap_required=False, disc_number=1, label=None)])
Error: Error binding parameter 1: type 'Platform' is not supported
Traceback (most recent call last):
  File "C:\PycharmProjects\xenia-game-manager\src\db.py", line 1049, in import_games_from_source
    self.add_game(game)
    ~~~~~~~~~~~~~^^^^^^
  File "C:\PycharmProjects\xenia-game-manager\src\db.py", line 1081, in add_game
    con.execute("""
    ~~~~~~~~~~~^^^^
        INSERT INTO games (
        ^^^^^^^^^^^^^^^^^^^
    ...<14 lines>...
        str(game.config_path) if game.config_path else None,
        ^^^^^^^^^^^^^^^^^^^^^^^^^^^^^^^^^^^^^^^^^^^^^^^^^^^^
    ))
    ^^
sqlite3.ProgrammingError: Error binding parameter 1: type 'Platform' is not supported
2026-08-18 02:03:53,519 [ERROR] xenia_manager: Failed to add game: Xbox360Game(game_id='425307EC', title='RAGE', platform=<Platform.XBOX360: 'Xbox360'>, config_path=None, favourite=False, last_played=None, play_count=0, play_time=0, emulator='xenia', emulator_version=None, discs=[GameDisc(media_id=None, file_path=WindowsPath('H:/roms/xbox360/Rage (Europe) (Disc 1).iso'), disc_count=1, disc_type='DVD', disc_swap_required=False, disc_number=1, label=None)])
Error: Error binding parameter 1: type 'Platform' is not supported
Traceback (most recent call last):
  File "C:\PycharmProjects\xenia-game-manager\src\db.py", line 1049, in import_games_from_source
    self.add_game(game)
    ~~~~~~~~~~~~~^^^^^^
  File "C:\PycharmProjects\xenia-game-manager\src\db.py", line 1081, in add_game
    con.execute("""
    ~~~~~~~~~~~^^^^
        INSERT INTO games (
        ^^^^^^^^^^^^^^^^^^^
    ...<14 lines>...
        str(game.config_path) if game.config_path else None,
        ^^^^^^^^^^^^^^^^^^^^^^^^^^^^^^^^^^^^^^^^^^^^^^^^^^^^
    ))
    ^^
sqlite3.ProgrammingError: Error binding parameter 1: type 'Platform' is not supported
2026-08-18 02:03:53,520 [ERROR] xenia_manager: Failed to add game: Xbox360Game(game_id='425307EC', title='RAGE', platform=<Platform.XBOX360: 'Xbox360'>, config_path=None, favourite=False, last_played=None, play_count=0, play_time=0, emulator='xenia', emulator_version=None, discs=[GameDisc(media_id=None, file_path=WindowsPath('H:/roms/xbox360/Rage (Europe) (Fr,De,Es,It) (Disc 2).iso'), disc_count=1, disc_type='DVD', disc_swap_required=False, disc_number=1, label=None)])
Error: Error binding parameter 1: type 'Platform' is not supported
Traceback (most recent call last):
  File "C:\PycharmProjects\xenia-game-manager\src\db.py", line 1049, in import_games_from_source
    self.add_game(game)
    ~~~~~~~~~~~~~^^^^^^
  File "C:\PycharmProjects\xenia-game-manager\src\db.py", line 1081, in add_game
    con.execute("""
    ~~~~~~~~~~~^^^^
        INSERT INTO games (
        ^^^^^^^^^^^^^^^^^^^
    ...<14 lines>...
        str(game.config_path) if game.config_path else None,
        ^^^^^^^^^^^^^^^^^^^^^^^^^^^^^^^^^^^^^^^^^^^^^^^^^^^^
    ))
    ^^
sqlite3.ProgrammingError: Error binding parameter 1: type 'Platform' is not supported
2026-08-18 02:03:53,521 [ERROR] xenia_manager: Failed to add game: Xbox360Game(game_id='425307EC', title='RAGE', platform=<Platform.XBOX360: 'Xbox360'>, config_path=None, favourite=False, last_played=None, play_count=0, play_time=0, emulator='xenia', emulator_version=None, discs=[GameDisc(media_id=None, file_path=WindowsPath('H:/roms/xbox360/Rage (Europe) (Fr,De,Es,It) (Disc 3).iso'), disc_count=1, disc_type='DVD', disc_swap_required=False, disc_number=1, label=None)])
Error: Error binding parameter 1: type 'Platform' is not supported
Traceback (most recent call last):
  File "C:\PycharmProjects\xenia-game-manager\src\db.py", line 1049, in import_games_from_source
    self.add_game(game)
    ~~~~~~~~~~~~~^^^^^^
  File "C:\PycharmProjects\xenia-game-manager\src\db.py", line 1081, in add_game
    con.execute("""
    ~~~~~~~~~~~^^^^
        INSERT INTO games (
        ^^^^^^^^^^^^^^^^^^^
    ...<14 lines>...
        str(game.config_path) if game.config_path else None,
        ^^^^^^^^^^^^^^^^^^^^^^^^^^^^^^^^^^^^^^^^^^^^^^^^^^^^
    ))
    ^^
sqlite3.ProgrammingError: Error binding parameter 1: type 'Platform' is not supported
2026-08-18 02:03:53,522 [ERROR] xenia_manager: Failed to add game: Xbox360Game(game_id='425607ED', title='Tron: Evolution', platform=<Platform.XBOX360: 'Xbox360'>, config_path=None, favourite=False, last_played=None, play_count=0, play_time=0, emulator='xenia', emulator_version=None, discs=[GameDisc(media_id=None, file_path=WindowsPath('D:/roms/xbox360/Disney TRON - Evolution (USA, Europe) (En,Fr,De,Es,It).zar'), disc_count=1, disc_type='DVD', disc_swap_required=False, disc_number=1, label=None)])
Error: Error binding parameter 1: type 'Platform' is not supported
Traceback (most recent call last):
  File "C:\PycharmProjects\xenia-game-manager\src\db.py", line 1049, in import_games_from_source
    self.add_game(game)
    ~~~~~~~~~~~~~^^^^^^
  File "C:\PycharmProjects\xenia-game-manager\src\db.py", line 1081, in add_game
    con.execute("""
    ~~~~~~~~~~~^^^^
        INSERT INTO games (
        ^^^^^^^^^^^^^^^^^^^
    ...<14 lines>...
        str(game.config_path) if game.config_path else None,
        ^^^^^^^^^^^^^^^^^^^^^^^^^^^^^^^^^^^^^^^^^^^^^^^^^^^^
    ))
    ^^
sqlite3.ProgrammingError: Error binding parameter 1: type 'Platform' is not supported
2026-08-18 02:03:53,524 [ERROR] xenia_manager: Failed to add game: Xbox360Game(game_id='434307D4', title='Resident Evil 5', platform=<Platform.XBOX360: 'Xbox360'>, config_path=None, favourite=False, last_played=None, play_count=0, play_time=0, emulator='xenia', emulator_version=None, discs=[GameDisc(media_id=None, file_path=WindowsPath('D:/roms/xbox360/Resident Evil 5 (World) (En,Ja,Fr,De,Es,It).zar'), disc_count=1, disc_type='DVD', disc_swap_required=False, disc_number=1, label=None)])
Error: Error binding parameter 1: type 'Platform' is not supported
Traceback (most recent call last):
  File "C:\PycharmProjects\xenia-game-manager\src\db.py", line 1049, in import_games_from_source
    self.add_game(game)
    ~~~~~~~~~~~~~^^^^^^
  File "C:\PycharmProjects\xenia-game-manager\src\db.py", line 1081, in add_game
    con.execute("""
    ~~~~~~~~~~~^^^^
        INSERT INTO games (
        ^^^^^^^^^^^^^^^^^^^
    ...<14 lines>...
        str(game.config_path) if game.config_path else None,
        ^^^^^^^^^^^^^^^^^^^^^^^^^^^^^^^^^^^^^^^^^^^^^^^^^^^^
    ))
    ^^
sqlite3.ProgrammingError: Error binding parameter 1: type 'Platform' is not supported
2026-08-18 02:03:53,525 [ERROR] xenia_manager: Failed to add game: Xbox360Game(game_id='43430817', title="Asura's Wrath", platform=<Platform.XBOX360: 'Xbox360'>, config_path=None, favourite=False, last_played=None, play_count=0, play_time=0, emulator='xenia', emulator_version=None, discs=[GameDisc(media_id=None, file_path=WindowsPath("D:/roms/xbox360/Asura's Wrath (World).iso"), disc_count=1, disc_type='DVD', disc_swap_required=False, disc_number=1, label=None)])
Error: Error binding parameter 1: type 'Platform' is not supported
Traceback (most recent call last):
  File "C:\PycharmProjects\xenia-game-manager\src\db.py", line 1049, in import_games_from_source
    self.add_game(game)
    ~~~~~~~~~~~~~^^^^^^
  File "C:\PycharmProjects\xenia-game-manager\src\db.py", line 1081, in add_game
    con.execute("""
    ~~~~~~~~~~~^^^^
        INSERT INTO games (
        ^^^^^^^^^^^^^^^^^^^
    ...<14 lines>...
        str(game.config_path) if game.config_path else None,
        ^^^^^^^^^^^^^^^^^^^^^^^^^^^^^^^^^^^^^^^^^^^^^^^^^^^^
    ))
    ^^
sqlite3.ProgrammingError: Error binding parameter 1: type 'Platform' is not supported
2026-08-18 02:03:53,526 [ERROR] xenia_manager: Failed to add game: Xbox360Game(game_id='43430819', title='Resident Evil 6', platform=<Platform.XBOX360: 'Xbox360'>, config_path=None, favourite=False, last_played=None, play_count=0, play_time=0, emulator='xenia', emulator_version=None, discs=[GameDisc(media_id=None, file_path=WindowsPath('D:/roms/xbox360/Resident Evil 6 (World) (En,Ja,Fr,De,Es,It,Pt,Pl,Ru) (Disc 1) (Game).zar'), disc_count=1, disc_type='DVD', disc_swap_required=False, disc_number=1, label=None)])
Error: Error binding parameter 1: type 'Platform' is not supported
Traceback (most recent call last):
  File "C:\PycharmProjects\xenia-game-manager\src\db.py", line 1049, in import_games_from_source
    self.add_game(game)
    ~~~~~~~~~~~~~^^^^^^
  File "C:\PycharmProjects\xenia-game-manager\src\db.py", line 1081, in add_game
    con.execute("""
    ~~~~~~~~~~~^^^^
        INSERT INTO games (
        ^^^^^^^^^^^^^^^^^^^
    ...<14 lines>...
        str(game.config_path) if game.config_path else None,
        ^^^^^^^^^^^^^^^^^^^^^^^^^^^^^^^^^^^^^^^^^^^^^^^^^^^^
    ))
    ^^
sqlite3.ProgrammingError: Error binding parameter 1: type 'Platform' is not supported
2026-08-18 02:03:53,528 [ERROR] xenia_manager: Failed to add game: Xbox360Game(game_id='4343081C', title='resident evil 4', platform=<Platform.XBOX360: 'Xbox360'>, config_path=None, favourite=False, last_played=None, play_count=0, play_time=0, emulator='xenia', emulator_version=None, discs=[GameDisc(media_id=None, file_path=WindowsPath('D:/roms/xbox360/4343081C/00007000/148121D3F5566CE330DDCCB0790C9BEA43'), disc_count=1, disc_type='DVD', disc_swap_required=False, disc_number=1, label=None)])
Error: Error binding parameter 1: type 'Platform' is not supported
Traceback (most recent call last):
  File "C:\PycharmProjects\xenia-game-manager\src\db.py", line 1049, in import_games_from_source
    self.add_game(game)
    ~~~~~~~~~~~~~^^^^^^
  File "C:\PycharmProjects\xenia-game-manager\src\db.py", line 1081, in add_game
    con.execute("""
    ~~~~~~~~~~~^^^^
        INSERT INTO games (
        ^^^^^^^^^^^^^^^^^^^
    ...<14 lines>...
        str(game.config_path) if game.config_path else None,
        ^^^^^^^^^^^^^^^^^^^^^^^^^^^^^^^^^^^^^^^^^^^^^^^^^^^^
    ))
    ^^
sqlite3.ProgrammingError: Error binding parameter 1: type 'Platform' is not supported
2026-08-18 02:03:53,529 [ERROR] xenia_manager: Failed to add game: Xbox360Game(game_id='4343081D', title='Resident Evil: Operation Raccoon City', platform=<Platform.XBOX360: 'Xbox360'>, config_path=None, favourite=False, last_played=None, play_count=0, play_time=0, emulator='xenia', emulator_version=None, discs=[GameDisc(media_id=None, file_path=WindowsPath('D:/roms/xbox360/Resident Evil - Operation Raccoon City (USA, Europe) (En,Fr,De,Es,It,Pl,Ru).zar'), disc_count=1, disc_type='DVD', disc_swap_required=False, disc_number=1, label=None)])
Error: Error binding parameter 1: type 'Platform' is not supported
Traceback (most recent call last):
  File "C:\PycharmProjects\xenia-game-manager\src\db.py", line 1049, in import_games_from_source
    self.add_game(game)
    ~~~~~~~~~~~~~^^^^^^
  File "C:\PycharmProjects\xenia-game-manager\src\db.py", line 1081, in add_game
    con.execute("""
    ~~~~~~~~~~~^^^^
        INSERT INTO games (
        ^^^^^^^^^^^^^^^^^^^
    ...<14 lines>...
        str(game.config_path) if game.config_path else None,
        ^^^^^^^^^^^^^^^^^^^^^^^^^^^^^^^^^^^^^^^^^^^^^^^^^^^^
    ))
    ^^
sqlite3.ProgrammingError: Error binding parameter 1: type 'Platform' is not supported
2026-08-18 02:03:53,530 [ERROR] xenia_manager: Failed to add game: Xbox360Game(game_id='43430833', title='Resident Evil Revelations', platform=<Platform.XBOX360: 'Xbox360'>, config_path=None, favourite=False, last_played=None, play_count=0, play_time=0, emulator='xenia', emulator_version=None, discs=[GameDisc(media_id=None, file_path=WindowsPath('D:/roms/xbox360/Resident Evil Revelations [RF].iso'), disc_count=1, disc_type='DVD', disc_swap_required=False, disc_number=1, label=None)])
Error: Error binding parameter 1: type 'Platform' is not supported
Traceback (most recent call last):
  File "C:\PycharmProjects\xenia-game-manager\src\db.py", line 1049, in import_games_from_source
    self.add_game(game)
    ~~~~~~~~~~~~~^^^^^^
  File "C:\PycharmProjects\xenia-game-manager\src\db.py", line 1081, in add_game
    con.execute("""
    ~~~~~~~~~~~^^^^
        INSERT INTO games (
        ^^^^^^^^^^^^^^^^^^^
    ...<14 lines>...
        str(game.config_path) if game.config_path else None,
        ^^^^^^^^^^^^^^^^^^^^^^^^^^^^^^^^^^^^^^^^^^^^^^^^^^^^
    ))
    ^^
sqlite3.ProgrammingError: Error binding parameter 1: type 'Platform' is not supported
2026-08-18 02:03:53,532 [ERROR] xenia_manager: Failed to add game: Xbox360Game(game_id='43430840', title='Resident Evil Revelations 2', platform=<Platform.XBOX360: 'Xbox360'>, config_path=None, favourite=False, last_played=None, play_count=0, play_time=0, emulator='xenia', emulator_version=None, discs=[GameDisc(media_id=None, file_path=WindowsPath('D:/roms/xbox360/Resident Evil - Revelations 2 (USA, Europe) (En,Ja,Fr,De,Es,It,Pt,Zh,Ko,Pl,Ru).zar'), disc_count=1, disc_type='DVD', disc_swap_required=False, disc_number=1, label=None)])
Error: Error binding parameter 1: type 'Platform' is not supported
Traceback (most recent call last):
  File "C:\PycharmProjects\xenia-game-manager\src\db.py", line 1049, in import_games_from_source
    self.add_game(game)
    ~~~~~~~~~~~~~^^^^^^
  File "C:\PycharmProjects\xenia-game-manager\src\db.py", line 1081, in add_game
    con.execute("""
    ~~~~~~~~~~~^^^^
        INSERT INTO games (
        ^^^^^^^^^^^^^^^^^^^
    ...<14 lines>...
        str(game.config_path) if game.config_path else None,
        ^^^^^^^^^^^^^^^^^^^^^^^^^^^^^^^^^^^^^^^^^^^^^^^^^^^^
    ))
    ^^
sqlite3.ProgrammingError: Error binding parameter 1: type 'Platform' is not supported
2026-08-18 02:03:53,533 [ERROR] xenia_manager: Failed to add game: Xbox360Game(game_id='434D07E9', title="Clive Barker's Jericho", platform=<Platform.XBOX360: 'Xbox360'>, config_path=None, favourite=False, last_played=None, play_count=0, play_time=0, emulator='xenia', emulator_version=None, discs=[GameDisc(media_id=None, file_path=WindowsPath("D:/roms/xbox360/Clive Barker's Jericho (USA, Europe) (En,Fr,De,Es,It).zar"), disc_count=1, disc_type='DVD', disc_swap_required=False, disc_number=1, label=None)])
Error: Error binding parameter 1: type 'Platform' is not supported
Traceback (most recent call last):
  File "C:\PycharmProjects\xenia-game-manager\src\db.py", line 1049, in import_games_from_source
    self.add_game(game)
    ~~~~~~~~~~~~~^^^^^^
  File "C:\PycharmProjects\xenia-game-manager\src\db.py", line 1081, in add_game
    con.execute("""
    ~~~~~~~~~~~^^^^
        INSERT INTO games (
        ^^^^^^^^^^^^^^^^^^^
    ...<14 lines>...
        str(game.config_path) if game.config_path else None,
        ^^^^^^^^^^^^^^^^^^^^^^^^^^^^^^^^^^^^^^^^^^^^^^^^^^^^
    ))
    ^^
sqlite3.ProgrammingError: Error binding parameter 1: type 'Platform' is not supported
2026-08-18 02:03:53,534 [ERROR] xenia_manager: Failed to add game: Xbox360Game(game_id='434D07FF', title='GRID', platform=<Platform.XBOX360: 'Xbox360'>, config_path=None, favourite=False, last_played=None, play_count=0, play_time=0, emulator='xenia', emulator_version=None, discs=[GameDisc(media_id=None, file_path=WindowsPath('H:/roms/xbox360/GRID [RF].iso'), disc_count=1, disc_type='DVD', disc_swap_required=False, disc_number=1, label=None)])
Error: Error binding parameter 1: type 'Platform' is not supported
Traceback (most recent call last):
  File "C:\PycharmProjects\xenia-game-manager\src\db.py", line 1049, in import_games_from_source
    self.add_game(game)
    ~~~~~~~~~~~~~^^^^^^
  File "C:\PycharmProjects\xenia-game-manager\src\db.py", line 1081, in add_game
    con.execute("""
    ~~~~~~~~~~~^^^^
        INSERT INTO games (
        ^^^^^^^^^^^^^^^^^^^
    ...<14 lines>...
        str(game.config_path) if game.config_path else None,
        ^^^^^^^^^^^^^^^^^^^^^^^^^^^^^^^^^^^^^^^^^^^^^^^^^^^^
    ))
    ^^
sqlite3.ProgrammingError: Error binding parameter 1: type 'Platform' is not supported
2026-08-18 02:03:53,536 [ERROR] xenia_manager: Failed to add game: Xbox360Game(game_id='434D083D', title='DiRT 3', platform=<Platform.XBOX360: 'Xbox360'>, config_path=None, favourite=False, last_played=None, play_count=0, play_time=0, emulator='xenia', emulator_version=None, discs=[GameDisc(media_id=None, file_path=WindowsPath('D:/roms/xbox360/Dirt 3 - Complete Edition.zar'), disc_count=1, disc_type='DVD', disc_swap_required=False, disc_number=1, label=None)])
Error: Error binding parameter 1: type 'Platform' is not supported
Traceback (most recent call last):
  File "C:\PycharmProjects\xenia-game-manager\src\db.py", line 1049, in import_games_from_source
    self.add_game(game)
    ~~~~~~~~~~~~~^^^^^^
  File "C:\PycharmProjects\xenia-game-manager\src\db.py", line 1081, in add_game
    con.execute("""
    ~~~~~~~~~~~^^^^
        INSERT INTO games (
        ^^^^^^^^^^^^^^^^^^^
    ...<14 lines>...
        str(game.config_path) if game.config_path else None,
        ^^^^^^^^^^^^^^^^^^^^^^^^^^^^^^^^^^^^^^^^^^^^^^^^^^^^
    ))
    ^^
sqlite3.ProgrammingError: Error binding parameter 1: type 'Platform' is not supported
2026-08-18 02:03:53,537 [ERROR] xenia_manager: Failed to add game: Xbox360Game(game_id='434D0845', title='DiRT Showdown', platform=<Platform.XBOX360: 'Xbox360'>, config_path=None, favourite=False, last_played=None, play_count=0, play_time=0, emulator='xenia', emulator_version=None, discs=[GameDisc(media_id=None, file_path=WindowsPath('H:/roms/xbox360/DiRT Showdown [RF].iso'), disc_count=1, disc_type='DVD', disc_swap_required=False, disc_number=1, label=None)])
Error: Error binding parameter 1: type 'Platform' is not supported
Traceback (most recent call last):
  File "C:\PycharmProjects\xenia-game-manager\src\db.py", line 1049, in import_games_from_source
    self.add_game(game)
    ~~~~~~~~~~~~~^^^^^^
  File "C:\PycharmProjects\xenia-game-manager\src\db.py", line 1081, in add_game
    con.execute("""
    ~~~~~~~~~~~^^^^
        INSERT INTO games (
        ^^^^^^^^^^^^^^^^^^^
    ...<14 lines>...
        str(game.config_path) if game.config_path else None,
        ^^^^^^^^^^^^^^^^^^^^^^^^^^^^^^^^^^^^^^^^^^^^^^^^^^^^
    ))
    ^^
sqlite3.ProgrammingError: Error binding parameter 1: type 'Platform' is not supported
2026-08-18 02:03:53,538 [ERROR] xenia_manager: Failed to add game: Xbox360Game(game_id='434D0849', title='F1 RACE STARS', platform=<Platform.XBOX360: 'Xbox360'>, config_path=None, favourite=False, last_played=None, play_count=0, play_time=0, emulator='xenia', emulator_version=None, discs=[GameDisc(media_id=None, file_path=WindowsPath('H:/roms/xbox360/F1 Race Stars (USA, Europe) (En,Fr,De,Es,It,Pt,Pl).iso'), disc_count=1, disc_type='DVD', disc_swap_required=False, disc_number=1, label=None)])
Error: Error binding parameter 1: type 'Platform' is not supported
Traceback (most recent call last):
  File "C:\PycharmProjects\xenia-game-manager\src\db.py", line 1049, in import_games_from_source
    self.add_game(game)
    ~~~~~~~~~~~~~^^^^^^
  File "C:\PycharmProjects\xenia-game-manager\src\db.py", line 1081, in add_game
    con.execute("""
    ~~~~~~~~~~~^^^^
        INSERT INTO games (
        ^^^^^^^^^^^^^^^^^^^
    ...<14 lines>...
        str(game.config_path) if game.config_path else None,
        ^^^^^^^^^^^^^^^^^^^^^^^^^^^^^^^^^^^^^^^^^^^^^^^^^^^^
    ))
    ^^
sqlite3.ProgrammingError: Error binding parameter 1: type 'Platform' is not supported
2026-08-18 02:03:53,540 [ERROR] xenia_manager: Failed to add game: Xbox360Game(game_id='434D084F', title='F1 2013', platform=<Platform.XBOX360: 'Xbox360'>, config_path=None, favourite=False, last_played=None, play_count=0, play_time=0, emulator='xenia', emulator_version=None, discs=[GameDisc(media_id=None, file_path=WindowsPath('D:/roms/xbox360/F1 2013 - Complete Edition (Europe) (En,Fr,De,Es,It,Pl,Ru).iso'), disc_count=1, disc_type='DVD', disc_swap_required=False, disc_number=1, label=None)])
Error: Error binding parameter 1: type 'Platform' is not supported
Traceback (most recent call last):
  File "C:\PycharmProjects\xenia-game-manager\src\db.py", line 1049, in import_games_from_source
    self.add_game(game)
    ~~~~~~~~~~~~~^^^^^^
  File "C:\PycharmProjects\xenia-game-manager\src\db.py", line 1081, in add_game
    con.execute("""
    ~~~~~~~~~~~^^^^
        INSERT INTO games (
        ^^^^^^^^^^^^^^^^^^^
    ...<14 lines>...
        str(game.config_path) if game.config_path else None,
        ^^^^^^^^^^^^^^^^^^^^^^^^^^^^^^^^^^^^^^^^^^^^^^^^^^^^
    ))
    ^^
sqlite3.ProgrammingError: Error binding parameter 1: type 'Platform' is not supported
2026-08-18 02:03:53,541 [ERROR] xenia_manager: Failed to add game: Xbox360Game(game_id='434D0851', title='GRID: Autosport', platform=<Platform.XBOX360: 'Xbox360'>, config_path=None, favourite=False, last_played=None, play_count=0, play_time=0, emulator='xenia', emulator_version=None, discs=[GameDisc(media_id=None, file_path=WindowsPath('D:/roms/xbox360/Grid Autosport (USA, Europe) (En,Fr,De,Es,It,Pt,Pl,Ru).zar'), disc_count=1, disc_type='DVD', disc_swap_required=False, disc_number=1, label=None)])
Error: Error binding parameter 1: type 'Platform' is not supported
Traceback (most recent call last):
  File "C:\PycharmProjects\xenia-game-manager\src\db.py", line 1049, in import_games_from_source
    self.add_game(game)
    ~~~~~~~~~~~~~^^^^^^
  File "C:\PycharmProjects\xenia-game-manager\src\db.py", line 1081, in add_game
    con.execute("""
    ~~~~~~~~~~~^^^^
        INSERT INTO games (
        ^^^^^^^^^^^^^^^^^^^
    ...<14 lines>...
        str(game.config_path) if game.config_path else None,
        ^^^^^^^^^^^^^^^^^^^^^^^^^^^^^^^^^^^^^^^^^^^^^^^^^^^^
    ))
    ^^
sqlite3.ProgrammingError: Error binding parameter 1: type 'Platform' is not supported
2026-08-18 02:03:53,542 [ERROR] xenia_manager: Failed to add game: Xbox360Game(game_id='435607D7', title='Pinball Hall of Fame', platform=<Platform.XBOX360: 'Xbox360'>, config_path=None, favourite=False, last_played=None, play_count=0, play_time=0, emulator='xenia', emulator_version=None, discs=[GameDisc(media_id=None, file_path=WindowsPath('D:/roms/xbox360/Pinball Hall of Fame - The Williams Collection (USA).iso'), disc_count=1, disc_type='DVD', disc_swap_required=False, disc_number=1, label=None)])
Error: Error binding parameter 1: type 'Platform' is not supported
Traceback (most recent call last):
  File "C:\PycharmProjects\xenia-game-manager\src\db.py", line 1049, in import_games_from_source
    self.add_game(game)
    ~~~~~~~~~~~~~^^^^^^
  File "C:\PycharmProjects\xenia-game-manager\src\db.py", line 1081, in add_game
    con.execute("""
    ~~~~~~~~~~~^^^^
        INSERT INTO games (
        ^^^^^^^^^^^^^^^^^^^
    ...<14 lines>...
        str(game.config_path) if game.config_path else None,
        ^^^^^^^^^^^^^^^^^^^^^^^^^^^^^^^^^^^^^^^^^^^^^^^^^^^^
    ))
    ^^
sqlite3.ProgrammingError: Error binding parameter 1: type 'Platform' is not supported
2026-08-18 02:03:53,544 [ERROR] xenia_manager: Failed to add game: Xbox360Game(game_id='435607D8', title='Deadliest Catch Sea of Chaos', platform=<Platform.XBOX360: 'Xbox360'>, config_path=None, favourite=False, last_played=None, play_count=0, play_time=0, emulator='xenia', emulator_version=None, discs=[GameDisc(media_id=None, file_path=WindowsPath('D:/roms/xbox360/Deadliest Catch Sea of Chaos\xa0[NTSCU].zar'), disc_count=1, disc_type='DVD', disc_swap_required=False, disc_number=1, label=None)])
Error: Error binding parameter 1: type 'Platform' is not supported
Traceback (most recent call last):
  File "C:\PycharmProjects\xenia-game-manager\src\db.py", line 1049, in import_games_from_source
    self.add_game(game)
    ~~~~~~~~~~~~~^^^^^^
  File "C:\PycharmProjects\xenia-game-manager\src\db.py", line 1081, in add_game
    con.execute("""
    ~~~~~~~~~~~^^^^
        INSERT INTO games (
        ^^^^^^^^^^^^^^^^^^^
    ...<14 lines>...
        str(game.config_path) if game.config_path else None,
        ^^^^^^^^^^^^^^^^^^^^^^^^^^^^^^^^^^^^^^^^^^^^^^^^^^^^
    ))
    ^^
sqlite3.ProgrammingError: Error binding parameter 1: type 'Platform' is not supported
2026-08-18 02:03:53,545 [ERROR] xenia_manager: Failed to add game: Xbox360Game(game_id='443607D6', title='Back to the Future', platform=<Platform.XBOX360: 'Xbox360'>, config_path=None, favourite=False, last_played=None, play_count=0, play_time=0, emulator='xenia', emulator_version=None, discs=[GameDisc(media_id=None, file_path=WindowsPath('D:/roms/xbox360/Back to the Future - The Game - 30th Anniversary Edition.zar'), disc_count=1, disc_type='DVD', disc_swap_required=False, disc_number=1, label=None)])
Error: Error binding parameter 1: type 'Platform' is not supported
Traceback (most recent call last):
  File "C:\PycharmProjects\xenia-game-manager\src\db.py", line 1049, in import_games_from_source
    self.add_game(game)
    ~~~~~~~~~~~~~^^^^^^
  File "C:\PycharmProjects\xenia-game-manager\src\db.py", line 1081, in add_game
    con.execute("""
    ~~~~~~~~~~~^^^^
        INSERT INTO games (
        ^^^^^^^^^^^^^^^^^^^
    ...<14 lines>...
        str(game.config_path) if game.config_path else None,
        ^^^^^^^^^^^^^^^^^^^^^^^^^^^^^^^^^^^^^^^^^^^^^^^^^^^^
    ))
    ^^
sqlite3.ProgrammingError: Error binding parameter 1: type 'Platform' is not supported
2026-08-18 02:03:53,546 [ERROR] xenia_manager: Failed to add game: Xbox360Game(game_id='445007EA', title='Onechanbara', platform=<Platform.XBOX360: 'Xbox360'>, config_path=None, favourite=False, last_played=None, play_count=0, play_time=0, emulator='xenia', emulator_version=None, discs=[GameDisc(media_id=None, file_path=WindowsPath('D:/roms/xbox360/Onechanbara - Bikini Samurai Squad (USA, Europe) (En,Fr).iso'), disc_count=1, disc_type='DVD', disc_swap_required=False, disc_number=1, label=None)])
Error: Error binding parameter 1: type 'Platform' is not supported
Traceback (most recent call last):
  File "C:\PycharmProjects\xenia-game-manager\src\db.py", line 1049, in import_games_from_source
    self.add_game(game)
    ~~~~~~~~~~~~~^^^^^^
  File "C:\PycharmProjects\xenia-game-manager\src\db.py", line 1081, in add_game
    con.execute("""
    ~~~~~~~~~~~^^^^
        INSERT INTO games (
        ^^^^^^^^^^^^^^^^^^^
    ...<14 lines>...
        str(game.config_path) if game.config_path else None,
        ^^^^^^^^^^^^^^^^^^^^^^^^^^^^^^^^^^^^^^^^^^^^^^^^^^^^
    ))
    ^^
sqlite3.ProgrammingError: Error binding parameter 1: type 'Platform' is not supported
2026-08-18 02:03:53,548 [ERROR] xenia_manager: Failed to add game: Xbox360Game(game_id='445407D4', title='Gray Matter', platform=<Platform.XBOX360: 'Xbox360'>, config_path=None, favourite=False, last_played=None, play_count=0, play_time=0, emulator='xenia', emulator_version=None, discs=[GameDisc(media_id=None, file_path=WindowsPath('D:/roms/xbox360/445407D4/00007000/15EC0198EE25F66A13E7'), disc_count=1, disc_type='DVD', disc_swap_required=False, disc_number=1, label=None)])
Error: Error binding parameter 1: type 'Platform' is not supported
Traceback (most recent call last):
  File "C:\PycharmProjects\xenia-game-manager\src\db.py", line 1049, in import_games_from_source
    self.add_game(game)
    ~~~~~~~~~~~~~^^^^^^
  File "C:\PycharmProjects\xenia-game-manager\src\db.py", line 1081, in add_game
    con.execute("""
    ~~~~~~~~~~~^^^^
        INSERT INTO games (
        ^^^^^^^^^^^^^^^^^^^
    ...<14 lines>...
        str(game.config_path) if game.config_path else None,
        ^^^^^^^^^^^^^^^^^^^^^^^^^^^^^^^^^^^^^^^^^^^^^^^^^^^^
    ))
    ^^
sqlite3.ProgrammingError: Error binding parameter 1: type 'Platform' is not supported
2026-08-18 02:03:53,549 [ERROR] xenia_manager: Failed to add game: Xbox360Game(game_id='454107D9', title='Need for Speed Most Wanted (2005)', platform=<Platform.XBOX360: 'Xbox360'>, config_path=None, favourite=False, last_played=None, play_count=0, play_time=0, emulator='xenia', emulator_version=None, discs=[GameDisc(media_id=None, file_path=WindowsPath('D:/roms/xbox360/Need for Speed - Most Wanted (USA).iso'), disc_count=1, disc_type='DVD', disc_swap_required=False, disc_number=1, label=None)])
Error: Error binding parameter 1: type 'Platform' is not supported
Traceback (most recent call last):
  File "C:\PycharmProjects\xenia-game-manager\src\db.py", line 1049, in import_games_from_source
    self.add_game(game)
    ~~~~~~~~~~~~~^^^^^^
  File "C:\PycharmProjects\xenia-game-manager\src\db.py", line 1081, in add_game
    con.execute("""
    ~~~~~~~~~~~^^^^
        INSERT INTO games (
        ^^^^^^^^^^^^^^^^^^^
    ...<14 lines>...
        str(game.config_path) if game.config_path else None,
        ^^^^^^^^^^^^^^^^^^^^^^^^^^^^^^^^^^^^^^^^^^^^^^^^^^^^
    ))
    ^^
sqlite3.ProgrammingError: Error binding parameter 1: type 'Platform' is not supported
2026-08-18 02:03:53,550 [ERROR] xenia_manager: Failed to add game: Xbox360Game(game_id='454107DB', title='Battlefield 2: Modern Combat', platform=<Platform.XBOX360: 'Xbox360'>, config_path=None, favourite=False, last_played=None, play_count=0, play_time=0, emulator='xenia', emulator_version=None, discs=[GameDisc(media_id=None, file_path=WindowsPath('D:/roms/xbox360/Battlefield 2 - Modern Combat (USA).zar'), disc_count=1, disc_type='DVD', disc_swap_required=False, disc_number=1, label=None)])
Error: Error binding parameter 1: type 'Platform' is not supported
Traceback (most recent call last):
  File "C:\PycharmProjects\xenia-game-manager\src\db.py", line 1049, in import_games_from_source
    self.add_game(game)
    ~~~~~~~~~~~~~^^^^^^
  File "C:\PycharmProjects\xenia-game-manager\src\db.py", line 1081, in add_game
    con.execute("""
    ~~~~~~~~~~~^^^^
        INSERT INTO games (
        ^^^^^^^^^^^^^^^^^^^
    ...<14 lines>...
        str(game.config_path) if game.config_path else None,
        ^^^^^^^^^^^^^^^^^^^^^^^^^^^^^^^^^^^^^^^^^^^^^^^^^^^^
    ))
    ^^
sqlite3.ProgrammingError: Error binding parameter 1: type 'Platform' is not supported
2026-08-18 02:03:53,552 [ERROR] xenia_manager: Failed to add game: Xbox360Game(game_id='454107DC', title='Burnout Revenge', platform=<Platform.XBOX360: 'Xbox360'>, config_path=None, favourite=False, last_played=None, play_count=0, play_time=0, emulator='xenia', emulator_version=None, discs=[GameDisc(media_id=None, file_path=WindowsPath('D:/roms/xbox360/Burnout Revenge (Europe) (En,Es,Nl,Sv,Fi).zar'), disc_count=1, disc_type='DVD', disc_swap_required=False, disc_number=1, label=None)])
Error: Error binding parameter 1: type 'Platform' is not supported
Traceback (most recent call last):
  File "C:\PycharmProjects\xenia-game-manager\src\db.py", line 1049, in import_games_from_source
    self.add_game(game)
    ~~~~~~~~~~~~~^^^^^^
  File "C:\PycharmProjects\xenia-game-manager\src\db.py", line 1081, in add_game
    con.execute("""
    ~~~~~~~~~~~^^^^
        INSERT INTO games (
        ^^^^^^^^^^^^^^^^^^^
    ...<14 lines>...
        str(game.config_path) if game.config_path else None,
        ^^^^^^^^^^^^^^^^^^^^^^^^^^^^^^^^^^^^^^^^^^^^^^^^^^^^
    ))
    ^^
sqlite3.ProgrammingError: Error binding parameter 1: type 'Platform' is not supported
2026-08-18 02:03:53,553 [ERROR] xenia_manager: Failed to add game: Xbox360Game(game_id='454107EC', title='Need for Speed Carbon', platform=<Platform.XBOX360: 'Xbox360'>, config_path=None, favourite=False, last_played=None, play_count=0, play_time=0, emulator='xenia', emulator_version=None, discs=[GameDisc(media_id=None, file_path=WindowsPath('H:/roms/xbox360/Need for Speed Carbon Collectors Edition [PAL].ISO'), disc_count=1, disc_type='DVD', disc_swap_required=False, disc_number=1, label=None)])
Error: Error binding parameter 1: type 'Platform' is not supported
Traceback (most recent call last):
  File "C:\PycharmProjects\xenia-game-manager\src\db.py", line 1049, in import_games_from_source
    self.add_game(game)
    ~~~~~~~~~~~~~^^^^^^
  File "C:\PycharmProjects\xenia-game-manager\src\db.py", line 1081, in add_game
    con.execute("""
    ~~~~~~~~~~~^^^^
        INSERT INTO games (
        ^^^^^^^^^^^^^^^^^^^
    ...<14 lines>...
        str(game.config_path) if game.config_path else None,
        ^^^^^^^^^^^^^^^^^^^^^^^^^^^^^^^^^^^^^^^^^^^^^^^^^^^^
    ))
    ^^
sqlite3.ProgrammingError: Error binding parameter 1: type 'Platform' is not supported
2026-08-18 02:03:53,554 [ERROR] xenia_manager: Failed to add game: Xbox360Game(game_id='454107ED', title='Superman Returns', platform=<Platform.XBOX360: 'Xbox360'>, config_path=None, favourite=False, last_played=None, play_count=0, play_time=0, emulator='xenia', emulator_version=None, discs=[GameDisc(media_id=None, file_path=WindowsPath('H:/roms/xbox360/Superman Returns (USA).zar'), disc_count=1, disc_type='DVD', disc_swap_required=False, disc_number=1, label=None)])
Error: Error binding parameter 1: type 'Platform' is not supported
Traceback (most recent call last):
  File "C:\PycharmProjects\xenia-game-manager\src\db.py", line 1049, in import_games_from_source
    self.add_game(game)
    ~~~~~~~~~~~~~^^^^^^
  File "C:\PycharmProjects\xenia-game-manager\src\db.py", line 1081, in add_game
    con.execute("""
    ~~~~~~~~~~~^^^^
        INSERT INTO games (
        ^^^^^^^^^^^^^^^^^^^
    ...<14 lines>...
        str(game.config_path) if game.config_path else None,
        ^^^^^^^^^^^^^^^^^^^^^^^^^^^^^^^^^^^^^^^^^^^^^^^^^^^^
    ))
    ^^
sqlite3.ProgrammingError: Error binding parameter 1: type 'Platform' is not supported
2026-08-18 02:03:53,556 [ERROR] xenia_manager: Failed to add game: Xbox360Game(game_id='454107F4', title='Tiger Woods PGA Tour 07', platform=<Platform.XBOX360: 'Xbox360'>, config_path=None, favourite=False, last_played=None, play_count=0, play_time=0, emulator='xenia', emulator_version=None, discs=[GameDisc(media_id=None, file_path=WindowsPath('D:/roms/xbox360/Tiger Woods PGA Tour 07 (USA).iso'), disc_count=1, disc_type='DVD', disc_swap_required=False, disc_number=1, label=None)])
Error: Error binding parameter 1: type 'Platform' is not supported
Traceback (most recent call last):
  File "C:\PycharmProjects\xenia-game-manager\src\db.py", line 1049, in import_games_from_source
    self.add_game(game)
    ~~~~~~~~~~~~~^^^^^^
  File "C:\PycharmProjects\xenia-game-manager\src\db.py", line 1081, in add_game
    con.execute("""
    ~~~~~~~~~~~^^^^
        INSERT INTO games (
        ^^^^^^^^^^^^^^^^^^^
    ...<14 lines>...
        str(game.config_path) if game.config_path else None,
        ^^^^^^^^^^^^^^^^^^^^^^^^^^^^^^^^^^^^^^^^^^^^^^^^^^^^
    ))
    ^^
sqlite3.ProgrammingError: Error binding parameter 1: type 'Platform' is not supported
2026-08-18 02:03:53,557 [ERROR] xenia_manager: Failed to add game: Xbox360Game(game_id='45410806', title='Burnout Paradise', platform=<Platform.XBOX360: 'Xbox360'>, config_path=None, favourite=False, last_played=None, play_count=0, play_time=0, emulator='xenia', emulator_version=None, discs=[GameDisc(media_id=None, file_path=WindowsPath('D:/roms/xbox360/Burnout Paradise (USA).iso'), disc_count=1, disc_type='DVD', disc_swap_required=False, disc_number=1, label=None)])
Error: Error binding parameter 1: type 'Platform' is not supported
Traceback (most recent call last):
  File "C:\PycharmProjects\xenia-game-manager\src\db.py", line 1049, in import_games_from_source
    self.add_game(game)
    ~~~~~~~~~~~~~^^^^^^
  File "C:\PycharmProjects\xenia-game-manager\src\db.py", line 1081, in add_game
    con.execute("""
    ~~~~~~~~~~~^^^^
        INSERT INTO games (
        ^^^^^^^^^^^^^^^^^^^
    ...<14 lines>...
        str(game.config_path) if game.config_path else None,
        ^^^^^^^^^^^^^^^^^^^^^^^^^^^^^^^^^^^^^^^^^^^^^^^^^^^^
    ))
    ^^
sqlite3.ProgrammingError: Error binding parameter 1: type 'Platform' is not supported
2026-08-18 02:03:53,558 [ERROR] xenia_manager: Failed to add game: Xbox360Game(game_id='45410809', title='The Simpsons Game', platform=<Platform.XBOX360: 'Xbox360'>, config_path=None, favourite=False, last_played=None, play_count=0, play_time=0, emulator='xenia', emulator_version=None, discs=[GameDisc(media_id=None, file_path=WindowsPath('D:/roms/xbox360/Simpsons Game, The (Europe) (En,No,Da,Fi).iso'), disc_count=1, disc_type='DVD', disc_swap_required=False, disc_number=1, label=None)])
Error: Error binding parameter 1: type 'Platform' is not supported
Traceback (most recent call last):
  File "C:\PycharmProjects\xenia-game-manager\src\db.py", line 1049, in import_games_from_source
    self.add_game(game)
    ~~~~~~~~~~~~~^^^^^^
  File "C:\PycharmProjects\xenia-game-manager\src\db.py", line 1081, in add_game
    con.execute("""
    ~~~~~~~~~~~^^^^
        INSERT INTO games (
        ^^^^^^^^^^^^^^^^^^^
    ...<14 lines>...
        str(game.config_path) if game.config_path else None,
        ^^^^^^^^^^^^^^^^^^^^^^^^^^^^^^^^^^^^^^^^^^^^^^^^^^^^
    ))
    ^^
sqlite3.ProgrammingError: Error binding parameter 1: type 'Platform' is not supported
2026-08-18 02:03:53,560 [ERROR] xenia_manager: Failed to add game: Xbox360Game(game_id='4541080E', title='Command  Conquer 3', platform=<Platform.XBOX360: 'Xbox360'>, config_path=None, favourite=False, last_played=None, play_count=0, play_time=0, emulator='xenia', emulator_version=None, discs=[GameDisc(media_id=None, file_path=WindowsPath('H:/roms/xbox360/Command & Conquer 3 - Tiberium Wars (USA).iso'), disc_count=1, disc_type='DVD', disc_swap_required=False, disc_number=1, label=None)])
Error: Error binding parameter 1: type 'Platform' is not supported
Traceback (most recent call last):
  File "C:\PycharmProjects\xenia-game-manager\src\db.py", line 1049, in import_games_from_source
    self.add_game(game)
    ~~~~~~~~~~~~~^^^^^^
  File "C:\PycharmProjects\xenia-game-manager\src\db.py", line 1081, in add_game
    con.execute("""
    ~~~~~~~~~~~^^^^
        INSERT INTO games (
        ^^^^^^^^^^^^^^^^^^^
    ...<14 lines>...
        str(game.config_path) if game.config_path else None,
        ^^^^^^^^^^^^^^^^^^^^^^^^^^^^^^^^^^^^^^^^^^^^^^^^^^^^
    ))
    ^^
sqlite3.ProgrammingError: Error binding parameter 1: type 'Platform' is not supported
2026-08-18 02:03:53,561 [ERROR] xenia_manager: Failed to add game: Xbox360Game(game_id='4541080F', title='The Orange Box', platform=<Platform.XBOX360: 'Xbox360'>, config_path=None, favourite=False, last_played=None, play_count=0, play_time=0, emulator='xenia', emulator_version=None, discs=[GameDisc(media_id=None, file_path=WindowsPath('D:/roms/xbox360/Orange Box, The (World) (En,Fr,De).zar'), disc_count=1, disc_type='DVD', disc_swap_required=False, disc_number=1, label=None)])
Error: Error binding parameter 1: type 'Platform' is not supported
Traceback (most recent call last):
  File "C:\PycharmProjects\xenia-game-manager\src\db.py", line 1049, in import_games_from_source
    self.add_game(game)
    ~~~~~~~~~~~~~^^^^^^
  File "C:\PycharmProjects\xenia-game-manager\src\db.py", line 1081, in add_game
    con.execute("""
    ~~~~~~~~~~~^^^^
        INSERT INTO games (
        ^^^^^^^^^^^^^^^^^^^
    ...<14 lines>...
        str(game.config_path) if game.config_path else None,
        ^^^^^^^^^^^^^^^^^^^^^^^^^^^^^^^^^^^^^^^^^^^^^^^^^^^^
    ))
    ^^
sqlite3.ProgrammingError: Error binding parameter 1: type 'Platform' is not supported
2026-08-18 02:03:53,562 [ERROR] xenia_manager: Failed to add game: Xbox360Game(game_id='4541083A', title='Command & Conquer 3 - Kanes Wrath', platform=<Platform.XBOX360: 'Xbox360'>, config_path=None, favourite=False, last_played=None, play_count=0, play_time=0, emulator='xenia', emulator_version=None, discs=[GameDisc(media_id=None, file_path=WindowsPath("H:/roms/xbox360/Command & Conquer 3 - Kane's Wrath (USA).zar"), disc_count=1, disc_type='DVD', disc_swap_required=False, disc_number=1, label=None)])
Error: Error binding parameter 1: type 'Platform' is not supported
Traceback (most recent call last):
  File "C:\PycharmProjects\xenia-game-manager\src\db.py", line 1049, in import_games_from_source
    self.add_game(game)
    ~~~~~~~~~~~~~^^^^^^
  File "C:\PycharmProjects\xenia-game-manager\src\db.py", line 1081, in add_game
    con.execute("""
    ~~~~~~~~~~~^^^^
        INSERT INTO games (
        ^^^^^^^^^^^^^^^^^^^
    ...<14 lines>...
        str(game.config_path) if game.config_path else None,
        ^^^^^^^^^^^^^^^^^^^^^^^^^^^^^^^^^^^^^^^^^^^^^^^^^^^^
    ))
    ^^
sqlite3.ProgrammingError: Error binding parameter 1: type 'Platform' is not supported
2026-08-18 02:03:53,564 [ERROR] xenia_manager: Failed to add game: Xbox360Game(game_id='45410860', title='Command & Conquer - Red Alert 3', platform=<Platform.XBOX360: 'Xbox360'>, config_path=None, favourite=False, last_played=None, play_count=0, play_time=0, emulator='xenia', emulator_version=None, discs=[GameDisc(media_id=None, file_path=WindowsPath('H:/roms/xbox360/Command & Conquer Red Alert 3 [RF].zar'), disc_count=1, disc_type='DVD', disc_swap_required=False, disc_number=1, label=None)])
Error: Error binding parameter 1: type 'Platform' is not supported
Traceback (most recent call last):
  File "C:\PycharmProjects\xenia-game-manager\src\db.py", line 1049, in import_games_from_source
    self.add_game(game)
    ~~~~~~~~~~~~~^^^^^^
  File "C:\PycharmProjects\xenia-game-manager\src\db.py", line 1081, in add_game
    con.execute("""
    ~~~~~~~~~~~^^^^
        INSERT INTO games (
        ^^^^^^^^^^^^^^^^^^^
    ...<14 lines>...
        str(game.config_path) if game.config_path else None,
        ^^^^^^^^^^^^^^^^^^^^^^^^^^^^^^^^^^^^^^^^^^^^^^^^^^^^
    ))
    ^^
sqlite3.ProgrammingError: Error binding parameter 1: type 'Platform' is not supported
2026-08-18 02:03:53,565 [ERROR] xenia_manager: Failed to add game: Xbox360Game(game_id='45410860', title='Command & Conquer - Red Alert 3', platform=<Platform.XBOX360: 'Xbox360'>, config_path=None, favourite=False, last_played=None, play_count=0, play_time=0, emulator='xenia', emulator_version=None, discs=[GameDisc(media_id=None, file_path=WindowsPath('D:/roms/xbox360/Command & Conquer - Red Alert 3 (USA, Europe) (En,Es).iso'), disc_count=1, disc_type='DVD', disc_swap_required=False, disc_number=1, label=None)])
Error: Error binding parameter 1: type 'Platform' is not supported
Traceback (most recent call last):
  File "C:\PycharmProjects\xenia-game-manager\src\db.py", line 1049, in import_games_from_source
    self.add_game(game)
    ~~~~~~~~~~~~~^^^^^^
  File "C:\PycharmProjects\xenia-game-manager\src\db.py", line 1081, in add_game
    con.execute("""
    ~~~~~~~~~~~^^^^
        INSERT INTO games (
        ^^^^^^^^^^^^^^^^^^^
    ...<14 lines>...
        str(game.config_path) if game.config_path else None,
        ^^^^^^^^^^^^^^^^^^^^^^^^^^^^^^^^^^^^^^^^^^^^^^^^^^^^
    ))
    ^^
sqlite3.ProgrammingError: Error binding parameter 1: type 'Platform' is not supported
2026-08-18 02:03:53,566 [ERROR] xenia_manager: Failed to add game: Xbox360Game(game_id='454108A8', title='Battlefield Bad Company 2', platform=<Platform.XBOX360: 'Xbox360'>, config_path=None, favourite=False, last_played=None, play_count=0, play_time=0, emulator='xenia', emulator_version=None, discs=[GameDisc(media_id=None, file_path=WindowsPath('H:/roms/xbox360/Battlefield - Bad Company 2 (Europe) (En,Fr,De,Es,It,Pl,Ru) (Limited Edition).iso'), disc_count=1, disc_type='DVD', disc_swap_required=False, disc_number=1, label=None)])
Error: Error binding parameter 1: type 'Platform' is not supported
Traceback (most recent call last):
  File "C:\PycharmProjects\xenia-game-manager\src\db.py", line 1049, in import_games_from_source
    self.add_game(game)
    ~~~~~~~~~~~~~^^^^^^
  File "C:\PycharmProjects\xenia-game-manager\src\db.py", line 1081, in add_game
    con.execute("""
    ~~~~~~~~~~~^^^^
        INSERT INTO games (
        ^^^^^^^^^^^^^^^^^^^
    ...<14 lines>...
        str(game.config_path) if game.config_path else None,
        ^^^^^^^^^^^^^^^^^^^^^^^^^^^^^^^^^^^^^^^^^^^^^^^^^^^^
    ))
    ^^
sqlite3.ProgrammingError: Error binding parameter 1: type 'Platform' is not supported
2026-08-18 02:03:53,567 [ERROR] xenia_manager: Failed to add game: Xbox360Game(game_id='454108B1', title='The Beatles Rock Band', platform=<Platform.XBOX360: 'Xbox360'>, config_path=None, favourite=False, last_played=None, play_count=0, play_time=0, emulator='xenia', emulator_version=None, discs=[GameDisc(media_id=None, file_path=WindowsPath('H:/roms/xbox360/Beatles, The - Rock Band.iso'), disc_count=1, disc_type='DVD', disc_swap_required=False, disc_number=1, label=None)])
Error: Error binding parameter 1: type 'Platform' is not supported
Traceback (most recent call last):
  File "C:\PycharmProjects\xenia-game-manager\src\db.py", line 1049, in import_games_from_source
    self.add_game(game)
    ~~~~~~~~~~~~~^^^^^^
  File "C:\PycharmProjects\xenia-game-manager\src\db.py", line 1081, in add_game
    con.execute("""
    ~~~~~~~~~~~^^^^
        INSERT INTO games (
        ^^^^^^^^^^^^^^^^^^^
    ...<14 lines>...
        str(game.config_path) if game.config_path else None,
        ^^^^^^^^^^^^^^^^^^^^^^^^^^^^^^^^^^^^^^^^^^^^^^^^^^^^
    ))
    ^^
sqlite3.ProgrammingError: Error binding parameter 1: type 'Platform' is not supported
2026-08-18 02:03:53,569 [ERROR] xenia_manager: Failed to add game: Xbox360Game(game_id='454108E6', title='Skate 3', platform=<Platform.XBOX360: 'Xbox360'>, config_path=None, favourite=False, last_played=None, play_count=0, play_time=0, emulator='xenia', emulator_version=None, discs=[GameDisc(media_id=None, file_path=WindowsPath('H:/roms/xbox360/Skate 3 (USA, Europe) (En,Fr,De,Es,It,Nl).zar'), disc_count=1, disc_type='DVD', disc_swap_required=False, disc_number=1, label=None)])
Error: Error binding parameter 1: type 'Platform' is not supported
Traceback (most recent call last):
  File "C:\PycharmProjects\xenia-game-manager\src\db.py", line 1049, in import_games_from_source
    self.add_game(game)
    ~~~~~~~~~~~~~^^^^^^
  File "C:\PycharmProjects\xenia-game-manager\src\db.py", line 1081, in add_game
    con.execute("""
    ~~~~~~~~~~~^^^^
        INSERT INTO games (
        ^^^^^^^^^^^^^^^^^^^
    ...<14 lines>...
        str(game.config_path) if game.config_path else None,
        ^^^^^^^^^^^^^^^^^^^^^^^^^^^^^^^^^^^^^^^^^^^^^^^^^^^^
    ))
    ^^
sqlite3.ProgrammingError: Error binding parameter 1: type 'Platform' is not supported
2026-08-18 02:03:53,570 [ERROR] xenia_manager: Failed to add game: Xbox360Game(game_id='454108EF', title='Bulletstorm', platform=<Platform.XBOX360: 'Xbox360'>, config_path=None, favourite=False, last_played=None, play_count=0, play_time=0, emulator='xenia', emulator_version=None, discs=[GameDisc(media_id=None, file_path=WindowsPath('H:/roms/xbox360/Bulletstorm (USA, Europe) (En,Fr,De,Es,It,Pl,Ru).iso'), disc_count=1, disc_type='DVD', disc_swap_required=False, disc_number=1, label=None)])
Error: Error binding parameter 1: type 'Platform' is not supported
Traceback (most recent call last):
  File "C:\PycharmProjects\xenia-game-manager\src\db.py", line 1049, in import_games_from_source
    self.add_game(game)
    ~~~~~~~~~~~~~^^^^^^
  File "C:\PycharmProjects\xenia-game-manager\src\db.py", line 1081, in add_game
    con.execute("""
    ~~~~~~~~~~~^^^^
        INSERT INTO games (
        ^^^^^^^^^^^^^^^^^^^
    ...<14 lines>...
        str(game.config_path) if game.config_path else None,
        ^^^^^^^^^^^^^^^^^^^^^^^^^^^^^^^^^^^^^^^^^^^^^^^^^^^^
    ))
    ^^
sqlite3.ProgrammingError: Error binding parameter 1: type 'Platform' is not supported
2026-08-18 02:03:53,571 [ERROR] xenia_manager: Failed to add game: Xbox360Game(game_id='45410912', title='Portal 2', platform=<Platform.XBOX360: 'Xbox360'>, config_path=None, favourite=False, last_played=None, play_count=0, play_time=0, emulator='xenia', emulator_version=None, discs=[GameDisc(media_id=None, file_path=WindowsPath('H:/roms/xbox360/Portal 2 [RF].iso'), disc_count=1, disc_type='DVD', disc_swap_required=False, disc_number=1, label=None)])
Error: Error binding parameter 1: type 'Platform' is not supported
Traceback (most recent call last):
  File "C:\PycharmProjects\xenia-game-manager\src\db.py", line 1049, in import_games_from_source
    self.add_game(game)
    ~~~~~~~~~~~~~^^^^^^
  File "C:\PycharmProjects\xenia-game-manager\src\db.py", line 1081, in add_game
    con.execute("""
    ~~~~~~~~~~~^^^^
        INSERT INTO games (
        ^^^^^^^^^^^^^^^^^^^
    ...<14 lines>...
        str(game.config_path) if game.config_path else None,
        ^^^^^^^^^^^^^^^^^^^^^^^^^^^^^^^^^^^^^^^^^^^^^^^^^^^^
    ))
    ^^
sqlite3.ProgrammingError: Error binding parameter 1: type 'Platform' is not supported
2026-08-18 02:03:53,573 [ERROR] xenia_manager: Failed to add game: Xbox360Game(game_id='45410916', title='Alice Madness Returns', platform=<Platform.XBOX360: 'Xbox360'>, config_path=None, favourite=False, last_played=None, play_count=0, play_time=0, emulator='xenia', emulator_version=None, discs=[GameDisc(media_id=None, file_path=WindowsPath('H:/roms/xbox360/Alice - Madness Returns (USA, Europe) (En,Fr,De,Es,It).zar'), disc_count=1, disc_type='DVD', disc_swap_required=False, disc_number=1, label=None)])
Error: Error binding parameter 1: type 'Platform' is not supported
Traceback (most recent call last):
  File "C:\PycharmProjects\xenia-game-manager\src\db.py", line 1049, in import_games_from_source
    self.add_game(game)
    ~~~~~~~~~~~~~^^^^^^
  File "C:\PycharmProjects\xenia-game-manager\src\db.py", line 1081, in add_game
    con.execute("""
    ~~~~~~~~~~~^^^^
        INSERT INTO games (
        ^^^^^^^^^^^^^^^^^^^
    ...<14 lines>...
        str(game.config_path) if game.config_path else None,
        ^^^^^^^^^^^^^^^^^^^^^^^^^^^^^^^^^^^^^^^^^^^^^^^^^^^^
    ))
    ^^
sqlite3.ProgrammingError: Error binding parameter 1: type 'Platform' is not supported
2026-08-18 02:03:53,574 [ERROR] xenia_manager: Failed to add game: Xbox360Game(game_id='45410934', title='Shift 2 Unleashed', platform=<Platform.XBOX360: 'Xbox360'>, config_path=None, favourite=False, last_played=None, play_count=0, play_time=0, emulator='xenia', emulator_version=None, discs=[GameDisc(media_id=None, file_path=WindowsPath('D:/roms/xbox360/Need For Speed Shift 2 Unleashed [RF].zar'), disc_count=1, disc_type='DVD', disc_swap_required=False, disc_number=1, label=None)])
Error: Error binding parameter 1: type 'Platform' is not supported
Traceback (most recent call last):
  File "C:\PycharmProjects\xenia-game-manager\src\db.py", line 1049, in import_games_from_source
    self.add_game(game)
    ~~~~~~~~~~~~~^^^^^^
  File "C:\PycharmProjects\xenia-game-manager\src\db.py", line 1081, in add_game
    con.execute("""
    ~~~~~~~~~~~^^^^
        INSERT INTO games (
        ^^^^^^^^^^^^^^^^^^^
    ...<14 lines>...
        str(game.config_path) if game.config_path else None,
        ^^^^^^^^^^^^^^^^^^^^^^^^^^^^^^^^^^^^^^^^^^^^^^^^^^^^
    ))
    ^^
sqlite3.ProgrammingError: Error binding parameter 1: type 'Platform' is not supported
2026-08-18 02:03:53,576 [ERROR] xenia_manager: Failed to add game: Xbox360Game(game_id='4541094A', title='NEED FOR SPEED THE RUN', platform=<Platform.XBOX360: 'Xbox360'>, config_path=None, favourite=False, last_played=None, play_count=0, play_time=0, emulator='xenia', emulator_version=None, discs=[GameDisc(media_id=None, file_path=WindowsPath('H:/roms/xbox360/Need for Speed - The Run (USA) (En,Fr,Es).zar'), disc_count=1, disc_type='DVD', disc_swap_required=False, disc_number=1, label=None)])
Error: Error binding parameter 1: type 'Platform' is not supported
Traceback (most recent call last):
  File "C:\PycharmProjects\xenia-game-manager\src\db.py", line 1049, in import_games_from_source
    self.add_game(game)
    ~~~~~~~~~~~~~^^^^^^
  File "C:\PycharmProjects\xenia-game-manager\src\db.py", line 1081, in add_game
    con.execute("""
    ~~~~~~~~~~~^^^^
        INSERT INTO games (
        ^^^^^^^^^^^^^^^^^^^
    ...<14 lines>...
        str(game.config_path) if game.config_path else None,
        ^^^^^^^^^^^^^^^^^^^^^^^^^^^^^^^^^^^^^^^^^^^^^^^^^^^^
    ))
    ^^
sqlite3.ProgrammingError: Error binding parameter 1: type 'Platform' is not supported
2026-08-18 02:03:53,577 [ERROR] xenia_manager: Failed to add game: Xbox360Game(game_id='45410968', title='Crysis®', platform=<Platform.XBOX360: 'Xbox360'>, config_path=None, favourite=False, last_played=None, play_count=0, play_time=0, emulator='xenia', emulator_version=None, discs=[GameDisc(media_id=None, file_path=WindowsPath('C:/PycharmProjects/xenia-game-manager/src/downloads/GOD/Crysis (World) (GOD)/45410968/00007000/801FA873A37D786F8DB0879D89FCEF5245'), disc_count=1, disc_type='DVD', disc_swap_required=False, disc_number=1, label=None)])
Error: Error binding parameter 1: type 'Platform' is not supported
Traceback (most recent call last):
  File "C:\PycharmProjects\xenia-game-manager\src\db.py", line 1049, in import_games_from_source
    self.add_game(game)
    ~~~~~~~~~~~~~^^^^^^
  File "C:\PycharmProjects\xenia-game-manager\src\db.py", line 1081, in add_game
    con.execute("""
    ~~~~~~~~~~~^^^^
        INSERT INTO games (
        ^^^^^^^^^^^^^^^^^^^
    ...<14 lines>...
        str(game.config_path) if game.config_path else None,
        ^^^^^^^^^^^^^^^^^^^^^^^^^^^^^^^^^^^^^^^^^^^^^^^^^^^^
    ))
    ^^
sqlite3.ProgrammingError: Error binding parameter 1: type 'Platform' is not supported
2026-08-18 02:03:53,578 [ERROR] xenia_manager: Failed to add game: Xbox360Game(game_id='454109A9', title='Tiger Woods PGA TOUR 14', platform=<Platform.XBOX360: 'Xbox360'>, config_path=None, favourite=False, last_played=None, play_count=0, play_time=0, emulator='xenia', emulator_version=None, discs=[GameDisc(media_id=None, file_path=WindowsPath('D:/roms/xbox360/Tiger Woods PGA Tour 14 - Masters Historic Edition (USA, Europe).iso'), disc_count=1, disc_type='DVD', disc_swap_required=False, disc_number=1, label=None)])
Error: Error binding parameter 1: type 'Platform' is not supported
Traceback (most recent call last):
  File "C:\PycharmProjects\xenia-game-manager\src\db.py", line 1049, in import_games_from_source
    self.add_game(game)
    ~~~~~~~~~~~~~^^^^^^
  File "C:\PycharmProjects\xenia-game-manager\src\db.py", line 1081, in add_game
    con.execute("""
    ~~~~~~~~~~~^^^^
        INSERT INTO games (
        ^^^^^^^^^^^^^^^^^^^
    ...<14 lines>...
        str(game.config_path) if game.config_path else None,
        ^^^^^^^^^^^^^^^^^^^^^^^^^^^^^^^^^^^^^^^^^^^^^^^^^^^^
    ))
    ^^
sqlite3.ProgrammingError: Error binding parameter 1: type 'Platform' is not supported
2026-08-18 02:03:53,580 [ERROR] xenia_manager: Failed to add game: Xbox360Game(game_id='454109C6', title='Need for Speed Rivals', platform=<Platform.XBOX360: 'Xbox360'>, config_path=None, favourite=False, last_played=None, play_count=0, play_time=0, emulator='xenia', emulator_version=None, discs=[GameDisc(media_id=None, file_path=WindowsPath('H:/roms/xbox360/Need for Speed - Rivals (USA, Europe) (En,Ja,Fr,De,Es,It,Nl,Pt,Zh,Pl,Ru).zar'), disc_count=1, disc_type='DVD', disc_swap_required=False, disc_number=1, label=None)])
Error: Error binding parameter 1: type 'Platform' is not supported
Traceback (most recent call last):
  File "C:\PycharmProjects\xenia-game-manager\src\db.py", line 1049, in import_games_from_source
    self.add_game(game)
    ~~~~~~~~~~~~~^^^^^^
  File "C:\PycharmProjects\xenia-game-manager\src\db.py", line 1081, in add_game
    con.execute("""
    ~~~~~~~~~~~^^^^
        INSERT INTO games (
        ^^^^^^^^^^^^^^^^^^^
    ...<14 lines>...
        str(game.config_path) if game.config_path else None,
        ^^^^^^^^^^^^^^^^^^^^^^^^^^^^^^^^^^^^^^^^^^^^^^^^^^^^
    ))
    ^^
sqlite3.ProgrammingError: Error binding parameter 1: type 'Platform' is not supported
2026-08-18 02:03:53,581 [ERROR] xenia_manager: Failed to add game: Xbox360Game(game_id='454D07D2', title='FlatOut UC', platform=<Platform.XBOX360: 'Xbox360'>, config_path=None, favourite=False, last_played=None, play_count=0, play_time=0, emulator='xenia', emulator_version=None, discs=[GameDisc(media_id=None, file_path=WindowsPath('H:/roms/xbox360/FlatOut - Ultimate Carnage (USA, Europe) (En,Fr,De,Es,It).iso'), disc_count=1, disc_type='DVD', disc_swap_required=False, disc_number=1, label=None)])
Error: Error binding parameter 1: type 'Platform' is not supported
Traceback (most recent call last):
  File "C:\PycharmProjects\xenia-game-manager\src\db.py", line 1049, in import_games_from_source
    self.add_game(game)
    ~~~~~~~~~~~~~^^^^^^
  File "C:\PycharmProjects\xenia-game-manager\src\db.py", line 1081, in add_game
    con.execute("""
    ~~~~~~~~~~~^^^^
        INSERT INTO games (
        ^^^^^^^^^^^^^^^^^^^
    ...<14 lines>...
        str(game.config_path) if game.config_path else None,
        ^^^^^^^^^^^^^^^^^^^^^^^^^^^^^^^^^^^^^^^^^^^^^^^^^^^^
    ))
    ^^
sqlite3.ProgrammingError: Error binding parameter 1: type 'Platform' is not supported
2026-08-18 02:03:53,582 [ERROR] xenia_manager: Failed to add game: Xbox360Game(game_id='455607D5', title='Terminator Salvation', platform=<Platform.XBOX360: 'Xbox360'>, config_path=None, favourite=False, last_played=None, play_count=0, play_time=0, emulator='xenia', emulator_version=None, discs=[GameDisc(media_id=None, file_path=WindowsPath('D:/roms/xbox360/Terminator Salvation (USA, Europe) (En,Fr,De,Es,It,Pt).iso'), disc_count=1, disc_type='DVD', disc_swap_required=False, disc_number=1, label=None)])
Error: Error binding parameter 1: type 'Platform' is not supported
Traceback (most recent call last):
  File "C:\PycharmProjects\xenia-game-manager\src\db.py", line 1049, in import_games_from_source
    self.add_game(game)
    ~~~~~~~~~~~~~^^^^^^
  File "C:\PycharmProjects\xenia-game-manager\src\db.py", line 1081, in add_game
    con.execute("""
    ~~~~~~~~~~~^^^^
        INSERT INTO games (
        ^^^^^^^^^^^^^^^^^^^
    ...<14 lines>...
        str(game.config_path) if game.config_path else None,
        ^^^^^^^^^^^^^^^^^^^^^^^^^^^^^^^^^^^^^^^^^^^^^^^^^^^^
    ))
    ^^
sqlite3.ProgrammingError: Error binding parameter 1: type 'Platform' is not supported
2026-08-18 02:03:53,584 [ERROR] xenia_manager: Failed to add game: Xbox360Game(game_id='455607D6', title='Janes Advanced Strike Fighters', platform=<Platform.XBOX360: 'Xbox360'>, config_path=None, favourite=False, last_played=None, play_count=0, play_time=0, emulator='xenia', emulator_version=None, discs=[GameDisc(media_id=None, file_path=WindowsPath("H:/roms/xbox360/JASF - Jane's Advanced Strike Fighters (USA, Europe) (En,Fr,De,Es,It).iso"), disc_count=1, disc_type='DVD', disc_swap_required=False, disc_number=1, label=None)])
Error: Error binding parameter 1: type 'Platform' is not supported
Traceback (most recent call last):
  File "C:\PycharmProjects\xenia-game-manager\src\db.py", line 1049, in import_games_from_source
    self.add_game(game)
    ~~~~~~~~~~~~~^^^^^^
  File "C:\PycharmProjects\xenia-game-manager\src\db.py", line 1081, in add_game
    con.execute("""
    ~~~~~~~~~~~^^^^
        INSERT INTO games (
        ^^^^^^^^^^^^^^^^^^^
    ...<14 lines>...
        str(game.config_path) if game.config_path else None,
        ^^^^^^^^^^^^^^^^^^^^^^^^^^^^^^^^^^^^^^^^^^^^^^^^^^^^
    ))
    ^^
sqlite3.ProgrammingError: Error binding parameter 1: type 'Platform' is not supported
2026-08-18 02:03:53,585 [ERROR] xenia_manager: Failed to add game: Xbox360Game(game_id='464507D1', title='Blood Bowl', platform=<Platform.XBOX360: 'Xbox360'>, config_path=None, favourite=False, last_played=None, play_count=0, play_time=0, emulator='xenia', emulator_version=None, discs=[GameDisc(media_id=None, file_path=WindowsPath('D:/roms/xbox360/Blood Bowl.zar'), disc_count=1, disc_type='DVD', disc_swap_required=False, disc_number=1, label=None)])
Error: Error binding parameter 1: type 'Platform' is not supported
Traceback (most recent call last):
  File "C:\PycharmProjects\xenia-game-manager\src\db.py", line 1049, in import_games_from_source
    self.add_game(game)
    ~~~~~~~~~~~~~^^^^^^
  File "C:\PycharmProjects\xenia-game-manager\src\db.py", line 1081, in add_game
    con.execute("""
    ~~~~~~~~~~~^^^^
        INSERT INTO games (
        ^^^^^^^^^^^^^^^^^^^
    ...<14 lines>...
        str(game.config_path) if game.config_path else None,
        ^^^^^^^^^^^^^^^^^^^^^^^^^^^^^^^^^^^^^^^^^^^^^^^^^^^^
    ))
    ^^
sqlite3.ProgrammingError: Error binding parameter 1: type 'Platform' is not supported
2026-08-18 02:03:53,586 [ERROR] xenia_manager: Failed to add game: Xbox360Game(game_id='464507E1', title='Farming Simulator 15', platform=<Platform.XBOX360: 'Xbox360'>, config_path=None, favourite=False, last_played=None, play_count=0, play_time=0, emulator='xenia', emulator_version=None, discs=[GameDisc(media_id=None, file_path=WindowsPath('D:/roms/xbox360/Farming Simulator 15 (USA, Europe) (En,Fr,De,Es,It,Nl,Pt,Pl,Ru).zar'), disc_count=1, disc_type='DVD', disc_swap_required=False, disc_number=1, label=None)])
Error: Error binding parameter 1: type 'Platform' is not supported
Traceback (most recent call last):
  File "C:\PycharmProjects\xenia-game-manager\src\db.py", line 1049, in import_games_from_source
    self.add_game(game)
    ~~~~~~~~~~~~~^^^^^^
  File "C:\PycharmProjects\xenia-game-manager\src\db.py", line 1081, in add_game
    con.execute("""
    ~~~~~~~~~~~^^^^
        INSERT INTO games (
        ^^^^^^^^^^^^^^^^^^^
    ...<14 lines>...
        str(game.config_path) if game.config_path else None,
        ^^^^^^^^^^^^^^^^^^^^^^^^^^^^^^^^^^^^^^^^^^^^^^^^^^^^
    ))
    ^^
sqlite3.ProgrammingError: Error binding parameter 1: type 'Platform' is not supported
2026-08-18 02:03:53,588 [ERROR] xenia_manager: Failed to add game: Xbox360Game(game_id='464F07D1', title='IL-2 Sturmovik: Birds of Prey', platform=<Platform.XBOX360: 'Xbox360'>, config_path=None, favourite=False, last_played=None, play_count=0, play_time=0, emulator='xenia', emulator_version=None, discs=[GameDisc(media_id=None, file_path=WindowsPath('D:/roms/xbox360/IL-2 Sturmovik - Birds of Prey.zar'), disc_count=1, disc_type='DVD', disc_swap_required=False, disc_number=1, label=None)])
Error: Error binding parameter 1: type 'Platform' is not supported
Traceback (most recent call last):
  File "C:\PycharmProjects\xenia-game-manager\src\db.py", line 1049, in import_games_from_source
    self.add_game(game)
    ~~~~~~~~~~~~~^^^^^^
  File "C:\PycharmProjects\xenia-game-manager\src\db.py", line 1081, in add_game
    con.execute("""
    ~~~~~~~~~~~^^^^
        INSERT INTO games (
        ^^^^^^^^^^^^^^^^^^^
    ...<14 lines>...
        str(game.config_path) if game.config_path else None,
        ^^^^^^^^^^^^^^^^^^^^^^^^^^^^^^^^^^^^^^^^^^^^^^^^^^^^
    ))
    ^^
sqlite3.ProgrammingError: Error binding parameter 1: type 'Platform' is not supported
2026-08-18 02:03:53,589 [ERROR] xenia_manager: Failed to add game: Xbox360Game(game_id='464F07D7', title='MorphX', platform=<Platform.XBOX360: 'Xbox360'>, config_path=None, favourite=False, last_played=None, play_count=0, play_time=0, emulator='xenia', emulator_version=None, discs=[GameDisc(media_id=None, file_path=WindowsPath('D:/roms/xbox360/MorphX (USA, Europe).iso'), disc_count=1, disc_type='DVD', disc_swap_required=False, disc_number=1, label=None)])
Error: Error binding parameter 1: type 'Platform' is not supported
Traceback (most recent call last):
  File "C:\PycharmProjects\xenia-game-manager\src\db.py", line 1049, in import_games_from_source
    self.add_game(game)
    ~~~~~~~~~~~~~^^^^^^
  File "C:\PycharmProjects\xenia-game-manager\src\db.py", line 1081, in add_game
    con.execute("""
    ~~~~~~~~~~~^^^^
        INSERT INTO games (
        ^^^^^^^^^^^^^^^^^^^
    ...<14 lines>...
        str(game.config_path) if game.config_path else None,
        ^^^^^^^^^^^^^^^^^^^^^^^^^^^^^^^^^^^^^^^^^^^^^^^^^^^^
    ))
    ^^
sqlite3.ProgrammingError: Error binding parameter 1: type 'Platform' is not supported
2026-08-18 02:03:53,591 [ERROR] xenia_manager: Failed to add game: Xbox360Game(game_id='464F07D8', title='Naughty Bear', platform=<Platform.XBOX360: 'Xbox360'>, config_path=None, favourite=False, last_played=None, play_count=0, play_time=0, emulator='xenia', emulator_version=None, discs=[GameDisc(media_id=None, file_path=WindowsPath('H:/roms/xbox360/Naughty Bear Gold Edition [PAL][NTSCU].iso'), disc_count=1, disc_type='DVD', disc_swap_required=False, disc_number=1, label=None)])
Error: Error binding parameter 1: type 'Platform' is not supported
Traceback (most recent call last):
  File "C:\PycharmProjects\xenia-game-manager\src\db.py", line 1049, in import_games_from_source
    self.add_game(game)
    ~~~~~~~~~~~~~^^^^^^
  File "C:\PycharmProjects\xenia-game-manager\src\db.py", line 1081, in add_game
    con.execute("""
    ~~~~~~~~~~~^^^^
        INSERT INTO games (
        ^^^^^^^^^^^^^^^^^^^
    ...<14 lines>...
        str(game.config_path) if game.config_path else None,
        ^^^^^^^^^^^^^^^^^^^^^^^^^^^^^^^^^^^^^^^^^^^^^^^^^^^^
    ))
    ^^
sqlite3.ProgrammingError: Error binding parameter 1: type 'Platform' is not supported
2026-08-18 02:03:53,592 [ERROR] xenia_manager: Failed to add game: Xbox360Game(game_id='464F0800', title='PAYDAY 2', platform=<Platform.XBOX360: 'Xbox360'>, config_path=None, favourite=False, last_played=None, play_count=0, play_time=0, emulator='xenia', emulator_version=None, discs=[GameDisc(media_id=None, file_path=WindowsPath('D:/roms/xbox360/Payday 2.zar'), disc_count=1, disc_type='DVD', disc_swap_required=False, disc_number=1, label=None)])
Error: Error binding parameter 1: type 'Platform' is not supported
Traceback (most recent call last):
  File "C:\PycharmProjects\xenia-game-manager\src\db.py", line 1049, in import_games_from_source
    self.add_game(game)
    ~~~~~~~~~~~~~^^^^^^
  File "C:\PycharmProjects\xenia-game-manager\src\db.py", line 1081, in add_game
    con.execute("""
    ~~~~~~~~~~~^^^^
        INSERT INTO games (
        ^^^^^^^^^^^^^^^^^^^
    ...<14 lines>...
        str(game.config_path) if game.config_path else None,
        ^^^^^^^^^^^^^^^^^^^^^^^^^^^^^^^^^^^^^^^^^^^^^^^^^^^^
    ))
    ^^
sqlite3.ProgrammingError: Error binding parameter 1: type 'Platform' is not supported
2026-08-18 02:03:53,593 [ERROR] xenia_manager: Failed to add game: Xbox360Game(game_id='465307DA', title='AC for Answer', platform=<Platform.XBOX360: 'Xbox360'>, config_path=None, favourite=False, last_played=None, play_count=0, play_time=0, emulator='xenia', emulator_version=None, discs=[GameDisc(media_id=None, file_path=WindowsPath('H:/roms/xbox360/Armored Core - For Answer.iso'), disc_count=1, disc_type='DVD', disc_swap_required=False, disc_number=1, label=None)])
Error: Error binding parameter 1: type 'Platform' is not supported
Traceback (most recent call last):
  File "C:\PycharmProjects\xenia-game-manager\src\db.py", line 1049, in import_games_from_source
    self.add_game(game)
    ~~~~~~~~~~~~~^^^^^^
  File "C:\PycharmProjects\xenia-game-manager\src\db.py", line 1081, in add_game
    con.execute("""
    ~~~~~~~~~~~^^^^
        INSERT INTO games (
        ^^^^^^^^^^^^^^^^^^^
    ...<14 lines>...
        str(game.config_path) if game.config_path else None,
        ^^^^^^^^^^^^^^^^^^^^^^^^^^^^^^^^^^^^^^^^^^^^^^^^^^^^
    ))
    ^^
sqlite3.ProgrammingError: Error binding parameter 1: type 'Platform' is not supported
2026-08-18 02:03:53,595 [ERROR] xenia_manager: Failed to add game: Xbox360Game(game_id='465307E4', title='Dark Souls 2', platform=<Platform.XBOX360: 'Xbox360'>, config_path=None, favourite=False, last_played=None, play_count=0, play_time=0, emulator='xenia', emulator_version=None, discs=[GameDisc(media_id=None, file_path=WindowsPath('D:/roms/xbox360/Dark Souls II (World) (En,Ja,Fr,De,Es,It,Zh,Ko,Pl,Ru).zar'), disc_count=1, disc_type='DVD', disc_swap_required=False, disc_number=1, label=None)])
Error: Error binding parameter 1: type 'Platform' is not supported
Traceback (most recent call last):
  File "C:\PycharmProjects\xenia-game-manager\src\db.py", line 1049, in import_games_from_source
    self.add_game(game)
    ~~~~~~~~~~~~~^^^^^^
  File "C:\PycharmProjects\xenia-game-manager\src\db.py", line 1081, in add_game
    con.execute("""
    ~~~~~~~~~~~^^^^
        INSERT INTO games (
        ^^^^^^^^^^^^^^^^^^^
    ...<14 lines>...
        str(game.config_path) if game.config_path else None,
        ^^^^^^^^^^^^^^^^^^^^^^^^^^^^^^^^^^^^^^^^^^^^^^^^^^^^
    ))
    ^^
sqlite3.ProgrammingError: Error binding parameter 1: type 'Platform' is not supported
2026-08-18 02:03:53,596 [ERROR] xenia_manager: Failed to add game: Xbox360Game(game_id='494D085D', title='OXMT Menu_r.exe', platform=<Platform.XBOX360: 'Xbox360'>, config_path=None, favourite=False, last_played=None, play_count=0, play_time=0, emulator='xenia', emulator_version=None, discs=[GameDisc(media_id=None, file_path=WindowsPath('D:/roms/xbox360/Xbox 360 - The Official Xbox Magazine Issue 100 - July 2013.iso'), disc_count=1, disc_type='DVD', disc_swap_required=False, disc_number=1, label=None)])
Error: Error binding parameter 1: type 'Platform' is not supported
Traceback (most recent call last):
  File "C:\PycharmProjects\xenia-game-manager\src\db.py", line 1049, in import_games_from_source
    self.add_game(game)
    ~~~~~~~~~~~~~^^^^^^
  File "C:\PycharmProjects\xenia-game-manager\src\db.py", line 1081, in add_game
    con.execute("""
    ~~~~~~~~~~~^^^^
        INSERT INTO games (
        ^^^^^^^^^^^^^^^^^^^
    ...<14 lines>...
        str(game.config_path) if game.config_path else None,
        ^^^^^^^^^^^^^^^^^^^^^^^^^^^^^^^^^^^^^^^^^^^^^^^^^^^^
    ))
    ^^
sqlite3.ProgrammingError: Error binding parameter 1: type 'Platform' is not supported
2026-08-18 02:03:53,597 [ERROR] xenia_manager: Failed to add game: Xbox360Game(game_id='4B4D07D1', title='Sacred 2 Fallen Angel', platform=<Platform.XBOX360: 'Xbox360'>, config_path=None, favourite=False, last_played=None, play_count=0, play_time=0, emulator='xenia', emulator_version=None, discs=[GameDisc(media_id=None, file_path=WindowsPath('H:/roms/xbox360/Sacred 2 - Fallen Angel (Europe) (Fr,De).iso'), disc_count=1, disc_type='DVD', disc_swap_required=False, disc_number=1, label=None)])
Error: Error binding parameter 1: type 'Platform' is not supported
Traceback (most recent call last):
  File "C:\PycharmProjects\xenia-game-manager\src\db.py", line 1049, in import_games_from_source
    self.add_game(game)
    ~~~~~~~~~~~~~^^^^^^
  File "C:\PycharmProjects\xenia-game-manager\src\db.py", line 1081, in add_game
    con.execute("""
    ~~~~~~~~~~~^^^^
        INSERT INTO games (
        ^^^^^^^^^^^^^^^^^^^
    ...<14 lines>...
        str(game.config_path) if game.config_path else None,
        ^^^^^^^^^^^^^^^^^^^^^^^^^^^^^^^^^^^^^^^^^^^^^^^^^^^^
    ))
    ^^
sqlite3.ProgrammingError: Error binding parameter 1: type 'Platform' is not supported
2026-08-18 02:03:53,599 [ERROR] xenia_manager: Failed to add game: Xbox360Game(game_id='4B4D07DF', title='Dead Island', platform=<Platform.XBOX360: 'Xbox360'>, config_path=None, favourite=False, last_played=None, play_count=0, play_time=0, emulator='xenia', emulator_version=None, discs=[GameDisc(media_id=None, file_path=WindowsPath('D:/roms/xbox360/Dead Island - Game of the Year Edition (USA, Europe) (En,Fr,De,Es,It,Pl).zar'), disc_count=1, disc_type='DVD', disc_swap_required=False, disc_number=1, label=None)])
Error: Error binding parameter 1: type 'Platform' is not supported
Traceback (most recent call last):
  File "C:\PycharmProjects\xenia-game-manager\src\db.py", line 1049, in import_games_from_source
    self.add_game(game)
    ~~~~~~~~~~~~~^^^^^^
  File "C:\PycharmProjects\xenia-game-manager\src\db.py", line 1081, in add_game
    con.execute("""
    ~~~~~~~~~~~^^^^
        INSERT INTO games (
        ^^^^^^^^^^^^^^^^^^^
    ...<14 lines>...
        str(game.config_path) if game.config_path else None,
        ^^^^^^^^^^^^^^^^^^^^^^^^^^^^^^^^^^^^^^^^^^^^^^^^^^^^
    ))
    ^^
sqlite3.ProgrammingError: Error binding parameter 1: type 'Platform' is not supported
2026-08-18 02:03:53,600 [ERROR] xenia_manager: Failed to add game: Xbox360Game(game_id='4B4D07E0', title="Nail'd", platform=<Platform.XBOX360: 'Xbox360'>, config_path=None, favourite=False, last_played=None, play_count=0, play_time=0, emulator='xenia', emulator_version=None, discs=[GameDisc(media_id=None, file_path=WindowsPath("D:/roms/xbox360/Nail'd.zar"), disc_count=1, disc_type='DVD', disc_swap_required=False, disc_number=1, label=None)])
Error: Error binding parameter 1: type 'Platform' is not supported
Traceback (most recent call last):
  File "C:\PycharmProjects\xenia-game-manager\src\db.py", line 1049, in import_games_from_source
    self.add_game(game)
    ~~~~~~~~~~~~~^^^^^^
  File "C:\PycharmProjects\xenia-game-manager\src\db.py", line 1081, in add_game
    con.execute("""
    ~~~~~~~~~~~^^^^
        INSERT INTO games (
        ^^^^^^^^^^^^^^^^^^^
    ...<14 lines>...
        str(game.config_path) if game.config_path else None,
        ^^^^^^^^^^^^^^^^^^^^^^^^^^^^^^^^^^^^^^^^^^^^^^^^^^^^
    ))
    ^^
sqlite3.ProgrammingError: Error binding parameter 1: type 'Platform' is not supported
2026-08-18 02:03:53,601 [ERROR] xenia_manager: Failed to add game: Xbox360Game(game_id='4B4D07E9', title='Ride to Hell: Retribution', platform=<Platform.XBOX360: 'Xbox360'>, config_path=None, favourite=False, last_played=None, play_count=0, play_time=0, emulator='xenia', emulator_version=None, discs=[GameDisc(media_id=None, file_path=WindowsPath('D:/roms/xbox360/Ride to Hell - Retribution (USA, Europe).iso'), disc_count=1, disc_type='DVD', disc_swap_required=False, disc_number=1, label=None)])
Error: Error binding parameter 1: type 'Platform' is not supported
Traceback (most recent call last):
  File "C:\PycharmProjects\xenia-game-manager\src\db.py", line 1049, in import_games_from_source
    self.add_game(game)
    ~~~~~~~~~~~~~^^^^^^
  File "C:\PycharmProjects\xenia-game-manager\src\db.py", line 1081, in add_game
    con.execute("""
    ~~~~~~~~~~~^^^^
        INSERT INTO games (
        ^^^^^^^^^^^^^^^^^^^
    ...<14 lines>...
        str(game.config_path) if game.config_path else None,
        ^^^^^^^^^^^^^^^^^^^^^^^^^^^^^^^^^^^^^^^^^^^^^^^^^^^^
    ))
    ^^
sqlite3.ProgrammingError: Error binding parameter 1: type 'Platform' is not supported
2026-08-18 02:03:53,603 [ERROR] xenia_manager: Failed to add game: Xbox360Game(game_id='4B4D07F2', title='Dead Island Riptide', platform=<Platform.XBOX360: 'Xbox360'>, config_path=None, favourite=False, last_played=None, play_count=0, play_time=0, emulator='xenia', emulator_version=None, discs=[GameDisc(media_id=None, file_path=WindowsPath('D:/roms/xbox360/Dead Island - Riptide - Complete Edition.zar'), disc_count=1, disc_type='DVD', disc_swap_required=False, disc_number=1, label=None)])
Error: Error binding parameter 1: type 'Platform' is not supported
Traceback (most recent call last):
  File "C:\PycharmProjects\xenia-game-manager\src\db.py", line 1049, in import_games_from_source
    self.add_game(game)
    ~~~~~~~~~~~~~^^^^^^
  File "C:\PycharmProjects\xenia-game-manager\src\db.py", line 1081, in add_game
    con.execute("""
    ~~~~~~~~~~~^^^^
        INSERT INTO games (
        ^^^^^^^^^^^^^^^^^^^
    ...<14 lines>...
        str(game.config_path) if game.config_path else None,
        ^^^^^^^^^^^^^^^^^^^^^^^^^^^^^^^^^^^^^^^^^^^^^^^^^^^^
    ))
    ^^
sqlite3.ProgrammingError: Error binding parameter 1: type 'Platform' is not supported
2026-08-18 02:03:53,604 [ERROR] xenia_manager: Failed to add game: Xbox360Game(game_id='4B4D07F5', title='Metro Last Light', platform=<Platform.XBOX360: 'Xbox360'>, config_path=None, favourite=False, last_played=None, play_count=0, play_time=0, emulator='xenia', emulator_version=None, discs=[GameDisc(media_id=None, file_path=WindowsPath('H:/roms/xbox360/Metro - Last Light (World) (En,Fr,De,Es,It,Nl,Pl,Ru,Cs).zar'), disc_count=1, disc_type='DVD', disc_swap_required=False, disc_number=1, label=None)])
Error: Error binding parameter 1: type 'Platform' is not supported
Traceback (most recent call last):
  File "C:\PycharmProjects\xenia-game-manager\src\db.py", line 1049, in import_games_from_source
    self.add_game(game)
    ~~~~~~~~~~~~~^^^^^^
  File "C:\PycharmProjects\xenia-game-manager\src\db.py", line 1081, in add_game
    con.execute("""
    ~~~~~~~~~~~^^^^
        INSERT INTO games (
        ^^^^^^^^^^^^^^^^^^^
    ...<14 lines>...
        str(game.config_path) if game.config_path else None,
        ^^^^^^^^^^^^^^^^^^^^^^^^^^^^^^^^^^^^^^^^^^^^^^^^^^^^
    ))
    ^^
sqlite3.ProgrammingError: Error binding parameter 1: type 'Platform' is not supported
2026-08-18 02:03:53,605 [ERROR] xenia_manager: Failed to add game: Xbox360Game(game_id='4B4D07F6', title='Saints Row IV', platform=<Platform.XBOX360: 'Xbox360'>, config_path=None, favourite=False, last_played=None, play_count=0, play_time=0, emulator='xenia', emulator_version=None, discs=[GameDisc(media_id=None, file_path=WindowsPath('D:/roms/xbox360/Saints Row IV - National Treasure Edition.zar'), disc_count=1, disc_type='DVD', disc_swap_required=False, disc_number=1, label=None)])
Error: Error binding parameter 1: type 'Platform' is not supported
Traceback (most recent call last):
  File "C:\PycharmProjects\xenia-game-manager\src\db.py", line 1049, in import_games_from_source
    self.add_game(game)
    ~~~~~~~~~~~~~^^^^^^
  File "C:\PycharmProjects\xenia-game-manager\src\db.py", line 1081, in add_game
    con.execute("""
    ~~~~~~~~~~~^^^^
        INSERT INTO games (
        ^^^^^^^^^^^^^^^^^^^
    ...<14 lines>...
        str(game.config_path) if game.config_path else None,
        ^^^^^^^^^^^^^^^^^^^^^^^^^^^^^^^^^^^^^^^^^^^^^^^^^^^^
    ))
    ^^
sqlite3.ProgrammingError: Error binding parameter 1: type 'Platform' is not supported
2026-08-18 02:03:53,607 [ERROR] xenia_manager: Failed to add game: Xbox360Game(game_id='4B4D0800', title='Saints Row: Gat out of Hell', platform=<Platform.XBOX360: 'Xbox360'>, config_path=None, favourite=False, last_played=None, play_count=0, play_time=0, emulator='xenia', emulator_version=None, discs=[GameDisc(media_id=None, file_path=WindowsPath('D:/roms/xbox360/Saints Row - Gat out of Hell (USA, Europe) (En,Fr,De,Es,It,Pl,Ru).zar'), disc_count=1, disc_type='DVD', disc_swap_required=False, disc_number=1, label=None)])
Error: Error binding parameter 1: type 'Platform' is not supported
Traceback (most recent call last):
  File "C:\PycharmProjects\xenia-game-manager\src\db.py", line 1049, in import_games_from_source
    self.add_game(game)
    ~~~~~~~~~~~~~^^^^^^
  File "C:\PycharmProjects\xenia-game-manager\src\db.py", line 1081, in add_game
    con.execute("""
    ~~~~~~~~~~~^^^^
        INSERT INTO games (
        ^^^^^^^^^^^^^^^^^^^
    ...<14 lines>...
        str(game.config_path) if game.config_path else None,
        ^^^^^^^^^^^^^^^^^^^^^^^^^^^^^^^^^^^^^^^^^^^^^^^^^^^^
    ))
    ^^
sqlite3.ProgrammingError: Error binding parameter 1: type 'Platform' is not supported
2026-08-18 02:03:53,608 [ERROR] xenia_manager: Failed to add game: Xbox360Game(game_id='4B4E07D3', title='Hellboy TSoE', platform=<Platform.XBOX360: 'Xbox360'>, config_path=None, favourite=False, last_played=None, play_count=0, play_time=0, emulator='xenia', emulator_version=None, discs=[GameDisc(media_id=None, file_path=WindowsPath('H:/roms/xbox360/Hellboy - The Science of Evil (USA, Europe) (En,Fr,De,Es,It).iso'), disc_count=1, disc_type='DVD', disc_swap_required=False, disc_number=1, label=None)])
Error: Error binding parameter 1: type 'Platform' is not supported
Traceback (most recent call last):
  File "C:\PycharmProjects\xenia-game-manager\src\db.py", line 1049, in import_games_from_source
    self.add_game(game)
    ~~~~~~~~~~~~~^^^^^^
  File "C:\PycharmProjects\xenia-game-manager\src\db.py", line 1081, in add_game
    con.execute("""
    ~~~~~~~~~~~^^^^
        INSERT INTO games (
        ^^^^^^^^^^^^^^^^^^^
    ...<14 lines>...
        str(game.config_path) if game.config_path else None,
        ^^^^^^^^^^^^^^^^^^^^^^^^^^^^^^^^^^^^^^^^^^^^^^^^^^^^
    ))
    ^^
sqlite3.ProgrammingError: Error binding parameter 1: type 'Platform' is not supported
2026-08-18 02:03:53,609 [ERROR] xenia_manager: Failed to add game: Xbox360Game(game_id='4B4E07E5', title='Silent Hill Homecoming', platform=<Platform.XBOX360: 'Xbox360'>, config_path=None, favourite=False, last_played=None, play_count=0, play_time=0, emulator='xenia', emulator_version=None, discs=[GameDisc(media_id=None, file_path=WindowsPath('D:/roms/xbox360/Silent Hill - Homecoming (USA) (En,Fr,De,Es,It).iso'), disc_count=1, disc_type='DVD', disc_swap_required=False, disc_number=1, label=None)])
Error: Error binding parameter 1: type 'Platform' is not supported
Traceback (most recent call last):
  File "C:\PycharmProjects\xenia-game-manager\src\db.py", line 1049, in import_games_from_source
    self.add_game(game)
    ~~~~~~~~~~~~~^^^^^^
  File "C:\PycharmProjects\xenia-game-manager\src\db.py", line 1081, in add_game
    con.execute("""
    ~~~~~~~~~~~^^^^
        INSERT INTO games (
        ^^^^^^^^^^^^^^^^^^^
    ...<14 lines>...
        str(game.config_path) if game.config_path else None,
        ^^^^^^^^^^^^^^^^^^^^^^^^^^^^^^^^^^^^^^^^^^^^^^^^^^^^
    ))
    ^^
sqlite3.ProgrammingError: Error binding parameter 1: type 'Platform' is not supported
2026-08-18 02:03:53,611 [ERROR] xenia_manager: Failed to add game: Xbox360Game(game_id='4B4E07EE', title='オトメディウスGゴージャス', platform=<Platform.XBOX360: 'Xbox360'>, config_path=None, favourite=False, last_played=None, play_count=0, play_time=0, emulator='xenia', emulator_version=None, discs=[GameDisc(media_id=None, file_path=WindowsPath('D:/roms/xbox360/Otomedius Gorgeous! (Japan).iso'), disc_count=1, disc_type='DVD', disc_swap_required=False, disc_number=1, label=None)])
Error: Error binding parameter 1: type 'Platform' is not supported
Traceback (most recent call last):
  File "C:\PycharmProjects\xenia-game-manager\src\db.py", line 1049, in import_games_from_source
    self.add_game(game)
    ~~~~~~~~~~~~~^^^^^^
  File "C:\PycharmProjects\xenia-game-manager\src\db.py", line 1081, in add_game
    con.execute("""
    ~~~~~~~~~~~^^^^
        INSERT INTO games (
        ^^^^^^^^^^^^^^^^^^^
    ...<14 lines>...
        str(game.config_path) if game.config_path else None,
        ^^^^^^^^^^^^^^^^^^^^^^^^^^^^^^^^^^^^^^^^^^^^^^^^^^^^
    ))
    ^^
sqlite3.ProgrammingError: Error binding parameter 1: type 'Platform' is not supported
2026-08-18 02:03:53,612 [ERROR] xenia_manager: Failed to add game: Xbox360Game(game_id='4B4E0823', title='Silent Hill  Downpour', platform=<Platform.XBOX360: 'Xbox360'>, config_path=None, favourite=False, last_played=None, play_count=0, play_time=0, emulator='xenia', emulator_version=None, discs=[GameDisc(media_id=None, file_path=WindowsPath('D:/roms/xbox360/Silent Hill - Downpour (USA, Europe) (En,Fr,De,Es,It,Pt).iso'), disc_count=1, disc_type='DVD', disc_swap_required=False, disc_number=1, label=None)])
Error: Error binding parameter 1: type 'Platform' is not supported
Traceback (most recent call last):
  File "C:\PycharmProjects\xenia-game-manager\src\db.py", line 1049, in import_games_from_source
    self.add_game(game)
    ~~~~~~~~~~~~~^^^^^^
  File "C:\PycharmProjects\xenia-game-manager\src\db.py", line 1081, in add_game
    con.execute("""
    ~~~~~~~~~~~^^^^
        INSERT INTO games (
        ^^^^^^^^^^^^^^^^^^^
    ...<14 lines>...
        str(game.config_path) if game.config_path else None,
        ^^^^^^^^^^^^^^^^^^^^^^^^^^^^^^^^^^^^^^^^^^^^^^^^^^^^
    ))
    ^^
sqlite3.ProgrammingError: Error binding parameter 1: type 'Platform' is not supported
2026-08-18 02:03:53,614 [ERROR] xenia_manager: Failed to add game: Xbox360Game(game_id='4B4E0839', title='Birds of Steel', platform=<Platform.XBOX360: 'Xbox360'>, config_path=None, favourite=False, last_played=None, play_count=0, play_time=0, emulator='xenia', emulator_version=None, discs=[GameDisc(media_id=None, file_path=WindowsPath('D:/roms/xbox360/Birds of Steel (Europe).zar'), disc_count=1, disc_type='DVD', disc_swap_required=False, disc_number=1, label=None)])
Error: Error binding parameter 1: type 'Platform' is not supported
Traceback (most recent call last):
  File "C:\PycharmProjects\xenia-game-manager\src\db.py", line 1049, in import_games_from_source
    self.add_game(game)
    ~~~~~~~~~~~~~^^^^^^
  File "C:\PycharmProjects\xenia-game-manager\src\db.py", line 1081, in add_game
    con.execute("""
    ~~~~~~~~~~~^^^^
        INSERT INTO games (
        ^^^^^^^^^^^^^^^^^^^
    ...<14 lines>...
        str(game.config_path) if game.config_path else None,
        ^^^^^^^^^^^^^^^^^^^^^^^^^^^^^^^^^^^^^^^^^^^^^^^^^^^^
    ))
    ^^
sqlite3.ProgrammingError: Error binding parameter 1: type 'Platform' is not supported
2026-08-18 02:03:53,615 [ERROR] xenia_manager: Failed to add game: Xbox360Game(game_id='4B4E083A', title='Otomedius Excellent', platform=<Platform.XBOX360: 'Xbox360'>, config_path=None, favourite=False, last_played=None, play_count=0, play_time=0, emulator='xenia', emulator_version=None, discs=[GameDisc(media_id=None, file_path=WindowsPath('D:/roms/xbox360/Otomedius Excellent (USA, Canada).iso'), disc_count=1, disc_type='DVD', disc_swap_required=False, disc_number=1, label=None)])
Error: Error binding parameter 1: type 'Platform' is not supported
Traceback (most recent call last):
  File "C:\PycharmProjects\xenia-game-manager\src\db.py", line 1049, in import_games_from_source
    self.add_game(game)
    ~~~~~~~~~~~~~^^^^^^
  File "C:\PycharmProjects\xenia-game-manager\src\db.py", line 1081, in add_game
    con.execute("""
    ~~~~~~~~~~~^^^^
        INSERT INTO games (
        ^^^^^^^^^^^^^^^^^^^
    ...<14 lines>...
        str(game.config_path) if game.config_path else None,
        ^^^^^^^^^^^^^^^^^^^^^^^^^^^^^^^^^^^^^^^^^^^^^^^^^^^^
    ))
    ^^
sqlite3.ProgrammingError: Error binding parameter 1: type 'Platform' is not supported
2026-08-18 02:03:53,616 [ERROR] xenia_manager: Failed to add game: Xbox360Game(game_id='4B4E084D', title='Castlevania: Lords of Shadow 2', platform=<Platform.XBOX360: 'Xbox360'>, config_path=None, favourite=False, last_played=None, play_count=0, play_time=0, emulator='xenia', emulator_version=None, discs=[GameDisc(media_id=None, file_path=WindowsPath('D:/roms/xbox360/Castlevania - Lords of Shadow 2.zar'), disc_count=1, disc_type='DVD', disc_swap_required=False, disc_number=1, label=None)])
Error: Error binding parameter 1: type 'Platform' is not supported
Traceback (most recent call last):
  File "C:\PycharmProjects\xenia-game-manager\src\db.py", line 1049, in import_games_from_source
    self.add_game(game)
    ~~~~~~~~~~~~~^^^^^^
  File "C:\PycharmProjects\xenia-game-manager\src\db.py", line 1081, in add_game
    con.execute("""
    ~~~~~~~~~~~^^^^
        INSERT INTO games (
        ^^^^^^^^^^^^^^^^^^^
    ...<14 lines>...
        str(game.config_path) if game.config_path else None,
        ^^^^^^^^^^^^^^^^^^^^^^^^^^^^^^^^^^^^^^^^^^^^^^^^^^^^
    ))
    ^^
sqlite3.ProgrammingError: Error binding parameter 1: type 'Platform' is not supported
2026-08-18 02:03:53,618 [ERROR] xenia_manager: Failed to add game: Xbox360Game(game_id='4B4E085E', title='Metal Gear Solid V: The Phantom Pain (1FF1D358)', platform=<Platform.XBOX360: 'Xbox360'>, config_path=None, favourite=False, last_played=None, play_count=0, play_time=0, emulator='xenia', emulator_version=None, discs=[GameDisc(media_id=None, file_path=WindowsPath('D:/roms/xbox360/Metal Gear Solid V - The Phantom Pain (USA, Europe) (En,Ja,Fr,De,Es,It,Pt,Ru) (Disc 1).zar'), disc_count=1, disc_type='DVD', disc_swap_required=False, disc_number=1, label=None)])
Error: Error binding parameter 1: type 'Platform' is not supported
Traceback (most recent call last):
  File "C:\PycharmProjects\xenia-game-manager\src\db.py", line 1049, in import_games_from_source
    self.add_game(game)
    ~~~~~~~~~~~~~^^^^^^
  File "C:\PycharmProjects\xenia-game-manager\src\db.py", line 1081, in add_game
    con.execute("""
    ~~~~~~~~~~~^^^^
        INSERT INTO games (
        ^^^^^^^^^^^^^^^^^^^
    ...<14 lines>...
        str(game.config_path) if game.config_path else None,
        ^^^^^^^^^^^^^^^^^^^^^^^^^^^^^^^^^^^^^^^^^^^^^^^^^^^^
    ))
    ^^
sqlite3.ProgrammingError: Error binding parameter 1: type 'Platform' is not supported
2026-08-18 02:03:53,619 [ERROR] xenia_manager: Failed to add game: Xbox360Game(game_id='4B4E085E', title='Metal Gear Solid V: The Phantom Pain (1395B6F2)', platform=<Platform.XBOX360: 'Xbox360'>, config_path=None, favourite=False, last_played=None, play_count=0, play_time=0, emulator='xenia', emulator_version=None, discs=[GameDisc(media_id=None, file_path=WindowsPath('D:/roms/xbox360/Metal Gear Solid V - The Phantom Pain (USA, Europe) (En,Ja,Fr,De,Es,It,Pt,Ru) (Disc 2).zar'), disc_count=1, disc_type='DVD', disc_swap_required=False, disc_number=1, label=None)])
Error: Error binding parameter 1: type 'Platform' is not supported
Traceback (most recent call last):
  File "C:\PycharmProjects\xenia-game-manager\src\db.py", line 1049, in import_games_from_source
    self.add_game(game)
    ~~~~~~~~~~~~~^^^^^^
  File "C:\PycharmProjects\xenia-game-manager\src\db.py", line 1081, in add_game
    con.execute("""
    ~~~~~~~~~~~^^^^
        INSERT INTO games (
        ^^^^^^^^^^^^^^^^^^^
    ...<14 lines>...
        str(game.config_path) if game.config_path else None,
        ^^^^^^^^^^^^^^^^^^^^^^^^^^^^^^^^^^^^^^^^^^^^^^^^^^^^
    ))
    ^^
sqlite3.ProgrammingError: Error binding parameter 1: type 'Platform' is not supported
2026-08-18 02:03:53,620 [ERROR] xenia_manager: Failed to add game: Xbox360Game(game_id='4B5607E3', title='Fist of the North Star Kens rage 2', platform=<Platform.XBOX360: 'Xbox360'>, config_path=None, favourite=False, last_played=None, play_count=0, play_time=0, emulator='xenia', emulator_version=None, discs=[GameDisc(media_id=None, file_path=WindowsPath("H:/roms/xbox360/Fist of the North Star - Ken's Rage 2 (USA).iso"), disc_count=1, disc_type='DVD', disc_swap_required=False, disc_number=1, label=None)])
Error: Error binding parameter 1: type 'Platform' is not supported
Traceback (most recent call last):
  File "C:\PycharmProjects\xenia-game-manager\src\db.py", line 1049, in import_games_from_source
    self.add_game(game)
    ~~~~~~~~~~~~~^^^^^^
  File "C:\PycharmProjects\xenia-game-manager\src\db.py", line 1081, in add_game
    con.execute("""
    ~~~~~~~~~~~^^^^
        INSERT INTO games (
        ^^^^^^^^^^^^^^^^^^^
    ...<14 lines>...
        str(game.config_path) if game.config_path else None,
        ^^^^^^^^^^^^^^^^^^^^^^^^^^^^^^^^^^^^^^^^^^^^^^^^^^^^
    ))
    ^^
sqlite3.ProgrammingError: Error binding parameter 1: type 'Platform' is not supported
2026-08-18 02:03:53,622 [ERROR] xenia_manager: Failed to add game: Xbox360Game(game_id='4B5907DC', title='Tropico 4', platform=<Platform.XBOX360: 'Xbox360'>, config_path=None, favourite=False, last_played=None, play_count=0, play_time=0, emulator='xenia', emulator_version=None, discs=[GameDisc(media_id=None, file_path=WindowsPath('D:/roms/xbox360/Tropico 4 - Gold Edition (USA, Europe) (En,Ja,Fr,De,Es,It).iso'), disc_count=1, disc_type='DVD', disc_swap_required=False, disc_number=1, label=None)])
Error: Error binding parameter 1: type 'Platform' is not supported
Traceback (most recent call last):
  File "C:\PycharmProjects\xenia-game-manager\src\db.py", line 1049, in import_games_from_source
    self.add_game(game)
    ~~~~~~~~~~~~~^^^^^^
  File "C:\PycharmProjects\xenia-game-manager\src\db.py", line 1081, in add_game
    con.execute("""
    ~~~~~~~~~~~^^^^
        INSERT INTO games (
        ^^^^^^^^^^^^^^^^^^^
    ...<14 lines>...
        str(game.config_path) if game.config_path else None,
        ^^^^^^^^^^^^^^^^^^^^^^^^^^^^^^^^^^^^^^^^^^^^^^^^^^^^
    ))
    ^^
sqlite3.ProgrammingError: Error binding parameter 1: type 'Platform' is not supported
2026-08-18 02:03:53,623 [ERROR] xenia_manager: Failed to add game: Xbox360Game(game_id='4B5907E0', title='Air Conflicts Secret Wars', platform=<Platform.XBOX360: 'Xbox360'>, config_path=None, favourite=False, last_played=None, play_count=0, play_time=0, emulator='xenia', emulator_version=None, discs=[GameDisc(media_id=None, file_path=WindowsPath('H:/roms/xbox360/Air Conflicts - Secret Wars (USA).iso'), disc_count=1, disc_type='DVD', disc_swap_required=False, disc_number=1, label=None)])
Error: Error binding parameter 1: type 'Platform' is not supported
Traceback (most recent call last):
  File "C:\PycharmProjects\xenia-game-manager\src\db.py", line 1049, in import_games_from_source
    self.add_game(game)
    ~~~~~~~~~~~~~^^^^^^
  File "C:\PycharmProjects\xenia-game-manager\src\db.py", line 1081, in add_game
    con.execute("""
    ~~~~~~~~~~~^^^^
        INSERT INTO games (
        ^^^^^^^^^^^^^^^^^^^
    ...<14 lines>...
        str(game.config_path) if game.config_path else None,
        ^^^^^^^^^^^^^^^^^^^^^^^^^^^^^^^^^^^^^^^^^^^^^^^^^^^^
    ))
    ^^
sqlite3.ProgrammingError: Error binding parameter 1: type 'Platform' is not supported
2026-08-18 02:03:53,624 [ERROR] xenia_manager: Failed to add game: Xbox360Game(game_id='4B5907E5', title='Omerta - City of Gangsters', platform=<Platform.XBOX360: 'Xbox360'>, config_path=None, favourite=False, last_played=None, play_count=0, play_time=0, emulator='xenia', emulator_version=None, discs=[GameDisc(media_id=None, file_path=WindowsPath('D:/roms/xbox360/Omerta - City of Gangsters (USA, Europe).iso'), disc_count=1, disc_type='DVD', disc_swap_required=False, disc_number=1, label=None)])
Error: Error binding parameter 1: type 'Platform' is not supported
Traceback (most recent call last):
  File "C:\PycharmProjects\xenia-game-manager\src\db.py", line 1049, in import_games_from_source
    self.add_game(game)
    ~~~~~~~~~~~~~^^^^^^
  File "C:\PycharmProjects\xenia-game-manager\src\db.py", line 1081, in add_game
    con.execute("""
    ~~~~~~~~~~~^^^^
        INSERT INTO games (
        ^^^^^^^^^^^^^^^^^^^
    ...<14 lines>...
        str(game.config_path) if game.config_path else None,
        ^^^^^^^^^^^^^^^^^^^^^^^^^^^^^^^^^^^^^^^^^^^^^^^^^^^^
    ))
    ^^
sqlite3.ProgrammingError: Error binding parameter 1: type 'Platform' is not supported
2026-08-18 02:03:53,626 [ERROR] xenia_manager: Failed to add game: Xbox360Game(game_id='4B5907E6', title='Dark', platform=<Platform.XBOX360: 'Xbox360'>, config_path=None, favourite=False, last_played=None, play_count=0, play_time=0, emulator='xenia', emulator_version=None, discs=[GameDisc(media_id=None, file_path=WindowsPath('D:/roms/xbox360/Dark (USA, Europe).zar'), disc_count=1, disc_type='DVD', disc_swap_required=False, disc_number=1, label=None)])
Error: Error binding parameter 1: type 'Platform' is not supported
Traceback (most recent call last):
  File "C:\PycharmProjects\xenia-game-manager\src\db.py", line 1049, in import_games_from_source
    self.add_game(game)
    ~~~~~~~~~~~~~^^^^^^
  File "C:\PycharmProjects\xenia-game-manager\src\db.py", line 1081, in add_game
    con.execute("""
    ~~~~~~~~~~~^^^^
        INSERT INTO games (
        ^^^^^^^^^^^^^^^^^^^
    ...<14 lines>...
        str(game.config_path) if game.config_path else None,
        ^^^^^^^^^^^^^^^^^^^^^^^^^^^^^^^^^^^^^^^^^^^^^^^^^^^^
    ))
    ^^
sqlite3.ProgrammingError: Error binding parameter 1: type 'Platform' is not supported
2026-08-18 02:03:53,627 [ERROR] xenia_manager: Failed to add game: Xbox360Game(game_id='4C4107D2', title='Star Wars: The Force Unleashed (6CD9E482)', platform=<Platform.XBOX360: 'Xbox360'>, config_path=None, favourite=False, last_played=None, play_count=0, play_time=0, emulator='xenia', emulator_version=None, discs=[GameDisc(media_id=None, file_path=WindowsPath('D:/roms/xbox360/Star Wars - The Force Unleashed (World) (En,Fr,De,Es,It).iso'), disc_count=1, disc_type='DVD', disc_swap_required=False, disc_number=1, label=None)])
Error: Error binding parameter 1: type 'Platform' is not supported
Traceback (most recent call last):
  File "C:\PycharmProjects\xenia-game-manager\src\db.py", line 1049, in import_games_from_source
    self.add_game(game)
    ~~~~~~~~~~~~~^^^^^^
  File "C:\PycharmProjects\xenia-game-manager\src\db.py", line 1081, in add_game
    con.execute("""
    ~~~~~~~~~~~^^^^
        INSERT INTO games (
        ^^^^^^^^^^^^^^^^^^^
    ...<14 lines>...
        str(game.config_path) if game.config_path else None,
        ^^^^^^^^^^^^^^^^^^^^^^^^^^^^^^^^^^^^^^^^^^^^^^^^^^^^
    ))
    ^^
sqlite3.ProgrammingError: Error binding parameter 1: type 'Platform' is not supported
2026-08-18 02:03:53,628 [ERROR] xenia_manager: Failed to add game: Xbox360Game(game_id='4C4107D2', title='Star Wars: The Force Unleashed (158BC286)', platform=<Platform.XBOX360: 'Xbox360'>, config_path=None, favourite=False, last_played=None, play_count=0, play_time=0, emulator='xenia', emulator_version=None, discs=[GameDisc(media_id=None, file_path=WindowsPath('D:/roms/xbox360/Star Wars - The Force Unleashed - Ultimate Sith Edition (USA, Europe) (En,Fr,De,Es,It) (Disc 1).iso'), disc_count=1, disc_type='DVD', disc_swap_required=False, disc_number=1, label=None)])
Error: Error binding parameter 1: type 'Platform' is not supported
Traceback (most recent call last):
  File "C:\PycharmProjects\xenia-game-manager\src\db.py", line 1049, in import_games_from_source
    self.add_game(game)
    ~~~~~~~~~~~~~^^^^^^
  File "C:\PycharmProjects\xenia-game-manager\src\db.py", line 1081, in add_game
    con.execute("""
    ~~~~~~~~~~~^^^^
        INSERT INTO games (
        ^^^^^^^^^^^^^^^^^^^
    ...<14 lines>...
        str(game.config_path) if game.config_path else None,
        ^^^^^^^^^^^^^^^^^^^^^^^^^^^^^^^^^^^^^^^^^^^^^^^^^^^^
    ))
    ^^
sqlite3.ProgrammingError: Error binding parameter 1: type 'Platform' is not supported
2026-08-18 02:03:53,630 [ERROR] xenia_manager: Failed to add game: Xbox360Game(game_id='4C4107D2', title='Star Wars: The Force Unleashed (36A31639)', platform=<Platform.XBOX360: 'Xbox360'>, config_path=None, favourite=False, last_played=None, play_count=0, play_time=0, emulator='xenia', emulator_version=None, discs=[GameDisc(media_id=None, file_path=WindowsPath('D:/roms/xbox360/Star Wars - The Force Unleashed - Ultimate Sith Edition (USA, Europe) (En,Fr,De,Es,It) (Disc 2).iso'), disc_count=1, disc_type='DVD', disc_swap_required=False, disc_number=1, label=None)])
Error: Error binding parameter 1: type 'Platform' is not supported
Traceback (most recent call last):
  File "C:\PycharmProjects\xenia-game-manager\src\db.py", line 1049, in import_games_from_source
    self.add_game(game)
    ~~~~~~~~~~~~~^^^^^^
  File "C:\PycharmProjects\xenia-game-manager\src\db.py", line 1081, in add_game
    con.execute("""
    ~~~~~~~~~~~^^^^
        INSERT INTO games (
        ^^^^^^^^^^^^^^^^^^^
    ...<14 lines>...
        str(game.config_path) if game.config_path else None,
        ^^^^^^^^^^^^^^^^^^^^^^^^^^^^^^^^^^^^^^^^^^^^^^^^^^^^
    ))
    ^^
sqlite3.ProgrammingError: Error binding parameter 1: type 'Platform' is not supported
2026-08-18 02:03:53,631 [ERROR] xenia_manager: Failed to add game: Xbox360Game(game_id='4C5307D8', title='Superstars V8 NC', platform=<Platform.XBOX360: 'Xbox360'>, config_path=None, favourite=False, last_played=None, play_count=0, play_time=0, emulator='xenia', emulator_version=None, discs=[GameDisc(media_id=None, file_path=WindowsPath('H:/roms/xbox360/Superstars V8 - Next Challenge (Europe).iso'), disc_count=1, disc_type='DVD', disc_swap_required=False, disc_number=1, label=None)])
Error: Error binding parameter 1: type 'Platform' is not supported
Traceback (most recent call last):
  File "C:\PycharmProjects\xenia-game-manager\src\db.py", line 1049, in import_games_from_source
    self.add_game(game)
    ~~~~~~~~~~~~~^^^^^^
  File "C:\PycharmProjects\xenia-game-manager\src\db.py", line 1081, in add_game
    con.execute("""
    ~~~~~~~~~~~^^^^
        INSERT INTO games (
        ^^^^^^^^^^^^^^^^^^^
    ...<14 lines>...
        str(game.config_path) if game.config_path else None,
        ^^^^^^^^^^^^^^^^^^^^^^^^^^^^^^^^^^^^^^^^^^^^^^^^^^^^
    ))
    ^^
sqlite3.ProgrammingError: Error binding parameter 1: type 'Platform' is not supported
2026-08-18 02:03:53,632 [ERROR] xenia_manager: Failed to add game: Xbox360Game(game_id='4D4A07D5', title='Night at the Museum 2', platform=<Platform.XBOX360: 'Xbox360'>, config_path=None, favourite=False, last_played=None, play_count=0, play_time=0, emulator='xenia', emulator_version=None, discs=[GameDisc(media_id=None, file_path=WindowsPath('D:/roms/xbox360/Night at the Museum - Battle of the Smithsonian - The Video Game (USA, Europe) (En,Fr,De).iso'), disc_count=1, disc_type='DVD', disc_swap_required=False, disc_number=1, label=None)])
Error: Error binding parameter 1: type 'Platform' is not supported
Traceback (most recent call last):
  File "C:\PycharmProjects\xenia-game-manager\src\db.py", line 1049, in import_games_from_source
    self.add_game(game)
    ~~~~~~~~~~~~~^^^^^^
  File "C:\PycharmProjects\xenia-game-manager\src\db.py", line 1081, in add_game
    con.execute("""
    ~~~~~~~~~~~^^^^
        INSERT INTO games (
        ^^^^^^^^^^^^^^^^^^^
    ...<14 lines>...
        str(game.config_path) if game.config_path else None,
        ^^^^^^^^^^^^^^^^^^^^^^^^^^^^^^^^^^^^^^^^^^^^^^^^^^^^
    ))
    ^^
sqlite3.ProgrammingError: Error binding parameter 1: type 'Platform' is not supported
2026-08-18 02:03:53,634 [ERROR] xenia_manager: Failed to add game: Xbox360Game(game_id='4D4B07D6', title='Carrier Command GAEA Mission', platform=<Platform.XBOX360: 'Xbox360'>, config_path=None, favourite=False, last_played=None, play_count=0, play_time=0, emulator='xenia', emulator_version=None, discs=[GameDisc(media_id=None, file_path=WindowsPath('D:/roms/xbox360/Carrier Command - Gaea Mission (Europe).zar'), disc_count=1, disc_type='DVD', disc_swap_required=False, disc_number=1, label=None)])
Error: Error binding parameter 1: type 'Platform' is not supported
Traceback (most recent call last):
  File "C:\PycharmProjects\xenia-game-manager\src\db.py", line 1049, in import_games_from_source
    self.add_game(game)
    ~~~~~~~~~~~~~^^^^^^
  File "C:\PycharmProjects\xenia-game-manager\src\db.py", line 1081, in add_game
    con.execute("""
    ~~~~~~~~~~~^^^^
        INSERT INTO games (
        ^^^^^^^^^^^^^^^^^^^
    ...<14 lines>...
        str(game.config_path) if game.config_path else None,
        ^^^^^^^^^^^^^^^^^^^^^^^^^^^^^^^^^^^^^^^^^^^^^^^^^^^^
    ))
    ^^
sqlite3.ProgrammingError: Error binding parameter 1: type 'Platform' is not supported
2026-08-18 02:03:53,635 [ERROR] xenia_manager: Failed to add game: Xbox360Game(game_id='4D5307DC', title='Crackdown', platform=<Platform.XBOX360: 'Xbox360'>, config_path=None, favourite=False, last_played=None, play_count=0, play_time=0, emulator='xenia', emulator_version=None, discs=[GameDisc(media_id=None, file_path=WindowsPath('D:/roms/xbox360/Crackdown (World) (En,Ja,Fr,De,Es,It,Zh,Ko,Cs,Hu).zar'), disc_count=1, disc_type='DVD', disc_swap_required=False, disc_number=1, label=None)])
Error: Error binding parameter 1: type 'Platform' is not supported
Traceback (most recent call last):
  File "C:\PycharmProjects\xenia-game-manager\src\db.py", line 1049, in import_games_from_source
    self.add_game(game)
    ~~~~~~~~~~~~~^^^^^^
  File "C:\PycharmProjects\xenia-game-manager\src\db.py", line 1081, in add_game
    con.execute("""
    ~~~~~~~~~~~^^^^
        INSERT INTO games (
        ^^^^^^^^^^^^^^^^^^^
    ...<14 lines>...
        str(game.config_path) if game.config_path else None,
        ^^^^^^^^^^^^^^^^^^^^^^^^^^^^^^^^^^^^^^^^^^^^^^^^^^^^
    ))
    ^^
sqlite3.ProgrammingError: Error binding parameter 1: type 'Platform' is not supported
2026-08-18 02:03:53,636 [ERROR] xenia_manager: Failed to add game: Xbox360Game(game_id='4D5307DF', title='Blue Dragon', platform=<Platform.XBOX360: 'Xbox360'>, config_path=None, favourite=False, last_played=None, play_count=0, play_time=0, emulator='xenia', emulator_version=None, discs=[GameDisc(media_id=None, file_path=WindowsPath('H:/roms/xbox360/Blue Dragon (Europe) (En,De,Es) (Disc 1).iso'), disc_count=1, disc_type='DVD', disc_swap_required=False, disc_number=1, label=None)])
Error: Error binding parameter 1: type 'Platform' is not supported
Traceback (most recent call last):
  File "C:\PycharmProjects\xenia-game-manager\src\db.py", line 1049, in import_games_from_source
    self.add_game(game)
    ~~~~~~~~~~~~~^^^^^^
  File "C:\PycharmProjects\xenia-game-manager\src\db.py", line 1081, in add_game
    con.execute("""
    ~~~~~~~~~~~^^^^
        INSERT INTO games (
        ^^^^^^^^^^^^^^^^^^^
    ...<14 lines>...
        str(game.config_path) if game.config_path else None,
        ^^^^^^^^^^^^^^^^^^^^^^^^^^^^^^^^^^^^^^^^^^^^^^^^^^^^
    ))
    ^^
sqlite3.ProgrammingError: Error binding parameter 1: type 'Platform' is not supported
2026-08-18 02:03:53,638 [ERROR] xenia_manager: Failed to add game: Xbox360Game(game_id='4D5307DF', title='Blue Dragon', platform=<Platform.XBOX360: 'Xbox360'>, config_path=None, favourite=False, last_played=None, play_count=0, play_time=0, emulator='xenia', emulator_version=None, discs=[GameDisc(media_id=None, file_path=WindowsPath('H:/roms/xbox360/Blue Dragon (Europe) (En,De,Es) (Disc 2).iso'), disc_count=1, disc_type='DVD', disc_swap_required=False, disc_number=1, label=None)])
Error: Error binding parameter 1: type 'Platform' is not supported
Traceback (most recent call last):
  File "C:\PycharmProjects\xenia-game-manager\src\db.py", line 1049, in import_games_from_source
    self.add_game(game)
    ~~~~~~~~~~~~~^^^^^^
  File "C:\PycharmProjects\xenia-game-manager\src\db.py", line 1081, in add_game
    con.execute("""
    ~~~~~~~~~~~^^^^
        INSERT INTO games (
        ^^^^^^^^^^^^^^^^^^^
    ...<14 lines>...
        str(game.config_path) if game.config_path else None,
        ^^^^^^^^^^^^^^^^^^^^^^^^^^^^^^^^^^^^^^^^^^^^^^^^^^^^
    ))
    ^^
sqlite3.ProgrammingError: Error binding parameter 1: type 'Platform' is not supported
2026-08-18 02:03:53,639 [ERROR] xenia_manager: Failed to add game: Xbox360Game(game_id='4D5307DF', title='Blue Dragon', platform=<Platform.XBOX360: 'Xbox360'>, config_path=None, favourite=False, last_played=None, play_count=0, play_time=0, emulator='xenia', emulator_version=None, discs=[GameDisc(media_id=None, file_path=WindowsPath('H:/roms/xbox360/Blue Dragon (Europe) (En,De,Es) (Disc 3).iso'), disc_count=1, disc_type='DVD', disc_swap_required=False, disc_number=1, label=None)])
Error: Error binding parameter 1: type 'Platform' is not supported
Traceback (most recent call last):
  File "C:\PycharmProjects\xenia-game-manager\src\db.py", line 1049, in import_games_from_source
    self.add_game(game)
    ~~~~~~~~~~~~~^^^^^^
  File "C:\PycharmProjects\xenia-game-manager\src\db.py", line 1081, in add_game
    con.execute("""
    ~~~~~~~~~~~^^^^
        INSERT INTO games (
        ^^^^^^^^^^^^^^^^^^^
    ...<14 lines>...
        str(game.config_path) if game.config_path else None,
        ^^^^^^^^^^^^^^^^^^^^^^^^^^^^^^^^^^^^^^^^^^^^^^^^^^^^
    ))
    ^^
sqlite3.ProgrammingError: Error binding parameter 1: type 'Platform' is not supported
2026-08-18 02:03:53,640 [ERROR] xenia_manager: Failed to add game: Xbox360Game(game_id='4D5307EA', title='Forza Motorsport 2', platform=<Platform.XBOX360: 'Xbox360'>, config_path=None, favourite=False, last_played=None, play_count=0, play_time=0, emulator='xenia', emulator_version=None, discs=[GameDisc(media_id=None, file_path=WindowsPath('D:/roms/xbox360/Forza Motorsport 2 (Europe) (En,Ja,Fr,De,Es,It,Zh,Ko,Pl,Cs,Hu).iso'), disc_count=1, disc_type='DVD', disc_swap_required=False, disc_number=1, label=None)])
Error: Error binding parameter 1: type 'Platform' is not supported
Traceback (most recent call last):
  File "C:\PycharmProjects\xenia-game-manager\src\db.py", line 1049, in import_games_from_source
    self.add_game(game)
    ~~~~~~~~~~~~~^^^^^^
  File "C:\PycharmProjects\xenia-game-manager\src\db.py", line 1081, in add_game
    con.execute("""
    ~~~~~~~~~~~^^^^
        INSERT INTO games (
        ^^^^^^^^^^^^^^^^^^^
    ...<14 lines>...
        str(game.config_path) if game.config_path else None,
        ^^^^^^^^^^^^^^^^^^^^^^^^^^^^^^^^^^^^^^^^^^^^^^^^^^^^
    ))
    ^^
sqlite3.ProgrammingError: Error binding parameter 1: type 'Platform' is not supported
2026-08-18 02:03:53,642 [ERROR] xenia_manager: Failed to add game: Xbox360Game(game_id='4D5307ED', title='Banjo Kazooie: Nuts & Bolts', platform=<Platform.XBOX360: 'Xbox360'>, config_path=None, favourite=False, last_played=None, play_count=0, play_time=0, emulator='xenia', emulator_version=None, discs=[GameDisc(media_id=None, file_path=WindowsPath('D:/roms/xbox360/Banjo-Kazooie - Nuts & Bolts (Europe) (En,Ja,Fr,De,Es,It,Nl,Sv,No,Zh,Ko,Pl,Ru,Cs).zar'), disc_count=1, disc_type='DVD', disc_swap_required=False, disc_number=1, label=None)])
Error: Error binding parameter 1: type 'Platform' is not supported
Traceback (most recent call last):
  File "C:\PycharmProjects\xenia-game-manager\src\db.py", line 1049, in import_games_from_source
    self.add_game(game)
    ~~~~~~~~~~~~~^^^^^^
  File "C:\PycharmProjects\xenia-game-manager\src\db.py", line 1081, in add_game
    con.execute("""
    ~~~~~~~~~~~^^^^
        INSERT INTO games (
        ^^^^^^^^^^^^^^^^^^^
    ...<14 lines>...
        str(game.config_path) if game.config_path else None,
        ^^^^^^^^^^^^^^^^^^^^^^^^^^^^^^^^^^^^^^^^^^^^^^^^^^^^
    ))
    ^^
sqlite3.ProgrammingError: Error binding parameter 1: type 'Platform' is not supported
2026-08-18 02:03:53,643 [ERROR] xenia_manager: Failed to add game: Xbox360Game(game_id='4D5307FA', title='Lost Odyssey', platform=<Platform.XBOX360: 'Xbox360'>, config_path=None, favourite=False, last_played=None, play_count=0, play_time=0, emulator='xenia', emulator_version=None, discs=[GameDisc(media_id=None, file_path=WindowsPath('D:/roms/xbox360/Lost Odyssey (USA, Europe) (En,Ja,Fr,De,Es,It) (Disc 1).iso'), disc_count=1, disc_type='DVD', disc_swap_required=False, disc_number=1, label=None)])
Error: Error binding parameter 1: type 'Platform' is not supported
Traceback (most recent call last):
  File "C:\PycharmProjects\xenia-game-manager\src\db.py", line 1049, in import_games_from_source
    self.add_game(game)
    ~~~~~~~~~~~~~^^^^^^
  File "C:\PycharmProjects\xenia-game-manager\src\db.py", line 1081, in add_game
    con.execute("""
    ~~~~~~~~~~~^^^^
        INSERT INTO games (
        ^^^^^^^^^^^^^^^^^^^
    ...<14 lines>...
        str(game.config_path) if game.config_path else None,
        ^^^^^^^^^^^^^^^^^^^^^^^^^^^^^^^^^^^^^^^^^^^^^^^^^^^^
    ))
    ^^
sqlite3.ProgrammingError: Error binding parameter 1: type 'Platform' is not supported
2026-08-18 02:03:53,645 [ERROR] xenia_manager: Failed to add game: Xbox360Game(game_id='4D5307FA', title='Lost Odyssey', platform=<Platform.XBOX360: 'Xbox360'>, config_path=None, favourite=False, last_played=None, play_count=0, play_time=0, emulator='xenia', emulator_version=None, discs=[GameDisc(media_id=None, file_path=WindowsPath('D:/roms/xbox360/Lost Odyssey (USA, Europe) (En,Ja,Fr,De,Es,It) (Disc 2).iso'), disc_count=1, disc_type='DVD', disc_swap_required=False, disc_number=1, label=None)])
Error: Error binding parameter 1: type 'Platform' is not supported
Traceback (most recent call last):
  File "C:\PycharmProjects\xenia-game-manager\src\db.py", line 1049, in import_games_from_source
    self.add_game(game)
    ~~~~~~~~~~~~~^^^^^^
  File "C:\PycharmProjects\xenia-game-manager\src\db.py", line 1081, in add_game
    con.execute("""
    ~~~~~~~~~~~^^^^
        INSERT INTO games (
        ^^^^^^^^^^^^^^^^^^^
    ...<14 lines>...
        str(game.config_path) if game.config_path else None,
        ^^^^^^^^^^^^^^^^^^^^^^^^^^^^^^^^^^^^^^^^^^^^^^^^^^^^
    ))
    ^^
sqlite3.ProgrammingError: Error binding parameter 1: type 'Platform' is not supported
2026-08-18 02:03:53,646 [ERROR] xenia_manager: Failed to add game: Xbox360Game(game_id='4D5307FA', title='Lost Odyssey', platform=<Platform.XBOX360: 'Xbox360'>, config_path=None, favourite=False, last_played=None, play_count=0, play_time=0, emulator='xenia', emulator_version=None, discs=[GameDisc(media_id=None, file_path=WindowsPath('D:/roms/xbox360/Lost Odyssey (USA, Europe) (En,Ja,Fr,De,Es,It) (Disc 3).iso'), disc_count=1, disc_type='DVD', disc_swap_required=False, disc_number=1, label=None)])
Error: Error binding parameter 1: type 'Platform' is not supported
Traceback (most recent call last):
  File "C:\PycharmProjects\xenia-game-manager\src\db.py", line 1049, in import_games_from_source
    self.add_game(game)
    ~~~~~~~~~~~~~^^^^^^
  File "C:\PycharmProjects\xenia-game-manager\src\db.py", line 1081, in add_game
    con.execute("""
    ~~~~~~~~~~~^^^^
        INSERT INTO games (
        ^^^^^^^^^^^^^^^^^^^
    ...<14 lines>...
        str(game.config_path) if game.config_path else None,
        ^^^^^^^^^^^^^^^^^^^^^^^^^^^^^^^^^^^^^^^^^^^^^^^^^^^^
    ))
    ^^
sqlite3.ProgrammingError: Error binding parameter 1: type 'Platform' is not supported
2026-08-18 02:03:53,647 [ERROR] xenia_manager: Failed to add game: Xbox360Game(game_id='4D5307FA', title='Lost Odyssey', platform=<Platform.XBOX360: 'Xbox360'>, config_path=None, favourite=False, last_played=None, play_count=0, play_time=0, emulator='xenia', emulator_version=None, discs=[GameDisc(media_id=None, file_path=WindowsPath('D:/roms/xbox360/Lost Odyssey (USA, Europe) (En,Ja,Fr,De,Es,It) (Disc 4).iso'), disc_count=1, disc_type='DVD', disc_swap_required=False, disc_number=1, label=None)])
Error: Error binding parameter 1: type 'Platform' is not supported
Traceback (most recent call last):
  File "C:\PycharmProjects\xenia-game-manager\src\db.py", line 1049, in import_games_from_source
    self.add_game(game)
    ~~~~~~~~~~~~~^^^^^^
  File "C:\PycharmProjects\xenia-game-manager\src\db.py", line 1081, in add_game
    con.execute("""
    ~~~~~~~~~~~^^^^
        INSERT INTO games (
        ^^^^^^^^^^^^^^^^^^^
    ...<14 lines>...
        str(game.config_path) if game.config_path else None,
        ^^^^^^^^^^^^^^^^^^^^^^^^^^^^^^^^^^^^^^^^^^^^^^^^^^^^
    ))
    ^^
sqlite3.ProgrammingError: Error binding parameter 1: type 'Platform' is not supported
2026-08-18 02:03:53,649 [ERROR] xenia_manager: Failed to add game: Xbox360Game(game_id='4D530805', title='Alan Wake', platform=<Platform.XBOX360: 'Xbox360'>, config_path=None, favourite=False, last_played=None, play_count=0, play_time=0, emulator='xenia', emulator_version=None, discs=[GameDisc(media_id=None, file_path=WindowsPath('H:/roms/xbox360/Alan Wake (World) (En,Ja,Fr,De,Es,It,Zh,Ko,Pl,Ru).zar'), disc_count=1, disc_type='DVD', disc_swap_required=False, disc_number=1, label=None)])
Error: Error binding parameter 1: type 'Platform' is not supported
Traceback (most recent call last):
  File "C:\PycharmProjects\xenia-game-manager\src\db.py", line 1049, in import_games_from_source
    self.add_game(game)
    ~~~~~~~~~~~~~^^^^^^
  File "C:\PycharmProjects\xenia-game-manager\src\db.py", line 1081, in add_game
    con.execute("""
    ~~~~~~~~~~~^^^^
        INSERT INTO games (
        ^^^^^^^^^^^^^^^^^^^
    ...<14 lines>...
        str(game.config_path) if game.config_path else None,
        ^^^^^^^^^^^^^^^^^^^^^^^^^^^^^^^^^^^^^^^^^^^^^^^^^^^^
    ))
    ^^
sqlite3.ProgrammingError: Error binding parameter 1: type 'Platform' is not supported
2026-08-18 02:03:53,650 [ERROR] xenia_manager: Failed to add game: Xbox360Game(game_id='4D530888', title='Lips', platform=<Platform.XBOX360: 'Xbox360'>, config_path=None, favourite=False, last_played=None, play_count=0, play_time=0, emulator='xenia', emulator_version=None, discs=[GameDisc(media_id=None, file_path=WindowsPath('D:/roms/xbox360/Lips - I Love the 80s (Europe).zar'), disc_count=1, disc_type='DVD', disc_swap_required=False, disc_number=1, label=None)])
Error: Error binding parameter 1: type 'Platform' is not supported
Traceback (most recent call last):
  File "C:\PycharmProjects\xenia-game-manager\src\db.py", line 1049, in import_games_from_source
    self.add_game(game)
    ~~~~~~~~~~~~~^^^^^^
  File "C:\PycharmProjects\xenia-game-manager\src\db.py", line 1081, in add_game
    con.execute("""
    ~~~~~~~~~~~^^^^
        INSERT INTO games (
        ^^^^^^^^^^^^^^^^^^^
    ...<14 lines>...
        str(game.config_path) if game.config_path else None,
        ^^^^^^^^^^^^^^^^^^^^^^^^^^^^^^^^^^^^^^^^^^^^^^^^^^^^
    ))
    ^^
sqlite3.ProgrammingError: Error binding parameter 1: type 'Platform' is not supported
2026-08-18 02:03:53,651 [ERROR] xenia_manager: Failed to add game: Xbox360Game(game_id='4D5308AB', title='Gears of War 3', platform=<Platform.XBOX360: 'Xbox360'>, config_path=None, favourite=False, last_played=None, play_count=0, play_time=0, emulator='xenia', emulator_version=None, discs=[GameDisc(media_id=None, file_path=WindowsPath('D:/roms/xbox360/Gears of War 3 (UK).iso'), disc_count=1, disc_type='DVD', disc_swap_required=False, disc_number=1, label=None)])
Error: Error binding parameter 1: type 'Platform' is not supported
Traceback (most recent call last):
  File "C:\PycharmProjects\xenia-game-manager\src\db.py", line 1049, in import_games_from_source
    self.add_game(game)
    ~~~~~~~~~~~~~^^^^^^
  File "C:\PycharmProjects\xenia-game-manager\src\db.py", line 1081, in add_game
    con.execute("""
    ~~~~~~~~~~~^^^^
        INSERT INTO games (
        ^^^^^^^^^^^^^^^^^^^
    ...<14 lines>...
        str(game.config_path) if game.config_path else None,
        ^^^^^^^^^^^^^^^^^^^^^^^^^^^^^^^^^^^^^^^^^^^^^^^^^^^^
    ))
    ^^
sqlite3.ProgrammingError: Error binding parameter 1: type 'Platform' is not supported
2026-08-18 02:03:53,653 [ERROR] xenia_manager: Failed to add game: Xbox360Game(game_id='4D5309C9', title='Forza Horizon', platform=<Platform.XBOX360: 'Xbox360'>, config_path=None, favourite=False, last_played=None, play_count=0, play_time=0, emulator='xenia', emulator_version=None, discs=[GameDisc(media_id=None, file_path=WindowsPath('H:/roms/xbox360/Forza Horizon (Europe) (En,Fr,De,Es,It,Nl).iso'), disc_count=1, disc_type='DVD', disc_swap_required=False, disc_number=1, label=None)])
Error: Error binding parameter 1: type 'Platform' is not supported
Traceback (most recent call last):
  File "C:\PycharmProjects\xenia-game-manager\src\db.py", line 1049, in import_games_from_source
    self.add_game(game)
    ~~~~~~~~~~~~~^^^^^^
  File "C:\PycharmProjects\xenia-game-manager\src\db.py", line 1081, in add_game
    con.execute("""
    ~~~~~~~~~~~^^^^
        INSERT INTO games (
        ^^^^^^^^^^^^^^^^^^^
    ...<14 lines>...
        str(game.config_path) if game.config_path else None,
        ^^^^^^^^^^^^^^^^^^^^^^^^^^^^^^^^^^^^^^^^^^^^^^^^^^^^
    ))
    ^^
sqlite3.ProgrammingError: Error binding parameter 1: type 'Platform' is not supported
2026-08-18 02:03:53,654 [ERROR] xenia_manager: Failed to add game: Xbox360Game(game_id='4D530A1A', title='Fable The Journey', platform=<Platform.XBOX360: 'Xbox360'>, config_path=None, favourite=False, last_played=None, play_count=0, play_time=0, emulator='xenia', emulator_version=None, discs=[GameDisc(media_id=None, file_path=WindowsPath('D:/roms/xbox360/Fable - The Journey (Europe) (En,It,Pt).zar'), disc_count=1, disc_type='DVD', disc_swap_required=False, disc_number=1, label=None)])
Error: Error binding parameter 1: type 'Platform' is not supported
Traceback (most recent call last):
  File "C:\PycharmProjects\xenia-game-manager\src\db.py", line 1049, in import_games_from_source
    self.add_game(game)
    ~~~~~~~~~~~~~^^^^^^
  File "C:\PycharmProjects\xenia-game-manager\src\db.py", line 1081, in add_game
    con.execute("""
    ~~~~~~~~~~~^^^^
        INSERT INTO games (
        ^^^^^^^^^^^^^^^^^^^
    ...<14 lines>...
        str(game.config_path) if game.config_path else None,
        ^^^^^^^^^^^^^^^^^^^^^^^^^^^^^^^^^^^^^^^^^^^^^^^^^^^^
    ))
    ^^
sqlite3.ProgrammingError: Error binding parameter 1: type 'Platform' is not supported
2026-08-18 02:03:53,655 [ERROR] xenia_manager: Failed to add game: Xbox360Game(game_id='4D530A26', title='Gears of War: Judgment', platform=<Platform.XBOX360: 'Xbox360'>, config_path=None, favourite=False, last_played=None, play_count=0, play_time=0, emulator='xenia', emulator_version=None, discs=[GameDisc(media_id=None, file_path=WindowsPath('D:/roms/xbox360/Gears of War - Judgment (USA, Europe) (En,Fr,Es,Nl,No,Da,Fi,Zh,Ko,Pl,Cs,Hu).iso'), disc_count=1, disc_type='DVD', disc_swap_required=False, disc_number=1, label=None)])
Error: Error binding parameter 1: type 'Platform' is not supported
Traceback (most recent call last):
  File "C:\PycharmProjects\xenia-game-manager\src\db.py", line 1049, in import_games_from_source
    self.add_game(game)
    ~~~~~~~~~~~~~^^^^^^
  File "C:\PycharmProjects\xenia-game-manager\src\db.py", line 1081, in add_game
    con.execute("""
    ~~~~~~~~~~~^^^^
        INSERT INTO games (
        ^^^^^^^^^^^^^^^^^^^
    ...<14 lines>...
        str(game.config_path) if game.config_path else None,
        ^^^^^^^^^^^^^^^^^^^^^^^^^^^^^^^^^^^^^^^^^^^^^^^^^^^^
    ))
    ^^
sqlite3.ProgrammingError: Error binding parameter 1: type 'Platform' is not supported
2026-08-18 02:03:53,656 [ERROR] xenia_manager: Failed to add game: Xbox360Game(game_id='4D530AA4', title='Forza Horizon 2', platform=<Platform.XBOX360: 'Xbox360'>, config_path=None, favourite=False, last_played=None, play_count=0, play_time=0, emulator='xenia', emulator_version=None, discs=[GameDisc(media_id=None, file_path=WindowsPath('H:/roms/xbox360/Forza Horizon 2 (USA) (En,Ja,Fr,De,Es,It,Pt,Zh,Pl,Ru).iso'), disc_count=1, disc_type='DVD', disc_swap_required=False, disc_number=1, label=None)])
Error: Error binding parameter 1: type 'Platform' is not supported
Traceback (most recent call last):
  File "C:\PycharmProjects\xenia-game-manager\src\db.py", line 1049, in import_games_from_source
    self.add_game(game)
    ~~~~~~~~~~~~~^^^^^^
  File "C:\PycharmProjects\xenia-game-manager\src\db.py", line 1081, in add_game
    con.execute("""
    ~~~~~~~~~~~^^^^
        INSERT INTO games (
        ^^^^^^^^^^^^^^^^^^^
    ...<14 lines>...
        str(game.config_path) if game.config_path else None,
        ^^^^^^^^^^^^^^^^^^^^^^^^^^^^^^^^^^^^^^^^^^^^^^^^^^^^
    ))
    ^^
sqlite3.ProgrammingError: Error binding parameter 1: type 'Platform' is not supported
2026-08-18 02:03:53,658 [ERROR] xenia_manager: Failed to add game: Xbox360Game(game_id='4D530AA6', title='ScreamRide', platform=<Platform.XBOX360: 'Xbox360'>, config_path=None, favourite=False, last_played=None, play_count=0, play_time=0, emulator='xenia', emulator_version=None, discs=[GameDisc(media_id=None, file_path=WindowsPath('D:/roms/xbox360/ScreamRide.zar'), disc_count=1, disc_type='DVD', disc_swap_required=False, disc_number=1, label=None)])
Error: Error binding parameter 1: type 'Platform' is not supported
Traceback (most recent call last):
  File "C:\PycharmProjects\xenia-game-manager\src\db.py", line 1049, in import_games_from_source
    self.add_game(game)
    ~~~~~~~~~~~~~^^^^^^
  File "C:\PycharmProjects\xenia-game-manager\src\db.py", line 1081, in add_game
    con.execute("""
    ~~~~~~~~~~~^^^^
        INSERT INTO games (
        ^^^^^^^^^^^^^^^^^^^
    ...<14 lines>...
        str(game.config_path) if game.config_path else None,
        ^^^^^^^^^^^^^^^^^^^^^^^^^^^^^^^^^^^^^^^^^^^^^^^^^^^^
    ))
    ^^
sqlite3.ProgrammingError: Error binding parameter 1: type 'Platform' is not supported
2026-08-18 02:03:53,659 [ERROR] xenia_manager: Failed to add game: Xbox360Game(game_id='4D530AA6', title='ScreamRide', platform=<Platform.XBOX360: 'Xbox360'>, config_path=None, favourite=False, last_played=None, play_count=0, play_time=0, emulator='xenia', emulator_version=None, discs=[GameDisc(media_id=None, file_path=WindowsPath('H:/roms/xbox360/ScreamRide (USA, Europe) (En,Ja,Fr,De,Es,It,Pt,Pl,Ru).iso'), disc_count=1, disc_type='DVD', disc_swap_required=False, disc_number=1, label=None)])
Error: Error binding parameter 1: type 'Platform' is not supported
Traceback (most recent call last):
  File "C:\PycharmProjects\xenia-game-manager\src\db.py", line 1049, in import_games_from_source
    self.add_game(game)
    ~~~~~~~~~~~~~^^^^^^
  File "C:\PycharmProjects\xenia-game-manager\src\db.py", line 1081, in add_game
    con.execute("""
    ~~~~~~~~~~~^^^^
        INSERT INTO games (
        ^^^^^^^^^^^^^^^^^^^
    ...<14 lines>...
        str(game.config_path) if game.config_path else None,
        ^^^^^^^^^^^^^^^^^^^^^^^^^^^^^^^^^^^^^^^^^^^^^^^^^^^^
    ))
    ^^
sqlite3.ProgrammingError: Error binding parameter 1: type 'Platform' is not supported
2026-08-18 02:03:53,660 [ERROR] xenia_manager: Failed to add game: Xbox360Game(game_id='4D5707D2', title='Stranglehold', platform=<Platform.XBOX360: 'Xbox360'>, config_path=None, favourite=False, last_played=None, play_count=0, play_time=0, emulator='xenia', emulator_version=None, discs=[GameDisc(media_id=None, file_path=WindowsPath('D:/roms/xbox360/John Woo Presents Stranglehold (USA) (En,Fr,De,Es,It).iso'), disc_count=1, disc_type='DVD', disc_swap_required=False, disc_number=1, label=None)])
Error: Error binding parameter 1: type 'Platform' is not supported
Traceback (most recent call last):
  File "C:\PycharmProjects\xenia-game-manager\src\db.py", line 1049, in import_games_from_source
    self.add_game(game)
    ~~~~~~~~~~~~~^^^^^^
  File "C:\PycharmProjects\xenia-game-manager\src\db.py", line 1081, in add_game
    con.execute("""
    ~~~~~~~~~~~^^^^
        INSERT INTO games (
        ^^^^^^^^^^^^^^^^^^^
    ...<14 lines>...
        str(game.config_path) if game.config_path else None,
        ^^^^^^^^^^^^^^^^^^^^^^^^^^^^^^^^^^^^^^^^^^^^^^^^^^^^
    ))
    ^^
sqlite3.ProgrammingError: Error binding parameter 1: type 'Platform' is not supported
2026-08-18 02:03:53,662 [ERROR] xenia_manager: Failed to add game: Xbox360Game(game_id='4D5707DB', title='Unreal Tournament 3', platform=<Platform.XBOX360: 'Xbox360'>, config_path=None, favourite=False, last_played=None, play_count=0, play_time=0, emulator='xenia', emulator_version=None, discs=[GameDisc(media_id=None, file_path=WindowsPath('D:/roms/xbox360/Unreal Tournament III (World) (En,Fr,De,Es,It).iso'), disc_count=1, disc_type='DVD', disc_swap_required=False, disc_number=1, label=None)])
Error: Error binding parameter 1: type 'Platform' is not supported
Traceback (most recent call last):
  File "C:\PycharmProjects\xenia-game-manager\src\db.py", line 1049, in import_games_from_source
    self.add_game(game)
    ~~~~~~~~~~~~~^^^^^^
  File "C:\PycharmProjects\xenia-game-manager\src\db.py", line 1081, in add_game
    con.execute("""
    ~~~~~~~~~~~^^^^
        INSERT INTO games (
        ^^^^^^^^^^^^^^^^^^^
    ...<14 lines>...
        str(game.config_path) if game.config_path else None,
        ^^^^^^^^^^^^^^^^^^^^^^^^^^^^^^^^^^^^^^^^^^^^^^^^^^^^
    ))
    ^^
sqlite3.ProgrammingError: Error binding parameter 1: type 'Platform' is not supported
2026-08-18 02:03:53,663 [ERROR] xenia_manager: Failed to add game: Xbox360Game(game_id='4E4D07D1', title='ACE COMBAT 6 Fires of Liberation', platform=<Platform.XBOX360: 'Xbox360'>, config_path=None, favourite=False, last_played=None, play_count=0, play_time=0, emulator='xenia', emulator_version=None, discs=[GameDisc(media_id=None, file_path=WindowsPath('H:/roms/xbox360/Ace Combat 6 - Fires of Liberation (Europe) (En,Fr,De,Es,It) (Rev 1).zar'), disc_count=1, disc_type='DVD', disc_swap_required=False, disc_number=1, label=None)])
Error: Error binding parameter 1: type 'Platform' is not supported
Traceback (most recent call last):
  File "C:\PycharmProjects\xenia-game-manager\src\db.py", line 1049, in import_games_from_source
    self.add_game(game)
    ~~~~~~~~~~~~~^^^^^^
  File "C:\PycharmProjects\xenia-game-manager\src\db.py", line 1081, in add_game
    con.execute("""
    ~~~~~~~~~~~^^^^
        INSERT INTO games (
        ^^^^^^^^^^^^^^^^^^^
    ...<14 lines>...
        str(game.config_path) if game.config_path else None,
        ^^^^^^^^^^^^^^^^^^^^^^^^^^^^^^^^^^^^^^^^^^^^^^^^^^^^
    ))
    ^^
sqlite3.ProgrammingError: Error binding parameter 1: type 'Platform' is not supported
2026-08-18 02:03:53,664 [ERROR] xenia_manager: Failed to add game: Xbox360Game(game_id='4E4D07D3', title='Ridge Racer 6', platform=<Platform.XBOX360: 'Xbox360'>, config_path=None, favourite=False, last_played=None, play_count=0, play_time=0, emulator='xenia', emulator_version=None, discs=[GameDisc(media_id=None, file_path=WindowsPath('D:/roms/xbox360/Ridge Racer 6 (USA) (En,Ja,Fr,De,Es,It).zar'), disc_count=1, disc_type='DVD', disc_swap_required=False, disc_number=1, label=None)])
Error: Error binding parameter 1: type 'Platform' is not supported
Traceback (most recent call last):
  File "C:\PycharmProjects\xenia-game-manager\src\db.py", line 1049, in import_games_from_source
    self.add_game(game)
    ~~~~~~~~~~~~~^^^^^^
  File "C:\PycharmProjects\xenia-game-manager\src\db.py", line 1081, in add_game
    con.execute("""
    ~~~~~~~~~~~^^^^
        INSERT INTO games (
        ^^^^^^^^^^^^^^^^^^^
    ...<14 lines>...
        str(game.config_path) if game.config_path else None,
        ^^^^^^^^^^^^^^^^^^^^^^^^^^^^^^^^^^^^^^^^^^^^^^^^^^^^
    ))
    ^^
sqlite3.ProgrammingError: Error binding parameter 1: type 'Platform' is not supported
2026-08-18 02:03:53,666 [ERROR] xenia_manager: Failed to add game: Xbox360Game(game_id='4E4D07D8', title='AFRO SAMURAI', platform=<Platform.XBOX360: 'Xbox360'>, config_path=None, favourite=False, last_played=None, play_count=0, play_time=0, emulator='xenia', emulator_version=None, discs=[GameDisc(media_id=None, file_path=WindowsPath('H:/roms/xbox360/Afro Samurai (Europe) (En,Fr,Es,It).zar'), disc_count=1, disc_type='DVD', disc_swap_required=False, disc_number=1, label=None)])
Error: Error binding parameter 1: type 'Platform' is not supported
Traceback (most recent call last):
  File "C:\PycharmProjects\xenia-game-manager\src\db.py", line 1049, in import_games_from_source
    self.add_game(game)
    ~~~~~~~~~~~~~^^^^^^
  File "C:\PycharmProjects\xenia-game-manager\src\db.py", line 1081, in add_game
    con.execute("""
    ~~~~~~~~~~~^^^^
        INSERT INTO games (
        ^^^^^^^^^^^^^^^^^^^
    ...<14 lines>...
        str(game.config_path) if game.config_path else None,
        ^^^^^^^^^^^^^^^^^^^^^^^^^^^^^^^^^^^^^^^^^^^^^^^^^^^^
    ))
    ^^
sqlite3.ProgrammingError: Error binding parameter 1: type 'Platform' is not supported
2026-08-18 02:03:53,667 [ERROR] xenia_manager: Failed to add game: Xbox360Game(game_id='4E4D07E2', title='Eternal Sonata', platform=<Platform.XBOX360: 'Xbox360'>, config_path=None, favourite=False, last_played=None, play_count=0, play_time=0, emulator='xenia', emulator_version=None, discs=[GameDisc(media_id=None, file_path=WindowsPath('H:/roms/xbox360/Eternal Sonata [PAL].iso'), disc_count=1, disc_type='DVD', disc_swap_required=False, disc_number=1, label=None)])
Error: Error binding parameter 1: type 'Platform' is not supported
Traceback (most recent call last):
  File "C:\PycharmProjects\xenia-game-manager\src\db.py", line 1049, in import_games_from_source
    self.add_game(game)
    ~~~~~~~~~~~~~^^^^^^
  File "C:\PycharmProjects\xenia-game-manager\src\db.py", line 1081, in add_game
    con.execute("""
    ~~~~~~~~~~~^^^^
        INSERT INTO games (
        ^^^^^^^^^^^^^^^^^^^
    ...<14 lines>...
        str(game.config_path) if game.config_path else None,
        ^^^^^^^^^^^^^^^^^^^^^^^^^^^^^^^^^^^^^^^^^^^^^^^^^^^^
    ))
    ^^
sqlite3.ProgrammingError: Error binding parameter 1: type 'Platform' is not supported
2026-08-18 02:03:53,668 [ERROR] xenia_manager: Failed to add game: Xbox360Game(game_id='4E4D081C', title='ACE COMBAT ASSAULT HORIZON', platform=<Platform.XBOX360: 'Xbox360'>, config_path=None, favourite=False, last_played=None, play_count=0, play_time=0, emulator='xenia', emulator_version=None, discs=[GameDisc(media_id=None, file_path=WindowsPath('H:/roms/xbox360/Ace Combat - Assault Horizon (Europe) (En,Fr,De,Es,It).zar'), disc_count=1, disc_type='DVD', disc_swap_required=False, disc_number=1, label=None)])
Error: Error binding parameter 1: type 'Platform' is not supported
Traceback (most recent call last):
  File "C:\PycharmProjects\xenia-game-manager\src\db.py", line 1049, in import_games_from_source
    self.add_game(game)
    ~~~~~~~~~~~~~^^^^^^
  File "C:\PycharmProjects\xenia-game-manager\src\db.py", line 1081, in add_game
    con.execute("""
    ~~~~~~~~~~~^^^^
        INSERT INTO games (
        ^^^^^^^^^^^^^^^^^^^
    ...<14 lines>...
        str(game.config_path) if game.config_path else None,
        ^^^^^^^^^^^^^^^^^^^^^^^^^^^^^^^^^^^^^^^^^^^^^^^^^^^^
    ))
    ^^
sqlite3.ProgrammingError: Error binding parameter 1: type 'Platform' is not supported
2026-08-18 02:03:53,670 [ERROR] xenia_manager: Failed to add game: Xbox360Game(game_id='4E4D083A', title='Dark Souls', platform=<Platform.XBOX360: 'Xbox360'>, config_path=None, favourite=False, last_played=None, play_count=0, play_time=0, emulator='xenia', emulator_version=None, discs=[GameDisc(media_id=None, file_path=WindowsPath('D:/roms/xbox360/Dark Souls (Europe).zar'), disc_count=1, disc_type='DVD', disc_swap_required=False, disc_number=1, label=None)])
Error: Error binding parameter 1: type 'Platform' is not supported
Traceback (most recent call last):
  File "C:\PycharmProjects\xenia-game-manager\src\db.py", line 1049, in import_games_from_source
    self.add_game(game)
    ~~~~~~~~~~~~~^^^^^^
  File "C:\PycharmProjects\xenia-game-manager\src\db.py", line 1081, in add_game
    con.execute("""
    ~~~~~~~~~~~^^^^
        INSERT INTO games (
        ^^^^^^^^^^^^^^^^^^^
    ...<14 lines>...
        str(game.config_path) if game.config_path else None,
        ^^^^^^^^^^^^^^^^^^^^^^^^^^^^^^^^^^^^^^^^^^^^^^^^^^^^
    ))
    ^^
sqlite3.ProgrammingError: Error binding parameter 1: type 'Platform' is not supported
2026-08-18 02:03:53,671 [ERROR] xenia_manager: Failed to add game: Xbox360Game(game_id='4E4D083E', title='Ridge Racer Unbounded', platform=<Platform.XBOX360: 'Xbox360'>, config_path=None, favourite=False, last_played=None, play_count=0, play_time=0, emulator='xenia', emulator_version=None, discs=[GameDisc(media_id=None, file_path=WindowsPath('D:/roms/xbox360/Ridge Racer Unbounded (World).iso'), disc_count=1, disc_type='DVD', disc_swap_required=False, disc_number=1, label=None)])
Error: Error binding parameter 1: type 'Platform' is not supported
Traceback (most recent call last):
  File "C:\PycharmProjects\xenia-game-manager\src\db.py", line 1049, in import_games_from_source
    self.add_game(game)
    ~~~~~~~~~~~~~^^^^^^
  File "C:\PycharmProjects\xenia-game-manager\src\db.py", line 1081, in add_game
    con.execute("""
    ~~~~~~~~~~~^^^^
        INSERT INTO games (
        ^^^^^^^^^^^^^^^^^^^
    ...<14 lines>...
        str(game.config_path) if game.config_path else None,
        ^^^^^^^^^^^^^^^^^^^^^^^^^^^^^^^^^^^^^^^^^^^^^^^^^^^^
    ))
    ^^
sqlite3.ProgrammingError: Error binding parameter 1: type 'Platform' is not supported
2026-08-18 02:03:53,672 [ERROR] xenia_manager: Failed to add game: Xbox360Game(game_id='4E4D0842', title='Naruto Shippuden: Ultimate Ninja Storm Generations', platform=<Platform.XBOX360: 'Xbox360'>, config_path=None, favourite=False, last_played=None, play_count=0, play_time=0, emulator='xenia', emulator_version=None, discs=[GameDisc(media_id=None, file_path=WindowsPath('D:/roms/xbox360/Naruto Shippuden - Ultimate Ninja Storm Generations.zar'), disc_count=1, disc_type='DVD', disc_swap_required=False, disc_number=1, label=None)])
Error: Error binding parameter 1: type 'Platform' is not supported
Traceback (most recent call last):
  File "C:\PycharmProjects\xenia-game-manager\src\db.py", line 1049, in import_games_from_source
    self.add_game(game)
    ~~~~~~~~~~~~~^^^^^^
  File "C:\PycharmProjects\xenia-game-manager\src\db.py", line 1081, in add_game
    con.execute("""
    ~~~~~~~~~~~^^^^
        INSERT INTO games (
        ^^^^^^^^^^^^^^^^^^^
    ...<14 lines>...
        str(game.config_path) if game.config_path else None,
        ^^^^^^^^^^^^^^^^^^^^^^^^^^^^^^^^^^^^^^^^^^^^^^^^^^^^
    ))
    ^^
sqlite3.ProgrammingError: Error binding parameter 1: type 'Platform' is not supported
2026-08-18 02:03:53,674 [ERROR] xenia_manager: Failed to add game: Xbox360Game(game_id='4E4D87F3', title='Namco Museum - Virtual Arcade', platform=<Platform.XBOX360: 'Xbox360'>, config_path=None, favourite=False, last_played=None, play_count=0, play_time=0, emulator='xenia', emulator_version=None, discs=[GameDisc(media_id=None, file_path=WindowsPath('D:/roms/xbox360/Namco Museum - Virtual Arcade (USA) (En,Fr) (Rev 1).iso'), disc_count=1, disc_type='DVD', disc_swap_required=False, disc_number=1, label=None)])
Error: Error binding parameter 1: type 'Platform' is not supported
Traceback (most recent call last):
  File "C:\PycharmProjects\xenia-game-manager\src\db.py", line 1049, in import_games_from_source
    self.add_game(game)
    ~~~~~~~~~~~~~^^^^^^
  File "C:\PycharmProjects\xenia-game-manager\src\db.py", line 1081, in add_game
    con.execute("""
    ~~~~~~~~~~~^^^^
        INSERT INTO games (
        ^^^^^^^^^^^^^^^^^^^
    ...<14 lines>...
        str(game.config_path) if game.config_path else None,
        ^^^^^^^^^^^^^^^^^^^^^^^^^^^^^^^^^^^^^^^^^^^^^^^^^^^^
    ))
    ^^
sqlite3.ProgrammingError: Error binding parameter 1: type 'Platform' is not supported
2026-08-18 02:03:53,675 [ERROR] xenia_manager: Failed to add game: Xbox360Game(game_id='504707D1', title='PopCap Arcade Volume 1.exe', platform=<Platform.XBOX360: 'Xbox360'>, config_path=None, favourite=False, last_played=None, play_count=0, play_time=0, emulator='xenia', emulator_version=None, discs=[GameDisc(media_id=None, file_path=WindowsPath('D:/roms/xbox360/PopCap Arcade Vol 1 (USA).iso'), disc_count=1, disc_type='DVD', disc_swap_required=False, disc_number=1, label=None)])
Error: Error binding parameter 1: type 'Platform' is not supported
Traceback (most recent call last):
  File "C:\PycharmProjects\xenia-game-manager\src\db.py", line 1049, in import_games_from_source
    self.add_game(game)
    ~~~~~~~~~~~~~^^^^^^
  File "C:\PycharmProjects\xenia-game-manager\src\db.py", line 1081, in add_game
    con.execute("""
    ~~~~~~~~~~~^^^^
        INSERT INTO games (
        ^^^^^^^^^^^^^^^^^^^
    ...<14 lines>...
        str(game.config_path) if game.config_path else None,
        ^^^^^^^^^^^^^^^^^^^^^^^^^^^^^^^^^^^^^^^^^^^^^^^^^^^^
    ))
    ^^
sqlite3.ProgrammingError: Error binding parameter 1: type 'Platform' is not supported
2026-08-18 02:03:53,677 [ERROR] xenia_manager: Failed to add game: Xbox360Game(game_id='534307E0', title='Kane & Lynch: Dead Men', platform=<Platform.XBOX360: 'Xbox360'>, config_path=None, favourite=False, last_played=None, play_count=0, play_time=0, emulator='xenia', emulator_version=None, discs=[GameDisc(media_id=None, file_path=WindowsPath('D:/roms/xbox360/Kane & Lynch - Dead Men (World) (En,Fr,De,Es,It).zar'), disc_count=1, disc_type='DVD', disc_swap_required=False, disc_number=1, label=None)])
Error: Error binding parameter 1: type 'Platform' is not supported
Traceback (most recent call last):
  File "C:\PycharmProjects\xenia-game-manager\src\db.py", line 1049, in import_games_from_source
    self.add_game(game)
    ~~~~~~~~~~~~~^^^^^^
  File "C:\PycharmProjects\xenia-game-manager\src\db.py", line 1081, in add_game
    con.execute("""
    ~~~~~~~~~~~^^^^
        INSERT INTO games (
        ^^^^^^^^^^^^^^^^^^^
    ...<14 lines>...
        str(game.config_path) if game.config_path else None,
        ^^^^^^^^^^^^^^^^^^^^^^^^^^^^^^^^^^^^^^^^^^^^^^^^^^^^
    ))
    ^^
sqlite3.ProgrammingError: Error binding parameter 1: type 'Platform' is not supported
2026-08-18 02:03:53,678 [ERROR] xenia_manager: Failed to add game: Xbox360Game(game_id='534307F8', title='Kane & Lynch 2', platform=<Platform.XBOX360: 'Xbox360'>, config_path=None, favourite=False, last_played=None, play_count=0, play_time=0, emulator='xenia', emulator_version=None, discs=[GameDisc(media_id=None, file_path=WindowsPath('D:/roms/xbox360/Kane & Lynch 2 - Dog Days (USA, Europe) (En,Fr,Es,It).iso'), disc_count=1, disc_type='DVD', disc_swap_required=False, disc_number=1, label=None)])
Error: Error binding parameter 1: type 'Platform' is not supported
Traceback (most recent call last):
  File "C:\PycharmProjects\xenia-game-manager\src\db.py", line 1049, in import_games_from_source
    self.add_game(game)
    ~~~~~~~~~~~~~^^^^^^
  File "C:\PycharmProjects\xenia-game-manager\src\db.py", line 1081, in add_game
    con.execute("""
    ~~~~~~~~~~~^^^^
        INSERT INTO games (
        ^^^^^^^^^^^^^^^^^^^
    ...<14 lines>...
        str(game.config_path) if game.config_path else None,
        ^^^^^^^^^^^^^^^^^^^^^^^^^^^^^^^^^^^^^^^^^^^^^^^^^^^^
    ))
    ^^
sqlite3.ProgrammingError: Error binding parameter 1: type 'Platform' is not supported
2026-08-18 02:03:53,679 [ERROR] xenia_manager: Failed to add game: Xbox360Game(game_id='534507D5', title='Full Auto', platform=<Platform.XBOX360: 'Xbox360'>, config_path=None, favourite=False, last_played=None, play_count=0, play_time=0, emulator='xenia', emulator_version=None, discs=[GameDisc(media_id=None, file_path=WindowsPath('H:/roms/xbox360/Full Auto (USA, Europe) (En,Fr,De,Es,It).iso'), disc_count=1, disc_type='DVD', disc_swap_required=False, disc_number=1, label=None)])
Error: Error binding parameter 1: type 'Platform' is not supported
Traceback (most recent call last):
  File "C:\PycharmProjects\xenia-game-manager\src\db.py", line 1049, in import_games_from_source
    self.add_game(game)
    ~~~~~~~~~~~~~^^^^^^
  File "C:\PycharmProjects\xenia-game-manager\src\db.py", line 1081, in add_game
    con.execute("""
    ~~~~~~~~~~~^^^^
        INSERT INTO games (
        ^^^^^^^^^^^^^^^^^^^
    ...<14 lines>...
        str(game.config_path) if game.config_path else None,
        ^^^^^^^^^^^^^^^^^^^^^^^^^^^^^^^^^^^^^^^^^^^^^^^^^^^^
    ))
    ^^
sqlite3.ProgrammingError: Error binding parameter 1: type 'Platform' is not supported
2026-08-18 02:03:53,681 [ERROR] xenia_manager: Failed to add game: Xbox360Game(game_id='534507D6', title='SONIC THE HEDGEHOG', platform=<Platform.XBOX360: 'Xbox360'>, config_path=None, favourite=False, last_played=None, play_count=0, play_time=0, emulator='xenia', emulator_version=None, discs=[GameDisc(media_id=None, file_path=WindowsPath('H:/roms/xbox360/Sonic the Hedgehog (USA, Europe) (En,Ja,Fr,De,Es,It).zar'), disc_count=1, disc_type='DVD', disc_swap_required=False, disc_number=1, label=None)])
Error: Error binding parameter 1: type 'Platform' is not supported
Traceback (most recent call last):
  File "C:\PycharmProjects\xenia-game-manager\src\db.py", line 1049, in import_games_from_source
    self.add_game(game)
    ~~~~~~~~~~~~~^^^^^^
  File "C:\PycharmProjects\xenia-game-manager\src\db.py", line 1081, in add_game
    con.execute("""
    ~~~~~~~~~~~^^^^
        INSERT INTO games (
        ^^^^^^^^^^^^^^^^^^^
    ...<14 lines>...
        str(game.config_path) if game.config_path else None,
        ^^^^^^^^^^^^^^^^^^^^^^^^^^^^^^^^^^^^^^^^^^^^^^^^^^^^
    ))
    ^^
sqlite3.ProgrammingError: Error binding parameter 1: type 'Platform' is not supported
2026-08-18 02:03:53,682 [ERROR] xenia_manager: Failed to add game: Xbox360Game(game_id='534507E6', title='SEGA Rally', platform=<Platform.XBOX360: 'Xbox360'>, config_path=None, favourite=False, last_played=None, play_count=0, play_time=0, emulator='xenia', emulator_version=None, discs=[GameDisc(media_id=None, file_path=WindowsPath('H:/roms/xbox360/Sega Rally Revo (USA, Europe) (En,Fr,De,Es,It).zar'), disc_count=1, disc_type='DVD', disc_swap_required=False, disc_number=1, label=None)])
Error: Error binding parameter 1: type 'Platform' is not supported
Traceback (most recent call last):
  File "C:\PycharmProjects\xenia-game-manager\src\db.py", line 1049, in import_games_from_source
    self.add_game(game)
    ~~~~~~~~~~~~~^^^^^^
  File "C:\PycharmProjects\xenia-game-manager\src\db.py", line 1081, in add_game
    con.execute("""
    ~~~~~~~~~~~^^^^
        INSERT INTO games (
        ^^^^^^^^^^^^^^^^^^^
    ...<14 lines>...
        str(game.config_path) if game.config_path else None,
        ^^^^^^^^^^^^^^^^^^^^^^^^^^^^^^^^^^^^^^^^^^^^^^^^^^^^
    ))
    ^^
sqlite3.ProgrammingError: Error binding parameter 1: type 'Platform' is not supported
2026-08-18 02:03:53,684 [ERROR] xenia_manager: Failed to add game: Xbox360Game(game_id='534507F4', title='Beijing 2008', platform=<Platform.XBOX360: 'Xbox360'>, config_path=None, favourite=False, last_played=None, play_count=0, play_time=0, emulator='xenia', emulator_version=None, discs=[GameDisc(media_id=None, file_path=WindowsPath('D:/roms/xbox360/Beijing 2008 (USA, Europe) (En,Fr,De,Es,It).zar'), disc_count=1, disc_type='DVD', disc_swap_required=False, disc_number=1, label=None)])
Error: Error binding parameter 1: type 'Platform' is not supported
Traceback (most recent call last):
  File "C:\PycharmProjects\xenia-game-manager\src\db.py", line 1049, in import_games_from_source
    self.add_game(game)
    ~~~~~~~~~~~~~^^^^^^
  File "C:\PycharmProjects\xenia-game-manager\src\db.py", line 1081, in add_game
    con.execute("""
    ~~~~~~~~~~~^^^^
        INSERT INTO games (
        ^^^^^^^^^^^^^^^^^^^
    ...<14 lines>...
        str(game.config_path) if game.config_path else None,
        ^^^^^^^^^^^^^^^^^^^^^^^^^^^^^^^^^^^^^^^^^^^^^^^^^^^^
    ))
    ^^
sqlite3.ProgrammingError: Error binding parameter 1: type 'Platform' is not supported
2026-08-18 02:03:53,685 [ERROR] xenia_manager: Failed to add game: Xbox360Game(game_id='53450806', title='Stormrise', platform=<Platform.XBOX360: 'Xbox360'>, config_path=None, favourite=False, last_played=None, play_count=0, play_time=0, emulator='xenia', emulator_version=None, discs=[GameDisc(media_id=None, file_path=WindowsPath('D:/roms/xbox360/Stormrise (USA, Europe) (En,Fr,Es,It).iso'), disc_count=1, disc_type='DVD', disc_swap_required=False, disc_number=1, label=None)])
Error: Error binding parameter 1: type 'Platform' is not supported
Traceback (most recent call last):
  File "C:\PycharmProjects\xenia-game-manager\src\db.py", line 1049, in import_games_from_source
    self.add_game(game)
    ~~~~~~~~~~~~~^^^^^^
  File "C:\PycharmProjects\xenia-game-manager\src\db.py", line 1081, in add_game
    con.execute("""
    ~~~~~~~~~~~^^^^
        INSERT INTO games (
        ^^^^^^^^^^^^^^^^^^^
    ...<14 lines>...
        str(game.config_path) if game.config_path else None,
        ^^^^^^^^^^^^^^^^^^^^^^^^^^^^^^^^^^^^^^^^^^^^^^^^^^^^
    ))
    ^^
sqlite3.ProgrammingError: Error binding parameter 1: type 'Platform' is not supported
2026-08-18 02:03:53,686 [ERROR] xenia_manager: Failed to add game: Xbox360Game(game_id='53450810', title="Sonic's Ultimate Genesis Collection", platform=<Platform.XBOX360: 'Xbox360'>, config_path=None, favourite=False, last_played=None, play_count=0, play_time=0, emulator='xenia', emulator_version=None, discs=[GameDisc(media_id=None, file_path=WindowsPath("D:/roms/xbox360/Sonic's Ultimate Genesis Collection (USA).zar"), disc_count=1, disc_type='DVD', disc_swap_required=False, disc_number=1, label=None)])
Error: Error binding parameter 1: type 'Platform' is not supported
Traceback (most recent call last):
  File "C:\PycharmProjects\xenia-game-manager\src\db.py", line 1049, in import_games_from_source
    self.add_game(game)
    ~~~~~~~~~~~~~^^^^^^
  File "C:\PycharmProjects\xenia-game-manager\src\db.py", line 1081, in add_game
    con.execute("""
    ~~~~~~~~~~~^^^^
        INSERT INTO games (
        ^^^^^^^^^^^^^^^^^^^
    ...<14 lines>...
        str(game.config_path) if game.config_path else None,
        ^^^^^^^^^^^^^^^^^^^^^^^^^^^^^^^^^^^^^^^^^^^^^^^^^^^^
    ))
    ^^
sqlite3.ProgrammingError: Error binding parameter 1: type 'Platform' is not supported
2026-08-18 02:03:53,688 [ERROR] xenia_manager: Failed to add game: Xbox360Game(game_id='53450812', title='Sonic Unleashed', platform=<Platform.XBOX360: 'Xbox360'>, config_path=None, favourite=False, last_played=None, play_count=0, play_time=0, emulator='xenia', emulator_version=None, discs=[GameDisc(media_id=None, file_path=WindowsPath('D:/roms/xbox360/Sonic Unleashed.zar'), disc_count=1, disc_type='DVD', disc_swap_required=False, disc_number=1, label=None)])
Error: Error binding parameter 1: type 'Platform' is not supported
Traceback (most recent call last):
  File "C:\PycharmProjects\xenia-game-manager\src\db.py", line 1049, in import_games_from_source
    self.add_game(game)
    ~~~~~~~~~~~~~^^^^^^
  File "C:\PycharmProjects\xenia-game-manager\src\db.py", line 1081, in add_game
    con.execute("""
    ~~~~~~~~~~~^^^^
        INSERT INTO games (
        ^^^^^^^^^^^^^^^^^^^
    ...<14 lines>...
        str(game.config_path) if game.config_path else None,
        ^^^^^^^^^^^^^^^^^^^^^^^^^^^^^^^^^^^^^^^^^^^^^^^^^^^^
    ))
    ^^
sqlite3.ProgrammingError: Error binding parameter 1: type 'Platform' is not supported
2026-08-18 02:03:53,689 [ERROR] xenia_manager: Failed to add game: Xbox360Game(game_id='5345082A', title='Aliens vs Predator', platform=<Platform.XBOX360: 'Xbox360'>, config_path=None, favourite=False, last_played=None, play_count=0, play_time=0, emulator='xenia', emulator_version=None, discs=[GameDisc(media_id=None, file_path=WindowsPath('H:/roms/xbox360/Aliens vs. Predator (USA, Europe) (En,Fr,De,Es,It).iso'), disc_count=1, disc_type='DVD', disc_swap_required=False, disc_number=1, label=None)])
Error: Error binding parameter 1: type 'Platform' is not supported
Traceback (most recent call last):
  File "C:\PycharmProjects\xenia-game-manager\src\db.py", line 1049, in import_games_from_source
    self.add_game(game)
    ~~~~~~~~~~~~~^^^^^^
  File "C:\PycharmProjects\xenia-game-manager\src\db.py", line 1081, in add_game
    con.execute("""
    ~~~~~~~~~~~^^^^
        INSERT INTO games (
        ^^^^^^^^^^^^^^^^^^^
    ...<14 lines>...
        str(game.config_path) if game.config_path else None,
        ^^^^^^^^^^^^^^^^^^^^^^^^^^^^^^^^^^^^^^^^^^^^^^^^^^^^
    ))
    ^^
sqlite3.ProgrammingError: Error binding parameter 1: type 'Platform' is not supported
2026-08-18 02:03:53,691 [ERROR] xenia_manager: Failed to add game: Xbox360Game(game_id='53450839', title='Resonance of Fate', platform=<Platform.XBOX360: 'Xbox360'>, config_path=None, favourite=False, last_played=None, play_count=0, play_time=0, emulator='xenia', emulator_version=None, discs=[GameDisc(media_id=None, file_path=WindowsPath('H:/roms/xbox360/Resonance of Fate (USA, Europe) (En,Ja,Fr,De,Es,It).iso'), disc_count=1, disc_type='DVD', disc_swap_required=False, disc_number=1, label=None)])
Error: Error binding parameter 1: type 'Platform' is not supported
Traceback (most recent call last):
  File "C:\PycharmProjects\xenia-game-manager\src\db.py", line 1049, in import_games_from_source
    self.add_game(game)
    ~~~~~~~~~~~~~^^^^^^
  File "C:\PycharmProjects\xenia-game-manager\src\db.py", line 1081, in add_game
    con.execute("""
    ~~~~~~~~~~~^^^^
        INSERT INTO games (
        ^^^^^^^^^^^^^^^^^^^
    ...<14 lines>...
        str(game.config_path) if game.config_path else None,
        ^^^^^^^^^^^^^^^^^^^^^^^^^^^^^^^^^^^^^^^^^^^^^^^^^^^^
    ))
    ^^
sqlite3.ProgrammingError: Error binding parameter 1: type 'Platform' is not supported
2026-08-18 02:03:53,692 [ERROR] xenia_manager: Failed to add game: Xbox360Game(game_id='53450848', title='Sonic Generations', platform=<Platform.XBOX360: 'Xbox360'>, config_path=None, favourite=False, last_played=None, play_count=0, play_time=0, emulator='xenia', emulator_version=None, discs=[GameDisc(media_id=None, file_path=WindowsPath('D:/roms/xbox360/Sonic Generations.zar'), disc_count=1, disc_type='DVD', disc_swap_required=False, disc_number=1, label=None)])
Error: Error binding parameter 1: type 'Platform' is not supported
Traceback (most recent call last):
  File "C:\PycharmProjects\xenia-game-manager\src\db.py", line 1049, in import_games_from_source
    self.add_game(game)
    ~~~~~~~~~~~~~^^^^^^
  File "C:\PycharmProjects\xenia-game-manager\src\db.py", line 1081, in add_game
    con.execute("""
    ~~~~~~~~~~~^^^^
        INSERT INTO games (
        ^^^^^^^^^^^^^^^^^^^
    ...<14 lines>...
        str(game.config_path) if game.config_path else None,
        ^^^^^^^^^^^^^^^^^^^^^^^^^^^^^^^^^^^^^^^^^^^^^^^^^^^^
    ))
    ^^
sqlite3.ProgrammingError: Error binding parameter 1: type 'Platform' is not supported
2026-08-18 02:03:53,694 [ERROR] xenia_manager: Failed to add game: Xbox360Game(game_id='5345085A', title='Dreamcast Collection', platform=<Platform.XBOX360: 'Xbox360'>, config_path=None, favourite=False, last_played=None, play_count=0, play_time=0, emulator='xenia', emulator_version=None, discs=[GameDisc(media_id=None, file_path=WindowsPath('D:/roms/xbox360/Dreamcast Collection.zar'), disc_count=1, disc_type='DVD', disc_swap_required=False, disc_number=1, label=None)])
Error: Error binding parameter 1: type 'Platform' is not supported
Traceback (most recent call last):
  File "C:\PycharmProjects\xenia-game-manager\src\db.py", line 1049, in import_games_from_source
    self.add_game(game)
    ~~~~~~~~~~~~~^^^^^^
  File "C:\PycharmProjects\xenia-game-manager\src\db.py", line 1081, in add_game
    con.execute("""
    ~~~~~~~~~~~^^^^
        INSERT INTO games (
        ^^^^^^^^^^^^^^^^^^^
    ...<14 lines>...
        str(game.config_path) if game.config_path else None,
        ^^^^^^^^^^^^^^^^^^^^^^^^^^^^^^^^^^^^^^^^^^^^^^^^^^^^
    ))
    ^^
sqlite3.ProgrammingError: Error binding parameter 1: type 'Platform' is not supported
2026-08-18 02:03:53,695 [ERROR] xenia_manager: Failed to add game: Xbox360Game(game_id='5345085D', title='Sonic  All-Stars Racing Transformed', platform=<Platform.XBOX360: 'Xbox360'>, config_path=None, favourite=False, last_played=None, play_count=0, play_time=0, emulator='xenia', emulator_version=None, discs=[GameDisc(media_id=None, file_path=WindowsPath('D:/roms/xbox360/Sonic & All-Stars Racing Transformed (World) (En,Fr,De,Es,It).iso'), disc_count=1, disc_type='DVD', disc_swap_required=False, disc_number=1, label=None)])
Error: Error binding parameter 1: type 'Platform' is not supported
Traceback (most recent call last):
  File "C:\PycharmProjects\xenia-game-manager\src\db.py", line 1049, in import_games_from_source
    self.add_game(game)
    ~~~~~~~~~~~~~^^^^^^
  File "C:\PycharmProjects\xenia-game-manager\src\db.py", line 1081, in add_game
    con.execute("""
    ~~~~~~~~~~~^^^^
        INSERT INTO games (
        ^^^^^^^^^^^^^^^^^^^
    ...<14 lines>...
        str(game.config_path) if game.config_path else None,
        ^^^^^^^^^^^^^^^^^^^^^^^^^^^^^^^^^^^^^^^^^^^^^^^^^^^^
    ))
    ^^
sqlite3.ProgrammingError: Error binding parameter 1: type 'Platform' is not supported
2026-08-18 02:03:53,696 [ERROR] xenia_manager: Failed to add game: Xbox360Game(game_id='5345085E', title='Alien Isolation', platform=<Platform.XBOX360: 'Xbox360'>, config_path=None, favourite=False, last_played=None, play_count=0, play_time=0, emulator='xenia', emulator_version=None, discs=[GameDisc(media_id=None, file_path=WindowsPath('D:/roms/xbox360/Alien - Isolation (USA, Europe) (En,Fr,De,Es,It,Pt,Pl,Ru) (Disc 1) (Installation Disc).iso'), disc_count=1, disc_type='DVD', disc_swap_required=False, disc_number=1, label=None)])
Error: Error binding parameter 1: type 'Platform' is not supported
Traceback (most recent call last):
  File "C:\PycharmProjects\xenia-game-manager\src\db.py", line 1049, in import_games_from_source
    self.add_game(game)
    ~~~~~~~~~~~~~^^^^^^
  File "C:\PycharmProjects\xenia-game-manager\src\db.py", line 1081, in add_game
    con.execute("""
    ~~~~~~~~~~~^^^^
        INSERT INTO games (
        ^^^^^^^^^^^^^^^^^^^
    ...<14 lines>...
        str(game.config_path) if game.config_path else None,
        ^^^^^^^^^^^^^^^^^^^^^^^^^^^^^^^^^^^^^^^^^^^^^^^^^^^^
    ))
    ^^
sqlite3.ProgrammingError: Error binding parameter 1: type 'Platform' is not supported
2026-08-18 02:03:53,698 [ERROR] xenia_manager: Failed to add game: Xbox360Game(game_id='5345085E', title='Alien Isolation', platform=<Platform.XBOX360: 'Xbox360'>, config_path=None, favourite=False, last_played=None, play_count=0, play_time=0, emulator='xenia', emulator_version=None, discs=[GameDisc(media_id=None, file_path=WindowsPath('D:/roms/xbox360/Alien - Isolation (USA, Europe) (En,Fr,De,Es,It,Pt,Pl,Ru) (Disc 2).iso'), disc_count=1, disc_type='DVD', disc_swap_required=False, disc_number=1, label=None)])
Error: Error binding parameter 1: type 'Platform' is not supported
Traceback (most recent call last):
  File "C:\PycharmProjects\xenia-game-manager\src\db.py", line 1049, in import_games_from_source
    self.add_game(game)
    ~~~~~~~~~~~~~^^^^^^
  File "C:\PycharmProjects\xenia-game-manager\src\db.py", line 1081, in add_game
    con.execute("""
    ~~~~~~~~~~~^^^^
        INSERT INTO games (
        ^^^^^^^^^^^^^^^^^^^
    ...<14 lines>...
        str(game.config_path) if game.config_path else None,
        ^^^^^^^^^^^^^^^^^^^^^^^^^^^^^^^^^^^^^^^^^^^^^^^^^^^^
    ))
    ^^
sqlite3.ProgrammingError: Error binding parameter 1: type 'Platform' is not supported
2026-08-18 02:03:53,699 [ERROR] xenia_manager: Failed to add game: Xbox360Game(game_id='5345085E', title='Alien Isolation', platform=<Platform.XBOX360: 'Xbox360'>, config_path=None, favourite=False, last_played=None, play_count=0, play_time=0, emulator='xenia', emulator_version=None, discs=[GameDisc(media_id=None, file_path=WindowsPath('H:/roms/xbox360/Alien - Isolation (USA, Europe) (En,Fr,De,Es,It,Pt,Pl,Ru) (Disc 1) (Installation Disc).iso'), disc_count=1, disc_type='DVD', disc_swap_required=False, disc_number=1, label=None)])
Error: Error binding parameter 1: type 'Platform' is not supported
Traceback (most recent call last):
  File "C:\PycharmProjects\xenia-game-manager\src\db.py", line 1049, in import_games_from_source
    self.add_game(game)
    ~~~~~~~~~~~~~^^^^^^
  File "C:\PycharmProjects\xenia-game-manager\src\db.py", line 1081, in add_game
    con.execute("""
    ~~~~~~~~~~~^^^^
        INSERT INTO games (
        ^^^^^^^^^^^^^^^^^^^
    ...<14 lines>...
        str(game.config_path) if game.config_path else None,
        ^^^^^^^^^^^^^^^^^^^^^^^^^^^^^^^^^^^^^^^^^^^^^^^^^^^^
    ))
    ^^
sqlite3.ProgrammingError: Error binding parameter 1: type 'Platform' is not supported
2026-08-18 02:03:53,700 [ERROR] xenia_manager: Failed to add game: Xbox360Game(game_id='5345085E', title='Alien Isolation', platform=<Platform.XBOX360: 'Xbox360'>, config_path=None, favourite=False, last_played=None, play_count=0, play_time=0, emulator='xenia', emulator_version=None, discs=[GameDisc(media_id=None, file_path=WindowsPath('H:/roms/xbox360/Alien - Isolation (USA, Europe) (En,Fr,De,Es,It,Pt,Pl,Ru) (Disc 2).iso'), disc_count=1, disc_type='DVD', disc_swap_required=False, disc_number=1, label=None)])
Error: Error binding parameter 1: type 'Platform' is not supported
Traceback (most recent call last):
  File "C:\PycharmProjects\xenia-game-manager\src\db.py", line 1049, in import_games_from_source
    self.add_game(game)
    ~~~~~~~~~~~~~^^^^^^
  File "C:\PycharmProjects\xenia-game-manager\src\db.py", line 1081, in add_game
    con.execute("""
    ~~~~~~~~~~~^^^^
        INSERT INTO games (
        ^^^^^^^^^^^^^^^^^^^
    ...<14 lines>...
        str(game.config_path) if game.config_path else None,
        ^^^^^^^^^^^^^^^^^^^^^^^^^^^^^^^^^^^^^^^^^^^^^^^^^^^^
    ))
    ^^
sqlite3.ProgrammingError: Error binding parameter 1: type 'Platform' is not supported
2026-08-18 02:03:53,702 [ERROR] xenia_manager: Failed to add game: Xbox360Game(game_id='535107D4', title='PROJECT SYLPHEED', platform=<Platform.XBOX360: 'Xbox360'>, config_path=None, favourite=False, last_played=None, play_count=0, play_time=0, emulator='xenia', emulator_version=None, discs=[GameDisc(media_id=None, file_path=WindowsPath('D:/roms/xbox360/Project Sylpheed - Arc of Deception (USA, Europe) (En,Ja).iso'), disc_count=1, disc_type='DVD', disc_swap_required=False, disc_number=1, label=None)])
Error: Error binding parameter 1: type 'Platform' is not supported
Traceback (most recent call last):
  File "C:\PycharmProjects\xenia-game-manager\src\db.py", line 1049, in import_games_from_source
    self.add_game(game)
    ~~~~~~~~~~~~~^^^^^^
  File "C:\PycharmProjects\xenia-game-manager\src\db.py", line 1081, in add_game
    con.execute("""
    ~~~~~~~~~~~^^^^
        INSERT INTO games (
        ^^^^^^^^^^^^^^^^^^^
    ...<14 lines>...
        str(game.config_path) if game.config_path else None,
        ^^^^^^^^^^^^^^^^^^^^^^^^^^^^^^^^^^^^^^^^^^^^^^^^^^^^
    ))
    ^^
sqlite3.ProgrammingError: Error binding parameter 1: type 'Platform' is not supported
2026-08-18 02:03:53,703 [ERROR] xenia_manager: Failed to add game: Xbox360Game(game_id='535107DD', title='Star Ocean: The Last Hope', platform=<Platform.XBOX360: 'Xbox360'>, config_path=None, favourite=False, last_played=None, play_count=0, play_time=0, emulator='xenia', emulator_version=None, discs=[GameDisc(media_id=None, file_path=WindowsPath('D:/roms/xbox360/Star Ocean - The Last Hope (USA) (Disc 1).iso'), disc_count=1, disc_type='DVD', disc_swap_required=False, disc_number=1, label=None)])
Error: Error binding parameter 1: type 'Platform' is not supported
Traceback (most recent call last):
  File "C:\PycharmProjects\xenia-game-manager\src\db.py", line 1049, in import_games_from_source
    self.add_game(game)
    ~~~~~~~~~~~~~^^^^^^
  File "C:\PycharmProjects\xenia-game-manager\src\db.py", line 1081, in add_game
    con.execute("""
    ~~~~~~~~~~~^^^^
        INSERT INTO games (
        ^^^^^^^^^^^^^^^^^^^
    ...<14 lines>...
        str(game.config_path) if game.config_path else None,
        ^^^^^^^^^^^^^^^^^^^^^^^^^^^^^^^^^^^^^^^^^^^^^^^^^^^^
    ))
    ^^
sqlite3.ProgrammingError: Error binding parameter 1: type 'Platform' is not supported
2026-08-18 02:03:53,705 [ERROR] xenia_manager: Failed to add game: Xbox360Game(game_id='535107DD', title='Star Ocean: The Last Hope', platform=<Platform.XBOX360: 'Xbox360'>, config_path=None, favourite=False, last_played=None, play_count=0, play_time=0, emulator='xenia', emulator_version=None, discs=[GameDisc(media_id=None, file_path=WindowsPath('D:/roms/xbox360/Star Ocean - The Last Hope (USA) (Disc 2).iso'), disc_count=1, disc_type='DVD', disc_swap_required=False, disc_number=1, label=None)])
Error: Error binding parameter 1: type 'Platform' is not supported
Traceback (most recent call last):
  File "C:\PycharmProjects\xenia-game-manager\src\db.py", line 1049, in import_games_from_source
    self.add_game(game)
    ~~~~~~~~~~~~~^^^^^^
  File "C:\PycharmProjects\xenia-game-manager\src\db.py", line 1081, in add_game
    con.execute("""
    ~~~~~~~~~~~^^^^
        INSERT INTO games (
        ^^^^^^^^^^^^^^^^^^^
    ...<14 lines>...
        str(game.config_path) if game.config_path else None,
        ^^^^^^^^^^^^^^^^^^^^^^^^^^^^^^^^^^^^^^^^^^^^^^^^^^^^
    ))
    ^^
sqlite3.ProgrammingError: Error binding parameter 1: type 'Platform' is not supported
2026-08-18 02:03:53,706 [ERROR] xenia_manager: Failed to add game: Xbox360Game(game_id='535107DD', title='Star Ocean: The Last Hope', platform=<Platform.XBOX360: 'Xbox360'>, config_path=None, favourite=False, last_played=None, play_count=0, play_time=0, emulator='xenia', emulator_version=None, discs=[GameDisc(media_id=None, file_path=WindowsPath('D:/roms/xbox360/Star Ocean - The Last Hope (USA) (Disc 3).iso'), disc_count=1, disc_type='DVD', disc_swap_required=False, disc_number=1, label=None)])
Error: Error binding parameter 1: type 'Platform' is not supported
Traceback (most recent call last):
  File "C:\PycharmProjects\xenia-game-manager\src\db.py", line 1049, in import_games_from_source
    self.add_game(game)
    ~~~~~~~~~~~~~^^^^^^
  File "C:\PycharmProjects\xenia-game-manager\src\db.py", line 1081, in add_game
    con.execute("""
    ~~~~~~~~~~~^^^^
        INSERT INTO games (
        ^^^^^^^^^^^^^^^^^^^
    ...<14 lines>...
        str(game.config_path) if game.config_path else None,
        ^^^^^^^^^^^^^^^^^^^^^^^^^^^^^^^^^^^^^^^^^^^^^^^^^^^^
    ))
    ^^
sqlite3.ProgrammingError: Error binding parameter 1: type 'Platform' is not supported
2026-08-18 02:03:53,708 [ERROR] xenia_manager: Failed to add game: Xbox360Game(game_id='535107FA', title='DEUS EX HUMAN REVOLUTION', platform=<Platform.XBOX360: 'Xbox360'>, config_path=None, favourite=False, last_played=None, play_count=0, play_time=0, emulator='xenia', emulator_version=None, discs=[GameDisc(media_id=None, file_path=WindowsPath("H:/roms/xbox360/Deus Ex - Human Revolution - Director's Cut (USA, Europe) (En,Fr,De,Es,It) (Disc 1).iso"), disc_count=1, disc_type='DVD', disc_swap_required=False, disc_number=1, label=None)])
Error: Error binding parameter 1: type 'Platform' is not supported
Traceback (most recent call last):
  File "C:\PycharmProjects\xenia-game-manager\src\db.py", line 1049, in import_games_from_source
    self.add_game(game)
    ~~~~~~~~~~~~~^^^^^^
  File "C:\PycharmProjects\xenia-game-manager\src\db.py", line 1081, in add_game
    con.execute("""
    ~~~~~~~~~~~^^^^
        INSERT INTO games (
        ^^^^^^^^^^^^^^^^^^^
    ...<14 lines>...
        str(game.config_path) if game.config_path else None,
        ^^^^^^^^^^^^^^^^^^^^^^^^^^^^^^^^^^^^^^^^^^^^^^^^^^^^
    ))
    ^^
sqlite3.ProgrammingError: Error binding parameter 1: type 'Platform' is not supported
2026-08-18 02:03:53,709 [ERROR] xenia_manager: Failed to add game: Xbox360Game(game_id='535107FA', title='DEUS EX HUMAN REVOLUTION', platform=<Platform.XBOX360: 'Xbox360'>, config_path=None, favourite=False, last_played=None, play_count=0, play_time=0, emulator='xenia', emulator_version=None, discs=[GameDisc(media_id=None, file_path=WindowsPath("H:/roms/xbox360/Deus Ex - Human Revolution - Director's Cut (USA, Europe) (En,Fr,De,Es,It) (Disc 2).iso"), disc_count=1, disc_type='DVD', disc_swap_required=False, disc_number=1, label=None)])
Error: Error binding parameter 1: type 'Platform' is not supported
Traceback (most recent call last):
  File "C:\PycharmProjects\xenia-game-manager\src\db.py", line 1049, in import_games_from_source
    self.add_game(game)
    ~~~~~~~~~~~~~^^^^^^
  File "C:\PycharmProjects\xenia-game-manager\src\db.py", line 1081, in add_game
    con.execute("""
    ~~~~~~~~~~~^^^^
        INSERT INTO games (
        ^^^^^^^^^^^^^^^^^^^
    ...<14 lines>...
        str(game.config_path) if game.config_path else None,
        ^^^^^^^^^^^^^^^^^^^^^^^^^^^^^^^^^^^^^^^^^^^^^^^^^^^^
    ))
    ^^
sqlite3.ProgrammingError: Error binding parameter 1: type 'Platform' is not supported
2026-08-18 02:03:53,710 [ERROR] xenia_manager: Failed to add game: Xbox360Game(game_id='53510804', title='Hitman Absolution', platform=<Platform.XBOX360: 'Xbox360'>, config_path=None, favourite=False, last_played=None, play_count=0, play_time=0, emulator='xenia', emulator_version=None, discs=[GameDisc(media_id=None, file_path=WindowsPath('H:/roms/xbox360/Hitman Absolution [PAL][NTSCU].iso'), disc_count=1, disc_type='DVD', disc_swap_required=False, disc_number=1, label=None)])
Error: Error binding parameter 1: type 'Platform' is not supported
Traceback (most recent call last):
  File "C:\PycharmProjects\xenia-game-manager\src\db.py", line 1049, in import_games_from_source
    self.add_game(game)
    ~~~~~~~~~~~~~^^^^^^
  File "C:\PycharmProjects\xenia-game-manager\src\db.py", line 1081, in add_game
    con.execute("""
    ~~~~~~~~~~~^^^^
        INSERT INTO games (
        ^^^^^^^^^^^^^^^^^^^
    ...<14 lines>...
        str(game.config_path) if game.config_path else None,
        ^^^^^^^^^^^^^^^^^^^^^^^^^^^^^^^^^^^^^^^^^^^^^^^^^^^^
    ))
    ^^
sqlite3.ProgrammingError: Error binding parameter 1: type 'Platform' is not supported
2026-08-18 02:03:53,712 [ERROR] xenia_manager: Failed to add game: Xbox360Game(game_id='5351081C', title='Hitman HD Pack', platform=<Platform.XBOX360: 'Xbox360'>, config_path=None, favourite=False, last_played=None, play_count=0, play_time=0, emulator='xenia', emulator_version=None, discs=[GameDisc(media_id=None, file_path=WindowsPath('H:/roms/xbox360/Hitman HD Trilogy (USA, Europe) (En,Fr,De) (Disc 1).iso'), disc_count=1, disc_type='DVD', disc_swap_required=False, disc_number=1, label=None)])
Error: Error binding parameter 1: type 'Platform' is not supported
Traceback (most recent call last):
  File "C:\PycharmProjects\xenia-game-manager\src\db.py", line 1049, in import_games_from_source
    self.add_game(game)
    ~~~~~~~~~~~~~^^^^^^
  File "C:\PycharmProjects\xenia-game-manager\src\db.py", line 1081, in add_game
    con.execute("""
    ~~~~~~~~~~~^^^^
        INSERT INTO games (
        ^^^^^^^^^^^^^^^^^^^
    ...<14 lines>...
        str(game.config_path) if game.config_path else None,
        ^^^^^^^^^^^^^^^^^^^^^^^^^^^^^^^^^^^^^^^^^^^^^^^^^^^^
    ))
    ^^
sqlite3.ProgrammingError: Error binding parameter 1: type 'Platform' is not supported
2026-08-18 02:03:53,714 [ERROR] xenia_manager: Failed to add game: Xbox360Game(game_id='53510823', title='Rise of the Tomb Raider', platform=<Platform.XBOX360: 'Xbox360'>, config_path=None, favourite=False, last_played=None, play_count=0, play_time=0, emulator='xenia', emulator_version=None, discs=[GameDisc(media_id=None, file_path=WindowsPath('D:/roms/xbox360/Rise of the Tomb Raider (Europe) (En,De,It,Nl).iso'), disc_count=1, disc_type='DVD', disc_swap_required=False, disc_number=1, label=None)])
Error: Error binding parameter 1: type 'Platform' is not supported
Traceback (most recent call last):
  File "C:\PycharmProjects\xenia-game-manager\src\db.py", line 1049, in import_games_from_source
    self.add_game(game)
    ~~~~~~~~~~~~~^^^^^^
  File "C:\PycharmProjects\xenia-game-manager\src\db.py", line 1081, in add_game
    con.execute("""
    ~~~~~~~~~~~^^^^
        INSERT INTO games (
        ^^^^^^^^^^^^^^^^^^^
    ...<14 lines>...
        str(game.config_path) if game.config_path else None,
        ^^^^^^^^^^^^^^^^^^^^^^^^^^^^^^^^^^^^^^^^^^^^^^^^^^^^
    ))
    ^^
sqlite3.ProgrammingError: Error binding parameter 1: type 'Platform' is not supported
2026-08-18 02:03:53,715 [ERROR] xenia_manager: Failed to add game: Xbox360Game(game_id='545107D1', title='Saints Row', platform=<Platform.XBOX360: 'Xbox360'>, config_path=None, favourite=False, last_played=None, play_count=0, play_time=0, emulator='xenia', emulator_version=None, discs=[GameDisc(media_id=None, file_path=WindowsPath('D:/roms/xbox360/Saints Row (World) (En,Fr,De,Es,It).iso'), disc_count=1, disc_type='DVD', disc_swap_required=False, disc_number=1, label=None)])
Error: Error binding parameter 1: type 'Platform' is not supported
Traceback (most recent call last):
  File "C:\PycharmProjects\xenia-game-manager\src\db.py", line 1049, in import_games_from_source
    self.add_game(game)
    ~~~~~~~~~~~~~^^^^^^
  File "C:\PycharmProjects\xenia-game-manager\src\db.py", line 1081, in add_game
    con.execute("""
    ~~~~~~~~~~~^^^^
        INSERT INTO games (
        ^^^^^^^^^^^^^^^^^^^
    ...<14 lines>...
        str(game.config_path) if game.config_path else None,
        ^^^^^^^^^^^^^^^^^^^^^^^^^^^^^^^^^^^^^^^^^^^^^^^^^^^^
    ))
    ^^
sqlite3.ProgrammingError: Error binding parameter 1: type 'Platform' is not supported
2026-08-18 02:03:53,717 [ERROR] xenia_manager: Failed to add game: Xbox360Game(game_id='545107FC', title='Saints Row 2', platform=<Platform.XBOX360: 'Xbox360'>, config_path=None, favourite=False, last_played=None, play_count=0, play_time=0, emulator='xenia', emulator_version=None, discs=[GameDisc(media_id=None, file_path=WindowsPath('D:/roms/xbox360/Saints Row 2 (USA, Europe) (En,Fr,De,Es,It,Nl,Sv,Da).iso'), disc_count=1, disc_type='DVD', disc_swap_required=False, disc_number=1, label=None)])
Error: Error binding parameter 1: type 'Platform' is not supported
Traceback (most recent call last):
  File "C:\PycharmProjects\xenia-game-manager\src\db.py", line 1049, in import_games_from_source
    self.add_game(game)
    ~~~~~~~~~~~~~^^^^^^
  File "C:\PycharmProjects\xenia-game-manager\src\db.py", line 1081, in add_game
    con.execute("""
    ~~~~~~~~~~~^^^^
        INSERT INTO games (
        ^^^^^^^^^^^^^^^^^^^
    ...<14 lines>...
        str(game.config_path) if game.config_path else None,
        ^^^^^^^^^^^^^^^^^^^^^^^^^^^^^^^^^^^^^^^^^^^^^^^^^^^^
    ))
    ^^
sqlite3.ProgrammingError: Error binding parameter 1: type 'Platform' is not supported
2026-08-18 02:03:53,718 [ERROR] xenia_manager: Failed to add game: Xbox360Game(game_id='5451082C', title='Warhammer 40,000: Space Marine', platform=<Platform.XBOX360: 'Xbox360'>, config_path=None, favourite=False, last_played=None, play_count=0, play_time=0, emulator='xenia', emulator_version=None, discs=[GameDisc(media_id=None, file_path=WindowsPath('D:/roms/xbox360/Warhammer 40,000 - Space Marine.iso'), disc_count=1, disc_type='DVD', disc_swap_required=False, disc_number=1, label=None)])
Error: Error binding parameter 1: type 'Platform' is not supported
Traceback (most recent call last):
  File "C:\PycharmProjects\xenia-game-manager\src\db.py", line 1049, in import_games_from_source
    self.add_game(game)
    ~~~~~~~~~~~~~^^^^^^
  File "C:\PycharmProjects\xenia-game-manager\src\db.py", line 1081, in add_game
    con.execute("""
    ~~~~~~~~~~~^^^^
        INSERT INTO games (
        ^^^^^^^^^^^^^^^^^^^
    ...<14 lines>...
        str(game.config_path) if game.config_path else None,
        ^^^^^^^^^^^^^^^^^^^^^^^^^^^^^^^^^^^^^^^^^^^^^^^^^^^^
    ))
    ^^
sqlite3.ProgrammingError: Error binding parameter 1: type 'Platform' is not supported
2026-08-18 02:03:53,720 [ERROR] xenia_manager: Failed to add game: Xbox360Game(game_id='5451083B', title='50 Cent: Blood on the Sand', platform=<Platform.XBOX360: 'Xbox360'>, config_path=None, favourite=False, last_played=None, play_count=0, play_time=0, emulator='xenia', emulator_version=None, discs=[GameDisc(media_id=None, file_path=WindowsPath('D:/roms/xbox360/50 Cent - Blood on the Sand (USA, Europe) (En,Fr,De).zar'), disc_count=1, disc_type='DVD', disc_swap_required=False, disc_number=1, label=None)])
Error: Error binding parameter 1: type 'Platform' is not supported
Traceback (most recent call last):
  File "C:\PycharmProjects\xenia-game-manager\src\db.py", line 1049, in import_games_from_source
    self.add_game(game)
    ~~~~~~~~~~~~~^^^^^^
  File "C:\PycharmProjects\xenia-game-manager\src\db.py", line 1081, in add_game
    con.execute("""
    ~~~~~~~~~~~^^^^
        INSERT INTO games (
        ^^^^^^^^^^^^^^^^^^^
    ...<14 lines>...
        str(game.config_path) if game.config_path else None,
        ^^^^^^^^^^^^^^^^^^^^^^^^^^^^^^^^^^^^^^^^^^^^^^^^^^^^
    ))
    ^^
sqlite3.ProgrammingError: Error binding parameter 1: type 'Platform' is not supported
2026-08-18 02:03:53,721 [ERROR] xenia_manager: Failed to add game: Xbox360Game(game_id='54510848', title='Cars Race-O-Rama', platform=<Platform.XBOX360: 'Xbox360'>, config_path=None, favourite=False, last_played=None, play_count=0, play_time=0, emulator='xenia', emulator_version=None, discs=[GameDisc(media_id=None, file_path=WindowsPath('H:/roms/xbox360/Cars Race-O-Rama [RF].zar'), disc_count=1, disc_type='DVD', disc_swap_required=False, disc_number=1, label=None)])
Error: Error binding parameter 1: type 'Platform' is not supported
Traceback (most recent call last):
  File "C:\PycharmProjects\xenia-game-manager\src\db.py", line 1049, in import_games_from_source
    self.add_game(game)
    ~~~~~~~~~~~~~^^^^^^
  File "C:\PycharmProjects\xenia-game-manager\src\db.py", line 1081, in add_game
    con.execute("""
    ~~~~~~~~~~~^^^^
        INSERT INTO games (
        ^^^^^^^^^^^^^^^^^^^
    ...<14 lines>...
        str(game.config_path) if game.config_path else None,
        ^^^^^^^^^^^^^^^^^^^^^^^^^^^^^^^^^^^^^^^^^^^^^^^^^^^^
    ))
    ^^
sqlite3.ProgrammingError: Error binding parameter 1: type 'Platform' is not supported
2026-08-18 02:03:53,723 [ERROR] xenia_manager: Failed to add game: Xbox360Game(game_id='54510865', title='de Blob 2', platform=<Platform.XBOX360: 'Xbox360'>, config_path=None, favourite=False, last_played=None, play_count=0, play_time=0, emulator='xenia', emulator_version=None, discs=[GameDisc(media_id=None, file_path=WindowsPath('D:/roms/xbox360/De Blob 2 (USA, Europe) (En,Fr,De,Es,It).zar'), disc_count=1, disc_type='DVD', disc_swap_required=False, disc_number=1, label=None)])
Error: Error binding parameter 1: type 'Platform' is not supported
Traceback (most recent call last):
  File "C:\PycharmProjects\xenia-game-manager\src\db.py", line 1049, in import_games_from_source
    self.add_game(game)
    ~~~~~~~~~~~~~^^^^^^
  File "C:\PycharmProjects\xenia-game-manager\src\db.py", line 1081, in add_game
    con.execute("""
    ~~~~~~~~~~~^^^^
        INSERT INTO games (
        ^^^^^^^^^^^^^^^^^^^
    ...<14 lines>...
        str(game.config_path) if game.config_path else None,
        ^^^^^^^^^^^^^^^^^^^^^^^^^^^^^^^^^^^^^^^^^^^^^^^^^^^^
    ))
    ^^
sqlite3.ProgrammingError: Error binding parameter 1: type 'Platform' is not supported
2026-08-18 02:03:53,724 [ERROR] xenia_manager: Failed to add game: Xbox360Game(game_id='5451086D', title='Saints Row: The Third', platform=<Platform.XBOX360: 'Xbox360'>, config_path=None, favourite=False, last_played=None, play_count=0, play_time=0, emulator='xenia', emulator_version=None, discs=[GameDisc(media_id=None, file_path=WindowsPath('D:/roms/xbox360/Saints Row - The Third (USA, Europe) (En,Fr,De,Es,It,Nl,Pl,Ru).zar'), disc_count=1, disc_type='DVD', disc_swap_required=False, disc_number=1, label=None)])
Error: Error binding parameter 1: type 'Platform' is not supported
Traceback (most recent call last):
  File "C:\PycharmProjects\xenia-game-manager\src\db.py", line 1049, in import_games_from_source
    self.add_game(game)
    ~~~~~~~~~~~~~^^^^^^
  File "C:\PycharmProjects\xenia-game-manager\src\db.py", line 1081, in add_game
    con.execute("""
    ~~~~~~~~~~~^^^^
        INSERT INTO games (
        ^^^^^^^^^^^^^^^^^^^
    ...<14 lines>...
        str(game.config_path) if game.config_path else None,
        ^^^^^^^^^^^^^^^^^^^^^^^^^^^^^^^^^^^^^^^^^^^^^^^^^^^^
    ))
    ^^
sqlite3.ProgrammingError: Error binding parameter 1: type 'Platform' is not supported
2026-08-18 02:03:53,726 [ERROR] xenia_manager: Failed to add game: Xbox360Game(game_id='54510875', title='Rio', platform=<Platform.XBOX360: 'Xbox360'>, config_path=None, favourite=False, last_played=None, play_count=0, play_time=0, emulator='xenia', emulator_version=None, discs=[GameDisc(media_id=None, file_path=WindowsPath('H:/roms/xbox360/Rio [RF].iso'), disc_count=1, disc_type='DVD', disc_swap_required=False, disc_number=1, label=None)])
Error: Error binding parameter 1: type 'Platform' is not supported
Traceback (most recent call last):
  File "C:\PycharmProjects\xenia-game-manager\src\db.py", line 1049, in import_games_from_source
    self.add_game(game)
    ~~~~~~~~~~~~~^^^^^^
  File "C:\PycharmProjects\xenia-game-manager\src\db.py", line 1081, in add_game
    con.execute("""
    ~~~~~~~~~~~^^^^
        INSERT INTO games (
        ^^^^^^^^^^^^^^^^^^^
    ...<14 lines>...
        str(game.config_path) if game.config_path else None,
        ^^^^^^^^^^^^^^^^^^^^^^^^^^^^^^^^^^^^^^^^^^^^^^^^^^^^
    ))
    ^^
sqlite3.ProgrammingError: Error binding parameter 1: type 'Platform' is not supported
2026-08-18 02:03:53,727 [ERROR] xenia_manager: Failed to add game: Xbox360Game(game_id='545407DF', title='Rockstar Games Presents Table Tennis', platform=<Platform.XBOX360: 'Xbox360'>, config_path=None, favourite=False, last_played=None, play_count=0, play_time=0, emulator='xenia', emulator_version=None, discs=[GameDisc(media_id=None, file_path=WindowsPath('D:/roms/xbox360/Rockstar Games Presents Table Tennis.zar'), disc_count=1, disc_type='DVD', disc_swap_required=False, disc_number=1, label=None)])
Error: Error binding parameter 1: type 'Platform' is not supported
Traceback (most recent call last):
  File "C:\PycharmProjects\xenia-game-manager\src\db.py", line 1049, in import_games_from_source
    self.add_game(game)
    ~~~~~~~~~~~~~^^^^^^
  File "C:\PycharmProjects\xenia-game-manager\src\db.py", line 1081, in add_game
    con.execute("""
    ~~~~~~~~~~~^^^^
        INSERT INTO games (
        ^^^^^^^^^^^^^^^^^^^
    ...<14 lines>...
        str(game.config_path) if game.config_path else None,
        ^^^^^^^^^^^^^^^^^^^^^^^^^^^^^^^^^^^^^^^^^^^^^^^^^^^^
    ))
    ^^
sqlite3.ProgrammingError: Error binding parameter 1: type 'Platform' is not supported
2026-08-18 02:03:53,729 [ERROR] xenia_manager: Failed to add game: Xbox360Game(game_id='545407E6', title='Mafia II', platform=<Platform.XBOX360: 'Xbox360'>, config_path=None, favourite=False, last_played=None, play_count=0, play_time=0, emulator='xenia', emulator_version=None, discs=[GameDisc(media_id=None, file_path=WindowsPath('H:/roms/xbox360/Mafia II (Europe) (En,De,It).zar'), disc_count=1, disc_type='DVD', disc_swap_required=False, disc_number=1, label=None)])
Error: Error binding parameter 1: type 'Platform' is not supported
Traceback (most recent call last):
  File "C:\PycharmProjects\xenia-game-manager\src\db.py", line 1049, in import_games_from_source
    self.add_game(game)
    ~~~~~~~~~~~~~^^^^^^
  File "C:\PycharmProjects\xenia-game-manager\src\db.py", line 1081, in add_game
    con.execute("""
    ~~~~~~~~~~~^^^^
        INSERT INTO games (
        ^^^^^^^^^^^^^^^^^^^
    ...<14 lines>...
        str(game.config_path) if game.config_path else None,
        ^^^^^^^^^^^^^^^^^^^^^^^^^^^^^^^^^^^^^^^^^^^^^^^^^^^^
    ))
    ^^
sqlite3.ProgrammingError: Error binding parameter 1: type 'Platform' is not supported
2026-08-18 02:03:53,731 [ERROR] xenia_manager: Failed to add game: Xbox360Game(game_id='545407E7', title='Borderlands', platform=<Platform.XBOX360: 'Xbox360'>, config_path=None, favourite=False, last_played=None, play_count=0, play_time=0, emulator='xenia', emulator_version=None, discs=[GameDisc(media_id=None, file_path=WindowsPath('D:/roms/xbox360/Borderlands (World) (En,Fr,De,Es,It).zar'), disc_count=1, disc_type='DVD', disc_swap_required=False, disc_number=1, label=None)])
Error: Error binding parameter 1: type 'Platform' is not supported
Traceback (most recent call last):
  File "C:\PycharmProjects\xenia-game-manager\src\db.py", line 1049, in import_games_from_source
    self.add_game(game)
    ~~~~~~~~~~~~~^^^^^^
  File "C:\PycharmProjects\xenia-game-manager\src\db.py", line 1081, in add_game
    con.execute("""
    ~~~~~~~~~~~^^^^
        INSERT INTO games (
        ^^^^^^^^^^^^^^^^^^^
    ...<14 lines>...
        str(game.config_path) if game.config_path else None,
        ^^^^^^^^^^^^^^^^^^^^^^^^^^^^^^^^^^^^^^^^^^^^^^^^^^^^
    ))
    ^^
sqlite3.ProgrammingError: Error binding parameter 1: type 'Platform' is not supported
2026-08-18 02:03:53,732 [ERROR] xenia_manager: Failed to add game: Xbox360Game(game_id='545407EE', title='The Darkness', platform=<Platform.XBOX360: 'Xbox360'>, config_path=None, favourite=False, last_played=None, play_count=0, play_time=0, emulator='xenia', emulator_version=None, discs=[GameDisc(media_id=None, file_path=WindowsPath('H:/roms/xbox360/Darkness, The (USA, Europe) (En,Fr,De,Es,It).iso'), disc_count=1, disc_type='DVD', disc_swap_required=False, disc_number=1, label=None)])
Error: Error binding parameter 1: type 'Platform' is not supported
Traceback (most recent call last):
  File "C:\PycharmProjects\xenia-game-manager\src\db.py", line 1049, in import_games_from_source
    self.add_game(game)
    ~~~~~~~~~~~~~^^^^^^
  File "C:\PycharmProjects\xenia-game-manager\src\db.py", line 1081, in add_game
    con.execute("""
    ~~~~~~~~~~~^^^^
        INSERT INTO games (
        ^^^^^^^^^^^^^^^^^^^
    ...<14 lines>...
        str(game.config_path) if game.config_path else None,
        ^^^^^^^^^^^^^^^^^^^^^^^^^^^^^^^^^^^^^^^^^^^^^^^^^^^^
    ))
    ^^
sqlite3.ProgrammingError: Error binding parameter 1: type 'Platform' is not supported
2026-08-18 02:03:53,734 [ERROR] xenia_manager: Failed to add game: Xbox360Game(game_id='545407F2', title='GTA IV', platform=<Platform.XBOX360: 'Xbox360'>, config_path=None, favourite=False, last_played=None, play_count=0, play_time=0, emulator='xenia', emulator_version=None, discs=[GameDisc(media_id=None, file_path=WindowsPath('D:/roms/xbox360/Grand Theft Auto IV (Europe, Asia) (En,Fr,De,Es,It).iso'), disc_count=1, disc_type='DVD', disc_swap_required=False, disc_number=1, label=None)])
Error: Error binding parameter 1: type 'Platform' is not supported
Traceback (most recent call last):
  File "C:\PycharmProjects\xenia-game-manager\src\db.py", line 1049, in import_games_from_source
    self.add_game(game)
    ~~~~~~~~~~~~~^^^^^^
  File "C:\PycharmProjects\xenia-game-manager\src\db.py", line 1081, in add_game
    con.execute("""
    ~~~~~~~~~~~^^^^
        INSERT INTO games (
        ^^^^^^^^^^^^^^^^^^^
    ...<14 lines>...
        str(game.config_path) if game.config_path else None,
        ^^^^^^^^^^^^^^^^^^^^^^^^^^^^^^^^^^^^^^^^^^^^^^^^^^^^
    ))
    ^^
sqlite3.ProgrammingError: Error binding parameter 1: type 'Platform' is not supported
2026-08-18 02:03:53,735 [ERROR] xenia_manager: Failed to add game: Xbox360Game(game_id='545407F8', title='Midnight Club: Los Angeles', platform=<Platform.XBOX360: 'Xbox360'>, config_path=None, favourite=False, last_played=None, play_count=0, play_time=0, emulator='xenia', emulator_version=None, discs=[GameDisc(media_id=None, file_path=WindowsPath('D:/roms/xbox360/Midnight Club - Los Angeles - Complete Edition (USA, Europe).iso'), disc_count=1, disc_type='DVD', disc_swap_required=False, disc_number=1, label=None)])
Error: Error binding parameter 1: type 'Platform' is not supported
Traceback (most recent call last):
  File "C:\PycharmProjects\xenia-game-manager\src\db.py", line 1049, in import_games_from_source
    self.add_game(game)
    ~~~~~~~~~~~~~^^^^^^
  File "C:\PycharmProjects\xenia-game-manager\src\db.py", line 1081, in add_game
    con.execute("""
    ~~~~~~~~~~~^^^^
        INSERT INTO games (
        ^^^^^^^^^^^^^^^^^^^
    ...<14 lines>...
        str(game.config_path) if game.config_path else None,
        ^^^^^^^^^^^^^^^^^^^^^^^^^^^^^^^^^^^^^^^^^^^^^^^^^^^^
    ))
    ^^
sqlite3.ProgrammingError: Error binding parameter 1: type 'Platform' is not supported
2026-08-18 02:03:53,737 [ERROR] xenia_manager: Failed to add game: Xbox360Game(game_id='5454081A', title='Bully: Scholarship Edition', platform=<Platform.XBOX360: 'Xbox360'>, config_path=None, favourite=False, last_played=None, play_count=0, play_time=0, emulator='xenia', emulator_version=None, discs=[GameDisc(media_id=None, file_path=WindowsPath('D:/roms/xbox360/Bully - Scholarship Edition.zar'), disc_count=1, disc_type='DVD', disc_swap_required=False, disc_number=1, label=None)])
Error: Error binding parameter 1: type 'Platform' is not supported
Traceback (most recent call last):
  File "C:\PycharmProjects\xenia-game-manager\src\db.py", line 1049, in import_games_from_source
    self.add_game(game)
    ~~~~~~~~~~~~~^^^^^^
  File "C:\PycharmProjects\xenia-game-manager\src\db.py", line 1081, in add_game
    con.execute("""
    ~~~~~~~~~~~^^^^
        INSERT INTO games (
        ^^^^^^^^^^^^^^^^^^^
    ...<14 lines>...
        str(game.config_path) if game.config_path else None,
        ^^^^^^^^^^^^^^^^^^^^^^^^^^^^^^^^^^^^^^^^^^^^^^^^^^^^
    ))
    ^^
sqlite3.ProgrammingError: Error binding parameter 1: type 'Platform' is not supported
2026-08-18 02:03:53,738 [ERROR] xenia_manager: Failed to add game: Xbox360Game(game_id='5454082B', title='Red Dead Redemption', platform=<Platform.XBOX360: 'Xbox360'>, config_path=None, favourite=False, last_played=None, play_count=0, play_time=0, emulator='xenia', emulator_version=None, discs=[GameDisc(media_id=None, file_path=WindowsPath('D:/roms/xbox360/Red Dead Redemption - Undead Nightmare (USA, Europe) (En,Fr,De,Es,It).iso'), disc_count=1, disc_type='DVD', disc_swap_required=False, disc_number=1, label=None)])
Error: Error binding parameter 1: type 'Platform' is not supported
Traceback (most recent call last):
  File "C:\PycharmProjects\xenia-game-manager\src\db.py", line 1049, in import_games_from_source
    self.add_game(game)
    ~~~~~~~~~~~~~^^^^^^
  File "C:\PycharmProjects\xenia-game-manager\src\db.py", line 1081, in add_game
    con.execute("""
    ~~~~~~~~~~~^^^^
        INSERT INTO games (
        ^^^^^^^^^^^^^^^^^^^
    ...<14 lines>...
        str(game.config_path) if game.config_path else None,
        ^^^^^^^^^^^^^^^^^^^^^^^^^^^^^^^^^^^^^^^^^^^^^^^^^^^^
    ))
    ^^
sqlite3.ProgrammingError: Error binding parameter 1: type 'Platform' is not supported
2026-08-18 02:03:53,740 [ERROR] xenia_manager: Failed to add game: Xbox360Game(game_id='5454082B', title='Red Dead Redemption', platform=<Platform.XBOX360: 'Xbox360'>, config_path=None, favourite=False, last_played=None, play_count=0, play_time=0, emulator='xenia', emulator_version=None, discs=[GameDisc(media_id=None, file_path=WindowsPath('D:/roms/xbox360/Red Dead Redemption - Game of the Year Edition (USA, Europe) (En,Fr,De,Es,It) (Disc 1) (Red Dead Redemption Single Player).zar'), disc_count=1, disc_type='DVD', disc_swap_required=False, disc_number=1, label=None)])
Error: Error binding parameter 1: type 'Platform' is not supported
Traceback (most recent call last):
  File "C:\PycharmProjects\xenia-game-manager\src\db.py", line 1049, in import_games_from_source
    self.add_game(game)
    ~~~~~~~~~~~~~^^^^^^
  File "C:\PycharmProjects\xenia-game-manager\src\db.py", line 1081, in add_game
    con.execute("""
    ~~~~~~~~~~~^^^^
        INSERT INTO games (
        ^^^^^^^^^^^^^^^^^^^
    ...<14 lines>...
        str(game.config_path) if game.config_path else None,
        ^^^^^^^^^^^^^^^^^^^^^^^^^^^^^^^^^^^^^^^^^^^^^^^^^^^^
    ))
    ^^
sqlite3.ProgrammingError: Error binding parameter 1: type 'Platform' is not supported
2026-08-18 02:03:53,741 [ERROR] xenia_manager: Failed to add game: Xbox360Game(game_id='5454082B', title='Red Dead Redemption', platform=<Platform.XBOX360: 'Xbox360'>, config_path=None, favourite=False, last_played=None, play_count=0, play_time=0, emulator='xenia', emulator_version=None, discs=[GameDisc(media_id=None, file_path=WindowsPath('D:/roms/xbox360/Red Dead Redemption - Game of the Year Edition (USA, Europe) (En,Fr,De,Es,It) (Disc 2) (Undead Nightmare and Multiplayer).zar'), disc_count=1, disc_type='DVD', disc_swap_required=False, disc_number=1, label=None)])
Error: Error binding parameter 1: type 'Platform' is not supported
Traceback (most recent call last):
  File "C:\PycharmProjects\xenia-game-manager\src\db.py", line 1049, in import_games_from_source
    self.add_game(game)
    ~~~~~~~~~~~~~^^^^^^
  File "C:\PycharmProjects\xenia-game-manager\src\db.py", line 1081, in add_game
    con.execute("""
    ~~~~~~~~~~~^^^^
        INSERT INTO games (
        ^^^^^^^^^^^^^^^^^^^
    ...<14 lines>...
        str(game.config_path) if game.config_path else None,
        ^^^^^^^^^^^^^^^^^^^^^^^^^^^^^^^^^^^^^^^^^^^^^^^^^^^^
    ))
    ^^
sqlite3.ProgrammingError: Error binding parameter 1: type 'Platform' is not supported
2026-08-18 02:03:53,743 [ERROR] xenia_manager: Failed to add game: Xbox360Game(game_id='545408AE', title='XCOM Enemy Within', platform=<Platform.XBOX360: 'Xbox360'>, config_path=None, favourite=False, last_played=None, play_count=0, play_time=0, emulator='xenia', emulator_version=None, discs=[GameDisc(media_id=None, file_path=WindowsPath('D:/roms/xbox360/XCOM - Enemy Within (USA, Europe) (En,Fr,De,Es,It,Ko,Pl,Ru).iso'), disc_count=1, disc_type='DVD', disc_swap_required=False, disc_number=1, label=None)])
Error: Error binding parameter 1: type 'Platform' is not supported
Traceback (most recent call last):
  File "C:\PycharmProjects\xenia-game-manager\src\db.py", line 1049, in import_games_from_source
    self.add_game(game)
    ~~~~~~~~~~~~~^^^^^^
  File "C:\PycharmProjects\xenia-game-manager\src\db.py", line 1081, in add_game
    con.execute("""
    ~~~~~~~~~~~^^^^
        INSERT INTO games (
        ^^^^^^^^^^^^^^^^^^^
    ...<14 lines>...
        str(game.config_path) if game.config_path else None,
        ^^^^^^^^^^^^^^^^^^^^^^^^^^^^^^^^^^^^^^^^^^^^^^^^^^^^
    ))
    ^^
sqlite3.ProgrammingError: Error binding parameter 1: type 'Platform' is not supported
2026-08-18 02:03:53,745 [ERROR] xenia_manager: Failed to add game: Xbox360Game(game_id='555307D3', title='King Kong', platform=<Platform.XBOX360: 'Xbox360'>, config_path=None, favourite=False, last_played=None, play_count=0, play_time=0, emulator='xenia', emulator_version=None, discs=[GameDisc(media_id=None, file_path=WindowsPath("D:/roms/xbox360/Peter Jackson's King Kong - The Official Game of the Movie (USA, Europe) (En,Fr,De,Es,It,Nl,Sv,No,Da,Fi).iso"), disc_count=1, disc_type='DVD', disc_swap_required=False, disc_number=1, label=None)])
Error: Error binding parameter 1: type 'Platform' is not supported
Traceback (most recent call last):
  File "C:\PycharmProjects\xenia-game-manager\src\db.py", line 1049, in import_games_from_source
    self.add_game(game)
    ~~~~~~~~~~~~~^^^^^^
  File "C:\PycharmProjects\xenia-game-manager\src\db.py", line 1081, in add_game
    con.execute("""
    ~~~~~~~~~~~^^^^
        INSERT INTO games (
        ^^^^^^^^^^^^^^^^^^^
    ...<14 lines>...
        str(game.config_path) if game.config_path else None,
        ^^^^^^^^^^^^^^^^^^^^^^^^^^^^^^^^^^^^^^^^^^^^^^^^^^^^
    ))
    ^^
sqlite3.ProgrammingError: Error binding parameter 1: type 'Platform' is not supported
2026-08-18 02:03:53,747 [ERROR] xenia_manager: Failed to add game: Xbox360Game(game_id='555307D4', title="Assassin's Creed", platform=<Platform.XBOX360: 'Xbox360'>, config_path=None, favourite=False, last_played=None, play_count=0, play_time=0, emulator='xenia', emulator_version=None, discs=[GameDisc(media_id=None, file_path=WindowsPath("D:/roms/xbox360/Assassin's Creed (USA, Europe) (En,Fr,De,Es,It) (Rev 1).iso"), disc_count=1, disc_type='DVD', disc_swap_required=False, disc_number=1, label=None)])
Error: Error binding parameter 1: type 'Platform' is not supported
Traceback (most recent call last):
  File "C:\PycharmProjects\xenia-game-manager\src\db.py", line 1049, in import_games_from_source
    self.add_game(game)
    ~~~~~~~~~~~~~^^^^^^
  File "C:\PycharmProjects\xenia-game-manager\src\db.py", line 1081, in add_game
    con.execute("""
    ~~~~~~~~~~~^^^^
        INSERT INTO games (
        ^^^^^^^^^^^^^^^^^^^
    ...<14 lines>...
        str(game.config_path) if game.config_path else None,
        ^^^^^^^^^^^^^^^^^^^^^^^^^^^^^^^^^^^^^^^^^^^^^^^^^^^^
    ))
    ^^
sqlite3.ProgrammingError: Error binding parameter 1: type 'Platform' is not supported
2026-08-18 02:03:53,748 [ERROR] xenia_manager: Failed to add game: Xbox360Game(game_id='5553080F', title='Lost: Via Domus', platform=<Platform.XBOX360: 'Xbox360'>, config_path=None, favourite=False, last_played=None, play_count=0, play_time=0, emulator='xenia', emulator_version=None, discs=[GameDisc(media_id=None, file_path=WindowsPath('D:/roms/xbox360/Lost - Via Domus (USA, Europe) (En,Fr,De,Es,It).iso'), disc_count=1, disc_type='DVD', disc_swap_required=False, disc_number=1, label=None)])
Error: Error binding parameter 1: type 'Platform' is not supported
Traceback (most recent call last):
  File "C:\PycharmProjects\xenia-game-manager\src\db.py", line 1049, in import_games_from_source
    self.add_game(game)
    ~~~~~~~~~~~~~^^^^^^
  File "C:\PycharmProjects\xenia-game-manager\src\db.py", line 1081, in add_game
    con.execute("""
    ~~~~~~~~~~~^^^^
        INSERT INTO games (
        ^^^^^^^^^^^^^^^^^^^
    ...<14 lines>...
        str(game.config_path) if game.config_path else None,
        ^^^^^^^^^^^^^^^^^^^^^^^^^^^^^^^^^^^^^^^^^^^^^^^^^^^^
    ))
    ^^
sqlite3.ProgrammingError: Error binding parameter 1: type 'Platform' is not supported
2026-08-18 02:03:53,750 [ERROR] xenia_manager: Failed to add game: Xbox360Game(game_id='55530836', title='Cloudy with a', platform=<Platform.XBOX360: 'Xbox360'>, config_path=None, favourite=False, last_played=None, play_count=0, play_time=0, emulator='xenia', emulator_version=None, discs=[GameDisc(media_id=None, file_path=WindowsPath('D:/roms/xbox360/Cloudy with a Chance of Meatballs [RF].zar'), disc_count=1, disc_type='DVD', disc_swap_required=False, disc_number=1, label=None)])
Error: Error binding parameter 1: type 'Platform' is not supported
Traceback (most recent call last):
  File "C:\PycharmProjects\xenia-game-manager\src\db.py", line 1049, in import_games_from_source
    self.add_game(game)
    ~~~~~~~~~~~~~^^^^^^
  File "C:\PycharmProjects\xenia-game-manager\src\db.py", line 1081, in add_game
    con.execute("""
    ~~~~~~~~~~~^^^^
        INSERT INTO games (
        ^^^^^^^^^^^^^^^^^^^
    ...<14 lines>...
        str(game.config_path) if game.config_path else None,
        ^^^^^^^^^^^^^^^^^^^^^^^^^^^^^^^^^^^^^^^^^^^^^^^^^^^^
    ))
    ^^
sqlite3.ProgrammingError: Error binding parameter 1: type 'Platform' is not supported
2026-08-18 02:03:53,751 [ERROR] xenia_manager: Failed to add game: Xbox360Game(game_id='5553083C', title='Camerons Avatar', platform=<Platform.XBOX360: 'Xbox360'>, config_path=None, favourite=False, last_played=None, play_count=0, play_time=0, emulator='xenia', emulator_version=None, discs=[GameDisc(media_id=None, file_path=WindowsPath("H:/roms/xbox360/James Cameron's Avatar - The Game (USA, Europe) (En,Fr,De,Es,It,Nl).zar"), disc_count=1, disc_type='DVD', disc_swap_required=False, disc_number=1, label=None)])
Error: Error binding parameter 1: type 'Platform' is not supported
Traceback (most recent call last):
  File "C:\PycharmProjects\xenia-game-manager\src\db.py", line 1049, in import_games_from_source
    self.add_game(game)
    ~~~~~~~~~~~~~^^^^^^
  File "C:\PycharmProjects\xenia-game-manager\src\db.py", line 1081, in add_game
    con.execute("""
    ~~~~~~~~~~~^^^^
        INSERT INTO games (
        ^^^^^^^^^^^^^^^^^^^
    ...<14 lines>...
        str(game.config_path) if game.config_path else None,
        ^^^^^^^^^^^^^^^^^^^^^^^^^^^^^^^^^^^^^^^^^^^^^^^^^^^^
    ))
    ^^
sqlite3.ProgrammingError: Error binding parameter 1: type 'Platform' is not supported
2026-08-18 02:03:53,753 [ERROR] xenia_manager: Failed to add game: Xbox360Game(game_id='55530848', title='Tom Clancys HAWX 2', platform=<Platform.XBOX360: 'Xbox360'>, config_path=None, favourite=False, last_played=None, play_count=0, play_time=0, emulator='xenia', emulator_version=None, discs=[GameDisc(media_id=None, file_path=WindowsPath("D:/roms/xbox360/Tom Clancy's H.A.W.X. 2 (USA, Europe) (En,Fr,De,Es,It,Pl).iso"), disc_count=1, disc_type='DVD', disc_swap_required=False, disc_number=1, label=None)])
Error: Error binding parameter 1: type 'Platform' is not supported
Traceback (most recent call last):
  File "C:\PycharmProjects\xenia-game-manager\src\db.py", line 1049, in import_games_from_source
    self.add_game(game)
    ~~~~~~~~~~~~~^^^^^^
  File "C:\PycharmProjects\xenia-game-manager\src\db.py", line 1081, in add_game
    con.execute("""
    ~~~~~~~~~~~^^^^
        INSERT INTO games (
        ^^^^^^^^^^^^^^^^^^^
    ...<14 lines>...
        str(game.config_path) if game.config_path else None,
        ^^^^^^^^^^^^^^^^^^^^^^^^^^^^^^^^^^^^^^^^^^^^^^^^^^^^
    ))
    ^^
sqlite3.ProgrammingError: Error binding parameter 1: type 'Platform' is not supported
2026-08-18 02:03:53,754 [ERROR] xenia_manager: Failed to add game: Xbox360Game(game_id='5553085D', title='Assassins Creed Brotherhood', platform=<Platform.XBOX360: 'Xbox360'>, config_path=None, favourite=False, last_played=None, play_count=0, play_time=0, emulator='xenia', emulator_version=None, discs=[GameDisc(media_id=None, file_path=WindowsPath("H:/roms/xbox360/Assassin's Creed - Brotherhood (USA, Europe) (En,Fr,De,Es,It,Nl,Pt,Sv,No,Da).iso"), disc_count=1, disc_type='DVD', disc_swap_required=False, disc_number=1, label=None)])
Error: Error binding parameter 1: type 'Platform' is not supported
Traceback (most recent call last):
  File "C:\PycharmProjects\xenia-game-manager\src\db.py", line 1049, in import_games_from_source
    self.add_game(game)
    ~~~~~~~~~~~~~^^^^^^
  File "C:\PycharmProjects\xenia-game-manager\src\db.py", line 1081, in add_game
    con.execute("""
    ~~~~~~~~~~~^^^^
        INSERT INTO games (
        ^^^^^^^^^^^^^^^^^^^
    ...<14 lines>...
        str(game.config_path) if game.config_path else None,
        ^^^^^^^^^^^^^^^^^^^^^^^^^^^^^^^^^^^^^^^^^^^^^^^^^^^^
    ))
    ^^
sqlite3.ProgrammingError: Error binding parameter 1: type 'Platform' is not supported
2026-08-18 02:03:53,756 [ERROR] xenia_manager: Failed to add game: Xbox360Game(game_id='5553087E', title='Driver San Francisco', platform=<Platform.XBOX360: 'Xbox360'>, config_path=None, favourite=False, last_played=None, play_count=0, play_time=0, emulator='xenia', emulator_version=None, discs=[GameDisc(media_id=None, file_path=WindowsPath('H:/roms/xbox360/Driver - San Francisco (World) (En,Fr,De,Es,It,Nl,Sv,No,Da).iso'), disc_count=1, disc_type='DVD', disc_swap_required=False, disc_number=1, label=None)])
Error: Error binding parameter 1: type 'Platform' is not supported
Traceback (most recent call last):
  File "C:\PycharmProjects\xenia-game-manager\src\db.py", line 1049, in import_games_from_source
    self.add_game(game)
    ~~~~~~~~~~~~~^^^^^^
  File "C:\PycharmProjects\xenia-game-manager\src\db.py", line 1081, in add_game
    con.execute("""
    ~~~~~~~~~~~^^^^
        INSERT INTO games (
        ^^^^^^^^^^^^^^^^^^^
    ...<14 lines>...
        str(game.config_path) if game.config_path else None,
        ^^^^^^^^^^^^^^^^^^^^^^^^^^^^^^^^^^^^^^^^^^^^^^^^^^^^
    ))
    ^^
sqlite3.ProgrammingError: Error binding parameter 1: type 'Platform' is not supported
2026-08-18 02:03:53,758 [ERROR] xenia_manager: Failed to add game: Xbox360Game(game_id='555308CE', title="Assassin's Creed Rogue", platform=<Platform.XBOX360: 'Xbox360'>, config_path=None, favourite=False, last_played=None, play_count=0, play_time=0, emulator='xenia', emulator_version=None, discs=[GameDisc(media_id=None, file_path=WindowsPath("D:/roms/xbox360/Assassin's Creed - Rogue (USA, Europe) (En,Fr,De,Es,It,Nl,Pt,Pl).iso"), disc_count=1, disc_type='DVD', disc_swap_required=False, disc_number=1, label=None)])
Error: Error binding parameter 1: type 'Platform' is not supported
Traceback (most recent call last):
  File "C:\PycharmProjects\xenia-game-manager\src\db.py", line 1049, in import_games_from_source
    self.add_game(game)
    ~~~~~~~~~~~~~^^^^^^
  File "C:\PycharmProjects\xenia-game-manager\src\db.py", line 1081, in add_game
    con.execute("""
    ~~~~~~~~~~~^^^^
        INSERT INTO games (
        ^^^^^^^^^^^^^^^^^^^
    ...<14 lines>...
        str(game.config_path) if game.config_path else None,
        ^^^^^^^^^^^^^^^^^^^^^^^^^^^^^^^^^^^^^^^^^^^^^^^^^^^^
    ))
    ^^
sqlite3.ProgrammingError: Error binding parameter 1: type 'Platform' is not supported
2026-08-18 02:03:53,760 [ERROR] xenia_manager: Failed to add game: Xbox360Game(game_id='564707D4', title='Darkest Of Days', platform=<Platform.XBOX360: 'Xbox360'>, config_path=None, favourite=False, last_played=None, play_count=0, play_time=0, emulator='xenia', emulator_version=None, discs=[GameDisc(media_id=None, file_path=WindowsPath('H:/roms/xbox360/Darkest of Days (USA).iso'), disc_count=1, disc_type='DVD', disc_swap_required=False, disc_number=1, label=None)])
Error: Error binding parameter 1: type 'Platform' is not supported
Traceback (most recent call last):
  File "C:\PycharmProjects\xenia-game-manager\src\db.py", line 1049, in import_games_from_source
    self.add_game(game)
    ~~~~~~~~~~~~~^^^^^^
  File "C:\PycharmProjects\xenia-game-manager\src\db.py", line 1081, in add_game
    con.execute("""
    ~~~~~~~~~~~^^^^
        INSERT INTO games (
        ^^^^^^^^^^^^^^^^^^^
    ...<14 lines>...
        str(game.config_path) if game.config_path else None,
        ^^^^^^^^^^^^^^^^^^^^^^^^^^^^^^^^^^^^^^^^^^^^^^^^^^^^
    ))
    ^^
sqlite3.ProgrammingError: Error binding parameter 1: type 'Platform' is not supported
2026-08-18 02:03:53,762 [ERROR] xenia_manager: Failed to add game: Xbox360Game(game_id='565507D4', title='The Bourne Conspiracy', platform=<Platform.XBOX360: 'Xbox360'>, config_path=None, favourite=False, last_played=None, play_count=0, play_time=0, emulator='xenia', emulator_version=None, discs=[GameDisc(media_id=None, file_path=WindowsPath("D:/roms/xbox360/Robert Ludlum's The Bourne Conspiracy (USA, Europe) (En,Fr,De,Es,It).iso"), disc_count=1, disc_type='DVD', disc_swap_required=False, disc_number=1, label=None)])
Error: Error binding parameter 1: type 'Platform' is not supported
Traceback (most recent call last):
  File "C:\PycharmProjects\xenia-game-manager\src\db.py", line 1049, in import_games_from_source
    self.add_game(game)
    ~~~~~~~~~~~~~^^^^^^
  File "C:\PycharmProjects\xenia-game-manager\src\db.py", line 1081, in add_game
    con.execute("""
    ~~~~~~~~~~~^^^^
        INSERT INTO games (
        ^^^^^^^^^^^^^^^^^^^
    ...<14 lines>...
        str(game.config_path) if game.config_path else None,
        ^^^^^^^^^^^^^^^^^^^^^^^^^^^^^^^^^^^^^^^^^^^^^^^^^^^^
    ))
    ^^
sqlite3.ProgrammingError: Error binding parameter 1: type 'Platform' is not supported
2026-08-18 02:03:53,764 [ERROR] xenia_manager: Failed to add game: Xbox360Game(game_id='565507E0', title='Eragon', platform=<Platform.XBOX360: 'Xbox360'>, config_path=None, favourite=False, last_played=None, play_count=0, play_time=0, emulator='xenia', emulator_version=None, discs=[GameDisc(media_id=None, file_path=WindowsPath('H:/roms/xbox360/Eragon (Europe).iso'), disc_count=1, disc_type='DVD', disc_swap_required=False, disc_number=1, label=None)])
Error: Error binding parameter 1: type 'Platform' is not supported
Traceback (most recent call last):
  File "C:\PycharmProjects\xenia-game-manager\src\db.py", line 1049, in import_games_from_source
    self.add_game(game)
    ~~~~~~~~~~~~~^^^^^^
  File "C:\PycharmProjects\xenia-game-manager\src\db.py", line 1081, in add_game
    con.execute("""
    ~~~~~~~~~~~^^^^
        INSERT INTO games (
        ^^^^^^^^^^^^^^^^^^^
    ...<14 lines>...
        str(game.config_path) if game.config_path else None,
        ^^^^^^^^^^^^^^^^^^^^^^^^^^^^^^^^^^^^^^^^^^^^^^^^^^^^
    ))
    ^^
sqlite3.ProgrammingError: Error binding parameter 1: type 'Platform' is not supported
2026-08-18 02:03:53,766 [ERROR] xenia_manager: Failed to add game: Xbox360Game(game_id='565707D0', title='Lollipop Chainsaw', platform=<Platform.XBOX360: 'Xbox360'>, config_path=None, favourite=False, last_played=None, play_count=0, play_time=0, emulator='xenia', emulator_version=None, discs=[GameDisc(media_id=None, file_path=WindowsPath('H:/roms/xbox360/Lollipop Chainsaw (USA, Europe) (En,Fr,De,Es,It,Pt,Ru).zar'), disc_count=1, disc_type='DVD', disc_swap_required=False, disc_number=1, label=None)])
Error: Error binding parameter 1: type 'Platform' is not supported
Traceback (most recent call last):
  File "C:\PycharmProjects\xenia-game-manager\src\db.py", line 1049, in import_games_from_source
    self.add_game(game)
    ~~~~~~~~~~~~~^^^^^^
  File "C:\PycharmProjects\xenia-game-manager\src\db.py", line 1081, in add_game
    con.execute("""
    ~~~~~~~~~~~^^^^
        INSERT INTO games (
        ^^^^^^^^^^^^^^^^^^^
    ...<14 lines>...
        str(game.config_path) if game.config_path else None,
        ^^^^^^^^^^^^^^^^^^^^^^^^^^^^^^^^^^^^^^^^^^^^^^^^^^^^
    ))
    ^^
sqlite3.ProgrammingError: Error binding parameter 1: type 'Platform' is not supported
2026-08-18 02:03:53,767 [ERROR] xenia_manager: Failed to add game: Xbox360Game(game_id='573607E0', title='Motorcycle Club', platform=<Platform.XBOX360: 'Xbox360'>, config_path=None, favourite=False, last_played=None, play_count=0, play_time=0, emulator='xenia', emulator_version=None, discs=[GameDisc(media_id=None, file_path=WindowsPath('D:/roms/xbox360/Motorcycle Club (Europe).iso'), disc_count=1, disc_type='DVD', disc_swap_required=False, disc_number=1, label=None)])
Error: Error binding parameter 1: type 'Platform' is not supported
Traceback (most recent call last):
  File "C:\PycharmProjects\xenia-game-manager\src\db.py", line 1049, in import_games_from_source
    self.add_game(game)
    ~~~~~~~~~~~~~^^^^^^
  File "C:\PycharmProjects\xenia-game-manager\src\db.py", line 1081, in add_game
    con.execute("""
    ~~~~~~~~~~~^^^^
        INSERT INTO games (
        ^^^^^^^^^^^^^^^^^^^
    ...<14 lines>...
        str(game.config_path) if game.config_path else None,
        ^^^^^^^^^^^^^^^^^^^^^^^^^^^^^^^^^^^^^^^^^^^^^^^^^^^^
    ))
    ^^
sqlite3.ProgrammingError: Error binding parameter 1: type 'Platform' is not supported
2026-08-18 02:03:53,769 [ERROR] xenia_manager: Failed to add game: Xbox360Game(game_id='575207D5', title='Looney Tunes: ACME Arsenal', platform=<Platform.XBOX360: 'Xbox360'>, config_path=None, favourite=False, last_played=None, play_count=0, play_time=0, emulator='xenia', emulator_version=None, discs=[GameDisc(media_id=None, file_path=WindowsPath('D:/roms/xbox360/Looney Tunes - Acme Arsenal (Europe).iso'), disc_count=1, disc_type='DVD', disc_swap_required=False, disc_number=1, label=None)])
Error: Error binding parameter 1: type 'Platform' is not supported
Traceback (most recent call last):
  File "C:\PycharmProjects\xenia-game-manager\src\db.py", line 1049, in import_games_from_source
    self.add_game(game)
    ~~~~~~~~~~~~~^^^^^^
  File "C:\PycharmProjects\xenia-game-manager\src\db.py", line 1081, in add_game
    con.execute("""
    ~~~~~~~~~~~^^^^
        INSERT INTO games (
        ^^^^^^^^^^^^^^^^^^^
    ...<14 lines>...
        str(game.config_path) if game.config_path else None,
        ^^^^^^^^^^^^^^^^^^^^^^^^^^^^^^^^^^^^^^^^^^^^^^^^^^^^
    ))
    ^^
sqlite3.ProgrammingError: Error binding parameter 1: type 'Platform' is not supported
2026-08-18 02:03:53,771 [ERROR] xenia_manager: Failed to add game: Xbox360Game(game_id='575207E9', title='Green Lantern Rise of the Manhunters', platform=<Platform.XBOX360: 'Xbox360'>, config_path=None, favourite=False, last_played=None, play_count=0, play_time=0, emulator='xenia', emulator_version=None, discs=[GameDisc(media_id=None, file_path=WindowsPath('D:/roms/xbox360/Green Lantern - Rise of the Manhunters (Europe) (En,Fr,De,Es,It,Nl).iso'), disc_count=1, disc_type='DVD', disc_swap_required=False, disc_number=1, label=None)])
Error: Error binding parameter 1: type 'Platform' is not supported
Traceback (most recent call last):
  File "C:\PycharmProjects\xenia-game-manager\src\db.py", line 1049, in import_games_from_source
    self.add_game(game)
    ~~~~~~~~~~~~~^^^^^^
  File "C:\PycharmProjects\xenia-game-manager\src\db.py", line 1081, in add_game
    con.execute("""
    ~~~~~~~~~~~^^^^
        INSERT INTO games (
        ^^^^^^^^^^^^^^^^^^^
    ...<14 lines>...
        str(game.config_path) if game.config_path else None,
        ^^^^^^^^^^^^^^^^^^^^^^^^^^^^^^^^^^^^^^^^^^^^^^^^^^^^
    ))
    ^^
sqlite3.ProgrammingError: Error binding parameter 1: type 'Platform' is not supported
2026-08-18 02:03:53,772 [ERROR] xenia_manager: Failed to add game: Xbox360Game(game_id='575207F1', title='LOTG', platform=<Platform.XBOX360: 'Xbox360'>, config_path=None, favourite=False, last_played=None, play_count=0, play_time=0, emulator='xenia', emulator_version=None, discs=[GameDisc(media_id=None, file_path=WindowsPath("H:/roms/xbox360/Legend of the Guardians - The Owls of Ga'Hoole (USA, Europe).zar"), disc_count=1, disc_type='DVD', disc_swap_required=False, disc_number=1, label=None)])
Error: Error binding parameter 1: type 'Platform' is not supported
Traceback (most recent call last):
  File "C:\PycharmProjects\xenia-game-manager\src\db.py", line 1049, in import_games_from_source
    self.add_game(game)
    ~~~~~~~~~~~~~^^^^^^
  File "C:\PycharmProjects\xenia-game-manager\src\db.py", line 1081, in add_game
    con.execute("""
    ~~~~~~~~~~~^^^^
        INSERT INTO games (
        ^^^^^^^^^^^^^^^^^^^
    ...<14 lines>...
        str(game.config_path) if game.config_path else None,
        ^^^^^^^^^^^^^^^^^^^^^^^^^^^^^^^^^^^^^^^^^^^^^^^^^^^^
    ))
    ^^
sqlite3.ProgrammingError: Error binding parameter 1: type 'Platform' is not supported
2026-08-18 02:03:53,774 [ERROR] xenia_manager: Failed to add game: Xbox360Game(game_id='575207F2', title='Where the Wild Things Are', platform=<Platform.XBOX360: 'Xbox360'>, config_path=None, favourite=False, last_played=None, play_count=0, play_time=0, emulator='xenia', emulator_version=None, discs=[GameDisc(media_id=None, file_path=WindowsPath('D:/roms/xbox360/Where the Wild Things Are - The Videogame (USA, Europe).iso'), disc_count=1, disc_type='DVD', disc_swap_required=False, disc_number=1, label=None)])
Error: Error binding parameter 1: type 'Platform' is not supported
Traceback (most recent call last):
  File "C:\PycharmProjects\xenia-game-manager\src\db.py", line 1049, in import_games_from_source
    self.add_game(game)
    ~~~~~~~~~~~~~^^^^^^
  File "C:\PycharmProjects\xenia-game-manager\src\db.py", line 1081, in add_game
    con.execute("""
    ~~~~~~~~~~~^^^^
        INSERT INTO games (
        ^^^^^^^^^^^^^^^^^^^
    ...<14 lines>...
        str(game.config_path) if game.config_path else None,
        ^^^^^^^^^^^^^^^^^^^^^^^^^^^^^^^^^^^^^^^^^^^^^^^^^^^^
    ))
    ^^
sqlite3.ProgrammingError: Error binding parameter 1: type 'Platform' is not supported
2026-08-18 02:03:53,776 [ERROR] xenia_manager: Failed to add game: Xbox360Game(game_id='57520802', title='Batman Arkham City', platform=<Platform.XBOX360: 'Xbox360'>, config_path=None, favourite=False, last_played=None, play_count=0, play_time=0, emulator='xenia', emulator_version=None, discs=[GameDisc(media_id=None, file_path=WindowsPath('D:/roms/xbox360/Batman - Arkham City (World) (En,Ja,Fr,De,Es,It,Pt,Ko,Pl,Ru).iso'), disc_count=1, disc_type='DVD', disc_swap_required=False, disc_number=1, label=None)])
Error: Error binding parameter 1: type 'Platform' is not supported
Traceback (most recent call last):
  File "C:\PycharmProjects\xenia-game-manager\src\db.py", line 1049, in import_games_from_source
    self.add_game(game)
    ~~~~~~~~~~~~~^^^^^^
  File "C:\PycharmProjects\xenia-game-manager\src\db.py", line 1081, in add_game
    con.execute("""
    ~~~~~~~~~~~^^^^
        INSERT INTO games (
        ^^^^^^^^^^^^^^^^^^^
    ...<14 lines>...
        str(game.config_path) if game.config_path else None,
        ^^^^^^^^^^^^^^^^^^^^^^^^^^^^^^^^^^^^^^^^^^^^^^^^^^^^
    ))
    ^^
sqlite3.ProgrammingError: Error binding parameter 1: type 'Platform' is not supported
2026-08-18 02:03:53,778 [ERROR] xenia_manager: Failed to add game: Xbox360Game(game_id='57520829', title='Injustice: Gods Among Us', platform=<Platform.XBOX360: 'Xbox360'>, config_path=None, favourite=False, last_played=None, play_count=0, play_time=0, emulator='xenia', emulator_version=None, discs=[GameDisc(media_id=None, file_path=WindowsPath('D:/roms/xbox360/Injustice - Gods Among Us (USA, Europe) (En,Fr,De,Es,It,Pt,Pl,Ru).zar'), disc_count=1, disc_type='DVD', disc_swap_required=False, disc_number=1, label=None)])
Error: Error binding parameter 1: type 'Platform' is not supported
Traceback (most recent call last):
  File "C:\PycharmProjects\xenia-game-manager\src\db.py", line 1049, in import_games_from_source
    self.add_game(game)
    ~~~~~~~~~~~~~^^^^^^
  File "C:\PycharmProjects\xenia-game-manager\src\db.py", line 1081, in add_game
    con.execute("""
    ~~~~~~~~~~~^^^^
        INSERT INTO games (
        ^^^^^^^^^^^^^^^^^^^
    ...<14 lines>...
        str(game.config_path) if game.config_path else None,
        ^^^^^^^^^^^^^^^^^^^^^^^^^^^^^^^^^^^^^^^^^^^^^^^^^^^^
    ))
    ^^
sqlite3.ProgrammingError: Error binding parameter 1: type 'Platform' is not supported
2026-08-18 02:03:53,780 [ERROR] xenia_manager: Failed to add game: Xbox360Game(game_id='584107D8', title='Joust', platform=<Platform.XBOX360: 'Xbox360'>, config_path=None, favourite=False, last_played=None, play_count=0, play_time=0, emulator='xenia', emulator_version=None, discs=[GameDisc(media_id=None, file_path=WindowsPath('H:/roms/xbox360/584107D8/000D0000/49A43028F0D56A4BC755C14B363E42B8C844FC1158'), disc_count=1, disc_type='DVD', disc_swap_required=False, disc_number=1, label=None)])
Error: Error binding parameter 1: type 'Platform' is not supported
Traceback (most recent call last):
  File "C:\PycharmProjects\xenia-game-manager\src\db.py", line 1049, in import_games_from_source
    self.add_game(game)
    ~~~~~~~~~~~~~^^^^^^
  File "C:\PycharmProjects\xenia-game-manager\src\db.py", line 1081, in add_game
    con.execute("""
    ~~~~~~~~~~~^^^^
        INSERT INTO games (
        ^^^^^^^^^^^^^^^^^^^
    ...<14 lines>...
        str(game.config_path) if game.config_path else None,
        ^^^^^^^^^^^^^^^^^^^^^^^^^^^^^^^^^^^^^^^^^^^^^^^^^^^^
    ))
    ^^
sqlite3.ProgrammingError: Error binding parameter 1: type 'Platform' is not supported
2026-08-18 02:03:53,782 [ERROR] xenia_manager: Failed to add game: Xbox360Game(game_id='584107E0', title='Robotron: 2084', platform=<Platform.XBOX360: 'Xbox360'>, config_path=None, favourite=False, last_played=None, play_count=0, play_time=0, emulator='xenia', emulator_version=None, discs=[GameDisc(media_id=None, file_path=WindowsPath('D:/roms/xbox360/584107E0/000D0000/990DE8BDC1201BABB4C05C0E7236DE0DD876B2C758'), disc_count=1, disc_type='DVD', disc_swap_required=False, disc_number=1, label=None)])
Error: Error binding parameter 1: type 'Platform' is not supported
Traceback (most recent call last):
  File "C:\PycharmProjects\xenia-game-manager\src\db.py", line 1049, in import_games_from_source
    self.add_game(game)
    ~~~~~~~~~~~~~^^^^^^
  File "C:\PycharmProjects\xenia-game-manager\src\db.py", line 1081, in add_game
    con.execute("""
    ~~~~~~~~~~~^^^^
        INSERT INTO games (
        ^^^^^^^^^^^^^^^^^^^
    ...<14 lines>...
        str(game.config_path) if game.config_path else None,
        ^^^^^^^^^^^^^^^^^^^^^^^^^^^^^^^^^^^^^^^^^^^^^^^^^^^^
    ))
    ^^
sqlite3.ProgrammingError: Error binding parameter 1: type 'Platform' is not supported
2026-08-18 02:03:53,783 [ERROR] xenia_manager: Failed to add game: Xbox360Game(game_id='584107F8', title='LUMINES LIVE!', platform=<Platform.XBOX360: 'Xbox360'>, config_path=None, favourite=False, last_played=None, play_count=0, play_time=0, emulator='xenia', emulator_version=None, discs=[GameDisc(media_id=None, file_path=WindowsPath('C:/PycharmProjects/xenia-game-manager/src/downloads/XBLA/Lumines Live! (World) (XBLA)/584107F8/000D0000/77CFA93BC58C32D13BC4E4CC7DB4BE7D1B7F98D658'), disc_count=1, disc_type='DVD', disc_swap_required=False, disc_number=1, label=None)])
Error: Error binding parameter 1: type 'Platform' is not supported
Traceback (most recent call last):
  File "C:\PycharmProjects\xenia-game-manager\src\db.py", line 1049, in import_games_from_source
    self.add_game(game)
    ~~~~~~~~~~~~~^^^^^^
  File "C:\PycharmProjects\xenia-game-manager\src\db.py", line 1081, in add_game
    con.execute("""
    ~~~~~~~~~~~^^^^
        INSERT INTO games (
        ^^^^^^^^^^^^^^^^^^^
    ...<14 lines>...
        str(game.config_path) if game.config_path else None,
        ^^^^^^^^^^^^^^^^^^^^^^^^^^^^^^^^^^^^^^^^^^^^^^^^^^^^
    ))
    ^^
sqlite3.ProgrammingError: Error binding parameter 1: type 'Platform' is not supported
2026-08-18 02:03:53,785 [ERROR] xenia_manager: Failed to add game: Xbox360Game(game_id='5841080C', title='Space Giraffe', platform=<Platform.XBOX360: 'Xbox360'>, config_path=None, favourite=False, last_played=None, play_count=0, play_time=0, emulator='xenia', emulator_version=None, discs=[GameDisc(media_id=None, file_path=WindowsPath('D:/roms/xbox360/Space Giraffe/5841080C/000D0000/5B340CF9CCDDEC28B0810E99A01D0877D960B42358'), disc_count=1, disc_type='DVD', disc_swap_required=False, disc_number=1, label=None)])
Error: Error binding parameter 1: type 'Platform' is not supported
Traceback (most recent call last):
  File "C:\PycharmProjects\xenia-game-manager\src\db.py", line 1049, in import_games_from_source
    self.add_game(game)
    ~~~~~~~~~~~~~^^^^^^
  File "C:\PycharmProjects\xenia-game-manager\src\db.py", line 1081, in add_game
    con.execute("""
    ~~~~~~~~~~~^^^^
        INSERT INTO games (
        ^^^^^^^^^^^^^^^^^^^
    ...<14 lines>...
        str(game.config_path) if game.config_path else None,
        ^^^^^^^^^^^^^^^^^^^^^^^^^^^^^^^^^^^^^^^^^^^^^^^^^^^^
    ))
    ^^
sqlite3.ProgrammingError: Error binding parameter 1: type 'Platform' is not supported
2026-08-18 02:03:53,786 [ERROR] xenia_manager: Failed to add game: Xbox360Game(game_id='5841080C', title='Space Giraffe', platform=<Platform.XBOX360: 'Xbox360'>, config_path=None, favourite=False, last_played=None, play_count=0, play_time=0, emulator='xenia', emulator_version=None, discs=[GameDisc(media_id=None, file_path=WindowsPath('D:/roms/xbox360/5841080C/000D0000/5B340CF9CCDDEC28B0810E99A01D0877D960B42358'), disc_count=1, disc_type='DVD', disc_swap_required=False, disc_number=1, label=None)])
Error: Error binding parameter 1: type 'Platform' is not supported
Traceback (most recent call last):
  File "C:\PycharmProjects\xenia-game-manager\src\db.py", line 1049, in import_games_from_source
    self.add_game(game)
    ~~~~~~~~~~~~~^^^^^^
  File "C:\PycharmProjects\xenia-game-manager\src\db.py", line 1081, in add_game
    con.execute("""
    ~~~~~~~~~~~^^^^
        INSERT INTO games (
        ^^^^^^^^^^^^^^^^^^^
    ...<14 lines>...
        str(game.config_path) if game.config_path else None,
        ^^^^^^^^^^^^^^^^^^^^^^^^^^^^^^^^^^^^^^^^^^^^^^^^^^^^
    ))
    ^^
sqlite3.ProgrammingError: Error binding parameter 1: type 'Platform' is not supported
2026-08-18 02:03:53,789 [ERROR] xenia_manager: Failed to add game: Xbox360Game(game_id='58410811', title='PAC-MAN', platform=<Platform.XBOX360: 'Xbox360'>, config_path=None, favourite=False, last_played=None, play_count=0, play_time=0, emulator='xenia', emulator_version=None, discs=[GameDisc(media_id=None, file_path=WindowsPath('D:/roms/xbox360/58410811/000D0000/AE2EAEAF0A68E40EA6B04C46A1B5729B29068CDC58'), disc_count=1, disc_type='DVD', disc_swap_required=False, disc_number=1, label=None)])
Error: Error binding parameter 1: type 'Platform' is not supported
Traceback (most recent call last):
  File "C:\PycharmProjects\xenia-game-manager\src\db.py", line 1049, in import_games_from_source
    self.add_game(game)
    ~~~~~~~~~~~~~^^^^^^
  File "C:\PycharmProjects\xenia-game-manager\src\db.py", line 1081, in add_game
    con.execute("""
    ~~~~~~~~~~~^^^^
        INSERT INTO games (
        ^^^^^^^^^^^^^^^^^^^
    ...<14 lines>...
        str(game.config_path) if game.config_path else None,
        ^^^^^^^^^^^^^^^^^^^^^^^^^^^^^^^^^^^^^^^^^^^^^^^^^^^^
    ))
    ^^
sqlite3.ProgrammingError: Error binding parameter 1: type 'Platform' is not supported
2026-08-18 02:03:53,791 [ERROR] xenia_manager: Failed to add game: Xbox360Game(game_id='58410814', title='Scramble', platform=<Platform.XBOX360: 'Xbox360'>, config_path=None, favourite=False, last_played=None, play_count=0, play_time=0, emulator='xenia', emulator_version=None, discs=[GameDisc(media_id=None, file_path=WindowsPath('D:/roms/xbox360/58410814/000D0000/D7D77CCD24011AD72C20282ECDAB8B9E9D64432258'), disc_count=1, disc_type='DVD', disc_swap_required=False, disc_number=1, label=None)])
Error: Error binding parameter 1: type 'Platform' is not supported
Traceback (most recent call last):
  File "C:\PycharmProjects\xenia-game-manager\src\db.py", line 1049, in import_games_from_source
    self.add_game(game)
    ~~~~~~~~~~~~~^^^^^^
  File "C:\PycharmProjects\xenia-game-manager\src\db.py", line 1081, in add_game
    con.execute("""
    ~~~~~~~~~~~^^^^
        INSERT INTO games (
        ^^^^^^^^^^^^^^^^^^^
    ...<14 lines>...
        str(game.config_path) if game.config_path else None,
        ^^^^^^^^^^^^^^^^^^^^^^^^^^^^^^^^^^^^^^^^^^^^^^^^^^^^
    ))
    ^^
sqlite3.ProgrammingError: Error binding parameter 1: type 'Platform' is not supported
2026-08-18 02:03:53,794 [ERROR] xenia_manager: Failed to add game: Xbox360Game(game_id='58410817', title='Gyruss', platform=<Platform.XBOX360: 'Xbox360'>, config_path=None, favourite=False, last_played=None, play_count=0, play_time=0, emulator='xenia', emulator_version=None, discs=[GameDisc(media_id=None, file_path=WindowsPath('H:/roms/xbox360/58410817/000D0000/06EE7AE2FFF418AB1D65384A05CB1869CB1C4FB758'), disc_count=1, disc_type='DVD', disc_swap_required=False, disc_number=1, label=None)])
Error: Error binding parameter 1: type 'Platform' is not supported
Traceback (most recent call last):
  File "C:\PycharmProjects\xenia-game-manager\src\db.py", line 1049, in import_games_from_source
    self.add_game(game)
    ~~~~~~~~~~~~~^^^^^^
  File "C:\PycharmProjects\xenia-game-manager\src\db.py", line 1081, in add_game
    con.execute("""
    ~~~~~~~~~~~^^^^
        INSERT INTO games (
        ^^^^^^^^^^^^^^^^^^^
    ...<14 lines>...
        str(game.config_path) if game.config_path else None,
        ^^^^^^^^^^^^^^^^^^^^^^^^^^^^^^^^^^^^^^^^^^^^^^^^^^^^
    ))
    ^^
sqlite3.ProgrammingError: Error binding parameter 1: type 'Platform' is not supported
2026-08-18 02:03:53,797 [ERROR] xenia_manager: Failed to add game: Xbox360Game(game_id='58410823', title='Defender', platform=<Platform.XBOX360: 'Xbox360'>, config_path=None, favourite=False, last_played=None, play_count=0, play_time=0, emulator='xenia', emulator_version=None, discs=[GameDisc(media_id=None, file_path=WindowsPath('H:/roms/xbox360/58410823/000D0000/346322980D17D4A5E74B3E0191B61832F0A6BA2658'), disc_count=1, disc_type='DVD', disc_swap_required=False, disc_number=1, label=None)])
Error: Error binding parameter 1: type 'Platform' is not supported
Traceback (most recent call last):
  File "C:\PycharmProjects\xenia-game-manager\src\db.py", line 1049, in import_games_from_source
    self.add_game(game)
    ~~~~~~~~~~~~~^^^^^^
  File "C:\PycharmProjects\xenia-game-manager\src\db.py", line 1081, in add_game
    con.execute("""
    ~~~~~~~~~~~^^^^
        INSERT INTO games (
        ^^^^^^^^^^^^^^^^^^^
    ...<14 lines>...
        str(game.config_path) if game.config_path else None,
        ^^^^^^^^^^^^^^^^^^^^^^^^^^^^^^^^^^^^^^^^^^^^^^^^^^^^
    ))
    ^^
sqlite3.ProgrammingError: Error binding parameter 1: type 'Platform' is not supported
2026-08-18 02:03:53,799 [ERROR] xenia_manager: Failed to add game: Xbox360Game(game_id='5841082D', title='Root Beer Tapper', platform=<Platform.XBOX360: 'Xbox360'>, config_path=None, favourite=False, last_played=None, play_count=0, play_time=0, emulator='xenia', emulator_version=None, discs=[GameDisc(media_id=None, file_path=WindowsPath('D:/roms/xbox360/5841082D/000D0000/94BAD36BA7284B5CA2E9F73F0EE84A1C788A9A3158'), disc_count=1, disc_type='DVD', disc_swap_required=False, disc_number=1, label=None)])
Error: Error binding parameter 1: type 'Platform' is not supported
Traceback (most recent call last):
  File "C:\PycharmProjects\xenia-game-manager\src\db.py", line 1049, in import_games_from_source
    self.add_game(game)
    ~~~~~~~~~~~~~^^^^^^
  File "C:\PycharmProjects\xenia-game-manager\src\db.py", line 1081, in add_game
    con.execute("""
    ~~~~~~~~~~~^^^^
        INSERT INTO games (
        ^^^^^^^^^^^^^^^^^^^
    ...<14 lines>...
        str(game.config_path) if game.config_path else None,
        ^^^^^^^^^^^^^^^^^^^^^^^^^^^^^^^^^^^^^^^^^^^^^^^^^^^^
    ))
    ^^
sqlite3.ProgrammingError: Error binding parameter 1: type 'Platform' is not supported
2026-08-18 02:03:53,802 [ERROR] xenia_manager: Failed to add game: Xbox360Game(game_id='58410837', title='MS.PAC-MAN', platform=<Platform.XBOX360: 'Xbox360'>, config_path=None, favourite=False, last_played=None, play_count=0, play_time=0, emulator='xenia', emulator_version=None, discs=[GameDisc(media_id=None, file_path=WindowsPath('D:/roms/xbox360/58410837/000D0000/16CDE0861522E9FBC23FBC157CF82EEC049E25DC58'), disc_count=1, disc_type='DVD', disc_swap_required=False, disc_number=1, label=None)])
Error: Error binding parameter 1: type 'Platform' is not supported
Traceback (most recent call last):
  File "C:\PycharmProjects\xenia-game-manager\src\db.py", line 1049, in import_games_from_source
    self.add_game(game)
    ~~~~~~~~~~~~~^^^^^^
  File "C:\PycharmProjects\xenia-game-manager\src\db.py", line 1081, in add_game
    con.execute("""
    ~~~~~~~~~~~^^^^
        INSERT INTO games (
        ^^^^^^^^^^^^^^^^^^^
    ...<14 lines>...
        str(game.config_path) if game.config_path else None,
        ^^^^^^^^^^^^^^^^^^^^^^^^^^^^^^^^^^^^^^^^^^^^^^^^^^^^
    ))
    ^^
sqlite3.ProgrammingError: Error binding parameter 1: type 'Platform' is not supported
2026-08-18 02:03:53,805 [ERROR] xenia_manager: Failed to add game: Xbox360Game(game_id='5841083B', title='Tetris Splash', platform=<Platform.XBOX360: 'Xbox360'>, config_path=None, favourite=False, last_played=None, play_count=0, play_time=0, emulator='xenia', emulator_version=None, discs=[GameDisc(media_id=None, file_path=WindowsPath('D:/roms/xbox360/5841083B/000D0000/AC5A8FAAF149BA9EED8D24FA2690A4E1B0B0EC5A58'), disc_count=1, disc_type='DVD', disc_swap_required=False, disc_number=1, label=None)])
Error: Error binding parameter 1: type 'Platform' is not supported
Traceback (most recent call last):
  File "C:\PycharmProjects\xenia-game-manager\src\db.py", line 1049, in import_games_from_source
    self.add_game(game)
    ~~~~~~~~~~~~~^^^^^^
  File "C:\PycharmProjects\xenia-game-manager\src\db.py", line 1081, in add_game
    con.execute("""
    ~~~~~~~~~~~^^^^
        INSERT INTO games (
        ^^^^^^^^^^^^^^^^^^^
    ...<14 lines>...
        str(game.config_path) if game.config_path else None,
        ^^^^^^^^^^^^^^^^^^^^^^^^^^^^^^^^^^^^^^^^^^^^^^^^^^^^
    ))
    ^^
sqlite3.ProgrammingError: Error binding parameter 1: type 'Platform' is not supported
2026-08-18 02:03:53,808 [ERROR] xenia_manager: Failed to add game: Xbox360Game(game_id='5841084E', title='Asteroids & Deluxe', platform=<Platform.XBOX360: 'Xbox360'>, config_path=None, favourite=False, last_played=None, play_count=0, play_time=0, emulator='xenia', emulator_version=None, discs=[GameDisc(media_id=None, file_path=WindowsPath('D:/roms/xbox360/5841084E/000D0000/CD3859AD0DA2CCA597B4C7883E0CF1EE1855BE2558'), disc_count=1, disc_type='DVD', disc_swap_required=False, disc_number=1, label=None)])
Error: Error binding parameter 1: type 'Platform' is not supported
Traceback (most recent call last):
  File "C:\PycharmProjects\xenia-game-manager\src\db.py", line 1049, in import_games_from_source
    self.add_game(game)
    ~~~~~~~~~~~~~^^^^^^
  File "C:\PycharmProjects\xenia-game-manager\src\db.py", line 1081, in add_game
    con.execute("""
    ~~~~~~~~~~~^^^^
        INSERT INTO games (
        ^^^^^^^^^^^^^^^^^^^
    ...<14 lines>...
        str(game.config_path) if game.config_path else None,
        ^^^^^^^^^^^^^^^^^^^^^^^^^^^^^^^^^^^^^^^^^^^^^^^^^^^^
    ))
    ^^
sqlite3.ProgrammingError: Error binding parameter 1: type 'Platform' is not supported
2026-08-18 02:03:53,811 [ERROR] xenia_manager: Failed to add game: Xbox360Game(game_id='5841085C', title='N+', platform=<Platform.XBOX360: 'Xbox360'>, config_path=None, favourite=False, last_played=None, play_count=0, play_time=0, emulator='xenia', emulator_version=None, discs=[GameDisc(media_id=None, file_path=WindowsPath('D:/roms/xbox360/000D0000/6AC90DB8C28AD3284860400B801F8A8C825095C058'), disc_count=1, disc_type='DVD', disc_swap_required=False, disc_number=1, label=None)])
Error: Error binding parameter 1: type 'Platform' is not supported
Traceback (most recent call last):
  File "C:\PycharmProjects\xenia-game-manager\src\db.py", line 1049, in import_games_from_source
    self.add_game(game)
    ~~~~~~~~~~~~~^^^^^^
  File "C:\PycharmProjects\xenia-game-manager\src\db.py", line 1081, in add_game
    con.execute("""
    ~~~~~~~~~~~^^^^
        INSERT INTO games (
        ^^^^^^^^^^^^^^^^^^^
    ...<14 lines>...
        str(game.config_path) if game.config_path else None,
        ^^^^^^^^^^^^^^^^^^^^^^^^^^^^^^^^^^^^^^^^^^^^^^^^^^^^
    ))
    ^^
sqlite3.ProgrammingError: Error binding parameter 1: type 'Platform' is not supported
2026-08-18 02:03:53,814 [ERROR] xenia_manager: Failed to add game: Xbox360Game(game_id='58410879', title='Shred Nebula', platform=<Platform.XBOX360: 'Xbox360'>, config_path=None, favourite=False, last_played=None, play_count=0, play_time=0, emulator='xenia', emulator_version=None, discs=[GameDisc(media_id=None, file_path=WindowsPath('D:/roms/xbox360/Shred Nebula/58410879/000D0000/DE2DED2C62ED7BF9E06D33AC97A327E5B510FC1258'), disc_count=1, disc_type='DVD', disc_swap_required=False, disc_number=1, label=None)])
Error: Error binding parameter 1: type 'Platform' is not supported
Traceback (most recent call last):
  File "C:\PycharmProjects\xenia-game-manager\src\db.py", line 1049, in import_games_from_source
    self.add_game(game)
    ~~~~~~~~~~~~~^^^^^^
  File "C:\PycharmProjects\xenia-game-manager\src\db.py", line 1081, in add_game
    con.execute("""
    ~~~~~~~~~~~^^^^
        INSERT INTO games (
        ^^^^^^^^^^^^^^^^^^^
    ...<14 lines>...
        str(game.config_path) if game.config_path else None,
        ^^^^^^^^^^^^^^^^^^^^^^^^^^^^^^^^^^^^^^^^^^^^^^^^^^^^
    ))
    ^^
sqlite3.ProgrammingError: Error binding parameter 1: type 'Platform' is not supported
2026-08-18 02:03:53,816 [ERROR] xenia_manager: Failed to add game: Xbox360Game(game_id='58410879', title='Shred Nebula', platform=<Platform.XBOX360: 'Xbox360'>, config_path=None, favourite=False, last_played=None, play_count=0, play_time=0, emulator='xenia', emulator_version=None, discs=[GameDisc(media_id=None, file_path=WindowsPath('D:/roms/xbox360/58410879/000D0000/DE2DED2C62ED7BF9E06D33AC97A327E5B510FC1258'), disc_count=1, disc_type='DVD', disc_swap_required=False, disc_number=1, label=None)])
Error: Error binding parameter 1: type 'Platform' is not supported
Traceback (most recent call last):
  File "C:\PycharmProjects\xenia-game-manager\src\db.py", line 1049, in import_games_from_source
    self.add_game(game)
    ~~~~~~~~~~~~~^^^^^^
  File "C:\PycharmProjects\xenia-game-manager\src\db.py", line 1081, in add_game
    con.execute("""
    ~~~~~~~~~~~^^^^
        INSERT INTO games (
        ^^^^^^^^^^^^^^^^^^^
    ...<14 lines>...
        str(game.config_path) if game.config_path else None,
        ^^^^^^^^^^^^^^^^^^^^^^^^^^^^^^^^^^^^^^^^^^^^^^^^^^^^
    ))
    ^^
sqlite3.ProgrammingError: Error binding parameter 1: type 'Platform' is not supported
2026-08-18 02:03:53,819 [ERROR] xenia_manager: Failed to add game: Xbox360Game(game_id='58410894', title='XEVIOUS', platform=<Platform.XBOX360: 'Xbox360'>, config_path=None, favourite=False, last_played=None, play_count=0, play_time=0, emulator='xenia', emulator_version=None, discs=[GameDisc(media_id=None, file_path=WindowsPath('D:/roms/xbox360/000D0000/02A1905E4C8004A483BA2E30B9467A2AE8E364BE58'), disc_count=1, disc_type='DVD', disc_swap_required=False, disc_number=1, label=None)])
Error: Error binding parameter 1: type 'Platform' is not supported
Traceback (most recent call last):
  File "C:\PycharmProjects\xenia-game-manager\src\db.py", line 1049, in import_games_from_source
    self.add_game(game)
    ~~~~~~~~~~~~~^^^^^^
  File "C:\PycharmProjects\xenia-game-manager\src\db.py", line 1081, in add_game
    con.execute("""
    ~~~~~~~~~~~^^^^
        INSERT INTO games (
        ^^^^^^^^^^^^^^^^^^^
    ...<14 lines>...
        str(game.config_path) if game.config_path else None,
        ^^^^^^^^^^^^^^^^^^^^^^^^^^^^^^^^^^^^^^^^^^^^^^^^^^^^
    ))
    ^^
sqlite3.ProgrammingError: Error binding parameter 1: type 'Platform' is not supported
2026-08-18 02:03:53,822 [ERROR] xenia_manager: Failed to add game: Xbox360Game(game_id='584108AD', title='R-Type Dimensions™', platform=<Platform.XBOX360: 'Xbox360'>, config_path=None, favourite=False, last_played=None, play_count=0, play_time=0, emulator='xenia', emulator_version=None, discs=[GameDisc(media_id=None, file_path=WindowsPath('H:/roms/xbox360/584108AD/000D0000/79A4BF150EBD4C60FBEAC4C50C0D4DE217E723EF'), disc_count=1, disc_type='DVD', disc_swap_required=False, disc_number=1, label=None)])
Error: Error binding parameter 1: type 'Platform' is not supported
Traceback (most recent call last):
  File "C:\PycharmProjects\xenia-game-manager\src\db.py", line 1049, in import_games_from_source
    self.add_game(game)
    ~~~~~~~~~~~~~^^^^^^
  File "C:\PycharmProjects\xenia-game-manager\src\db.py", line 1081, in add_game
    con.execute("""
    ~~~~~~~~~~~^^^^
        INSERT INTO games (
        ^^^^^^^^^^^^^^^^^^^
    ...<14 lines>...
        str(game.config_path) if game.config_path else None,
        ^^^^^^^^^^^^^^^^^^^^^^^^^^^^^^^^^^^^^^^^^^^^^^^^^^^^
    ))
    ^^
sqlite3.ProgrammingError: Error binding parameter 1: type 'Platform' is not supported
2026-08-18 02:03:53,824 [ERROR] xenia_manager: Failed to add game: Xbox360Game(game_id='584108BB', title='Galaga Legions', platform=<Platform.XBOX360: 'Xbox360'>, config_path=None, favourite=False, last_played=None, play_count=0, play_time=0, emulator='xenia', emulator_version=None, discs=[GameDisc(media_id=None, file_path=WindowsPath('D:/roms/xbox360/584108BB/000D0000/CED63B0E9958E30F4D3E506624A04135DBB08B3B58'), disc_count=1, disc_type='DVD', disc_swap_required=False, disc_number=1, label=None)])
Error: Error binding parameter 1: type 'Platform' is not supported
Traceback (most recent call last):
  File "C:\PycharmProjects\xenia-game-manager\src\db.py", line 1049, in import_games_from_source
    self.add_game(game)
    ~~~~~~~~~~~~~^^^^^^
  File "C:\PycharmProjects\xenia-game-manager\src\db.py", line 1081, in add_game
    con.execute("""
    ~~~~~~~~~~~^^^^
        INSERT INTO games (
        ^^^^^^^^^^^^^^^^^^^
    ...<14 lines>...
        str(game.config_path) if game.config_path else None,
        ^^^^^^^^^^^^^^^^^^^^^^^^^^^^^^^^^^^^^^^^^^^^^^^^^^^^
    ))
    ^^
sqlite3.ProgrammingError: Error binding parameter 1: type 'Platform' is not supported
2026-08-18 02:03:53,826 [ERROR] xenia_manager: Failed to add game: Xbox360Game(game_id='584108EF', title='Double D Dodgeball', platform=<Platform.XBOX360: 'Xbox360'>, config_path=None, favourite=False, last_played=None, play_count=0, play_time=0, emulator='xenia', emulator_version=None, discs=[GameDisc(media_id=None, file_path=WindowsPath('C:/PycharmProjects/xenia-game-manager/src/downloads/XBLA/Double D Dodgeball (World) (XBLA)/584108EF/000D0000/612BBF2E1B82082A692D2B5C656B6AC5A70E02F958'), disc_count=1, disc_type='DVD', disc_swap_required=False, disc_number=1, label=None)])
Error: Error binding parameter 1: type 'Platform' is not supported
Traceback (most recent call last):
  File "C:\PycharmProjects\xenia-game-manager\src\db.py", line 1049, in import_games_from_source
    self.add_game(game)
    ~~~~~~~~~~~~~^^^^^^
  File "C:\PycharmProjects\xenia-game-manager\src\db.py", line 1081, in add_game
    con.execute("""
    ~~~~~~~~~~~^^^^
        INSERT INTO games (
        ^^^^^^^^^^^^^^^^^^^
    ...<14 lines>...
        str(game.config_path) if game.config_path else None,
        ^^^^^^^^^^^^^^^^^^^^^^^^^^^^^^^^^^^^^^^^^^^^^^^^^^^^
    ))
    ^^
sqlite3.ProgrammingError: Error binding parameter 1: type 'Platform' is not supported
2026-08-18 02:03:53,828 [ERROR] xenia_manager: Failed to add game: Xbox360Game(game_id='58410954', title='Banjo-Kazooie', platform=<Platform.XBOX360: 'Xbox360'>, config_path=None, favourite=False, last_played=None, play_count=0, play_time=0, emulator='xenia', emulator_version=None, discs=[GameDisc(media_id=None, file_path=WindowsPath('D:/roms/xbox360/Banjo-Kazooie (World) (XBLA)/58410954/000D0000/DA78E477AA5E31A7D01AE8F84109FD4BF89E49E858'), disc_count=1, disc_type='DVD', disc_swap_required=False, disc_number=1, label=None)])
Error: Error binding parameter 1: type 'Platform' is not supported
Traceback (most recent call last):
  File "C:\PycharmProjects\xenia-game-manager\src\db.py", line 1049, in import_games_from_source
    self.add_game(game)
    ~~~~~~~~~~~~~^^^^^^
  File "C:\PycharmProjects\xenia-game-manager\src\db.py", line 1081, in add_game
    con.execute("""
    ~~~~~~~~~~~^^^^
        INSERT INTO games (
        ^^^^^^^^^^^^^^^^^^^
    ...<14 lines>...
        str(game.config_path) if game.config_path else None,
        ^^^^^^^^^^^^^^^^^^^^^^^^^^^^^^^^^^^^^^^^^^^^^^^^^^^^
    ))
    ^^
sqlite3.ProgrammingError: Error binding parameter 1: type 'Platform' is not supported
2026-08-18 02:03:53,829 [ERROR] xenia_manager: Failed to add game: Xbox360Game(game_id='58410954', title='Banjo-Kazooie', platform=<Platform.XBOX360: 'Xbox360'>, config_path=None, favourite=False, last_played=None, play_count=0, play_time=0, emulator='xenia', emulator_version=None, discs=[GameDisc(media_id=None, file_path=WindowsPath('D:/roms/xbox360/58410954/000D0000/DA78E477AA5E31A7D01AE8F84109FD4BF89E49E858'), disc_count=1, disc_type='DVD', disc_swap_required=False, disc_number=1, label=None)])
Error: Error binding parameter 1: type 'Platform' is not supported
Traceback (most recent call last):
  File "C:\PycharmProjects\xenia-game-manager\src\db.py", line 1049, in import_games_from_source
    self.add_game(game)
    ~~~~~~~~~~~~~^^^^^^
  File "C:\PycharmProjects\xenia-game-manager\src\db.py", line 1081, in add_game
    con.execute("""
    ~~~~~~~~~~~^^^^
        INSERT INTO games (
        ^^^^^^^^^^^^^^^^^^^
    ...<14 lines>...
        str(game.config_path) if game.config_path else None,
        ^^^^^^^^^^^^^^^^^^^^^^^^^^^^^^^^^^^^^^^^^^^^^^^^^^^^
    ))
    ^^
sqlite3.ProgrammingError: Error binding parameter 1: type 'Platform' is not supported
2026-08-18 02:03:53,831 [ERROR] xenia_manager: Failed to add game: Xbox360Game(game_id='58410955', title='Banjo-Tooie', platform=<Platform.XBOX360: 'Xbox360'>, config_path=None, favourite=False, last_played=None, play_count=0, play_time=0, emulator='xenia', emulator_version=None, discs=[GameDisc(media_id=None, file_path=WindowsPath('D:/roms/xbox360/Banjo-Tooie (World) (XBLA)/58410955/000D0000/ABB9CAB336175357D09F2D922735D23C62F90DDD58'), disc_count=1, disc_type='DVD', disc_swap_required=False, disc_number=1, label=None)])
Error: Error binding parameter 1: type 'Platform' is not supported
Traceback (most recent call last):
  File "C:\PycharmProjects\xenia-game-manager\src\db.py", line 1049, in import_games_from_source
    self.add_game(game)
    ~~~~~~~~~~~~~^^^^^^
  File "C:\PycharmProjects\xenia-game-manager\src\db.py", line 1081, in add_game
    con.execute("""
    ~~~~~~~~~~~^^^^
        INSERT INTO games (
        ^^^^^^^^^^^^^^^^^^^
    ...<14 lines>...
        str(game.config_path) if game.config_path else None,
        ^^^^^^^^^^^^^^^^^^^^^^^^^^^^^^^^^^^^^^^^^^^^^^^^^^^^
    ))
    ^^
sqlite3.ProgrammingError: Error binding parameter 1: type 'Platform' is not supported
2026-08-18 02:03:53,832 [ERROR] xenia_manager: Failed to add game: Xbox360Game(game_id='58410955', title='Banjo-Tooie', platform=<Platform.XBOX360: 'Xbox360'>, config_path=None, favourite=False, last_played=None, play_count=0, play_time=0, emulator='xenia', emulator_version=None, discs=[GameDisc(media_id=None, file_path=WindowsPath('D:/roms/xbox360/58410955/000D0000/ABB9CAB336175357D09F2D922735D23C62F90DDD58'), disc_count=1, disc_type='DVD', disc_swap_required=False, disc_number=1, label=None)])
Error: Error binding parameter 1: type 'Platform' is not supported
Traceback (most recent call last):
  File "C:\PycharmProjects\xenia-game-manager\src\db.py", line 1049, in import_games_from_source
    self.add_game(game)
    ~~~~~~~~~~~~~^^^^^^
  File "C:\PycharmProjects\xenia-game-manager\src\db.py", line 1081, in add_game
    con.execute("""
    ~~~~~~~~~~~^^^^
        INSERT INTO games (
        ^^^^^^^^^^^^^^^^^^^
    ...<14 lines>...
        str(game.config_path) if game.config_path else None,
        ^^^^^^^^^^^^^^^^^^^^^^^^^^^^^^^^^^^^^^^^^^^^^^^^^^^^
    ))
    ^^
sqlite3.ProgrammingError: Error binding parameter 1: type 'Platform' is not supported
2026-08-18 02:03:53,834 [ERROR] xenia_manager: Failed to add game: Xbox360Game(game_id='5841095A', title='Trials HD', platform=<Platform.XBOX360: 'Xbox360'>, config_path=None, favourite=False, last_played=None, play_count=0, play_time=0, emulator='xenia', emulator_version=None, discs=[GameDisc(media_id=None, file_path=WindowsPath('D:/roms/xbox360/5841095A/000D0000/6E133151FC02CFA6D6653C9AAE46D1DC8014605158'), disc_count=1, disc_type='DVD', disc_swap_required=False, disc_number=1, label=None)])
Error: Error binding parameter 1: type 'Platform' is not supported
Traceback (most recent call last):
  File "C:\PycharmProjects\xenia-game-manager\src\db.py", line 1049, in import_games_from_source
    self.add_game(game)
    ~~~~~~~~~~~~~^^^^^^
  File "C:\PycharmProjects\xenia-game-manager\src\db.py", line 1081, in add_game
    con.execute("""
    ~~~~~~~~~~~^^^^
        INSERT INTO games (
        ^^^^^^^^^^^^^^^^^^^
    ...<14 lines>...
        str(game.config_path) if game.config_path else None,
        ^^^^^^^^^^^^^^^^^^^^^^^^^^^^^^^^^^^^^^^^^^^^^^^^^^^^
    ))
    ^^
sqlite3.ProgrammingError: Error binding parameter 1: type 'Platform' is not supported
2026-08-18 02:03:53,836 [ERROR] xenia_manager: Failed to add game: Xbox360Game(game_id='5841095E', title='Ancients of Ooga', platform=<Platform.XBOX360: 'Xbox360'>, config_path=None, favourite=False, last_played=None, play_count=0, play_time=0, emulator='xenia', emulator_version=None, discs=[GameDisc(media_id=None, file_path=WindowsPath('D:/roms/xbox360/5841095E/000D0000/F4CDF5AAEC321884B39C59A778CF959ECCC45F8158'), disc_count=1, disc_type='DVD', disc_swap_required=False, disc_number=1, label=None)])
Error: Error binding parameter 1: type 'Platform' is not supported
Traceback (most recent call last):
  File "C:\PycharmProjects\xenia-game-manager\src\db.py", line 1049, in import_games_from_source
    self.add_game(game)
    ~~~~~~~~~~~~~^^^^^^
  File "C:\PycharmProjects\xenia-game-manager\src\db.py", line 1081, in add_game
    con.execute("""
    ~~~~~~~~~~~^^^^
        INSERT INTO games (
        ^^^^^^^^^^^^^^^^^^^
    ...<14 lines>...
        str(game.config_path) if game.config_path else None,
        ^^^^^^^^^^^^^^^^^^^^^^^^^^^^^^^^^^^^^^^^^^^^^^^^^^^^
    ))
    ^^
sqlite3.ProgrammingError: Error binding parameter 1: type 'Platform' is not supported
2026-08-18 02:03:53,837 [ERROR] xenia_manager: Failed to add game: Xbox360Game(game_id='58410964', title='Alien Breed Episode 1', platform=<Platform.XBOX360: 'Xbox360'>, config_path=None, favourite=False, last_played=None, play_count=0, play_time=0, emulator='xenia', emulator_version=None, discs=[GameDisc(media_id=None, file_path=WindowsPath('D:/roms/xbox360/58410964/000D0000/083833CC99CEE294786FBDFE8E89ACFE48C3B44B58'), disc_count=1, disc_type='DVD', disc_swap_required=False, disc_number=1, label=None)])
Error: Error binding parameter 1: type 'Platform' is not supported
Traceback (most recent call last):
  File "C:\PycharmProjects\xenia-game-manager\src\db.py", line 1049, in import_games_from_source
    self.add_game(game)
    ~~~~~~~~~~~~~^^^^^^
  File "C:\PycharmProjects\xenia-game-manager\src\db.py", line 1081, in add_game
    con.execute("""
    ~~~~~~~~~~~^^^^
        INSERT INTO games (
        ^^^^^^^^^^^^^^^^^^^
    ...<14 lines>...
        str(game.config_path) if game.config_path else None,
        ^^^^^^^^^^^^^^^^^^^^^^^^^^^^^^^^^^^^^^^^^^^^^^^^^^^^
    ))
    ^^
sqlite3.ProgrammingError: Error binding parameter 1: type 'Platform' is not supported
2026-08-18 02:03:53,839 [ERROR] xenia_manager: Failed to add game: Xbox360Game(game_id='58410968', title='OutRun™ Online Arcade', platform=<Platform.XBOX360: 'Xbox360'>, config_path=None, favourite=False, last_played=None, play_count=0, play_time=0, emulator='xenia', emulator_version=None, discs=[GameDisc(media_id=None, file_path=WindowsPath('D:/roms/xbox360/Outrun Online Arcade/58410968/000D0000/37517779402B5BE6177926168277F003FFE29D8358'), disc_count=1, disc_type='DVD', disc_swap_required=False, disc_number=1, label=None)])
Error: Error binding parameter 1: type 'Platform' is not supported
Traceback (most recent call last):
  File "C:\PycharmProjects\xenia-game-manager\src\db.py", line 1049, in import_games_from_source
    self.add_game(game)
    ~~~~~~~~~~~~~^^^^^^
  File "C:\PycharmProjects\xenia-game-manager\src\db.py", line 1081, in add_game
    con.execute("""
    ~~~~~~~~~~~^^^^
        INSERT INTO games (
        ^^^^^^^^^^^^^^^^^^^
    ...<14 lines>...
        str(game.config_path) if game.config_path else None,
        ^^^^^^^^^^^^^^^^^^^^^^^^^^^^^^^^^^^^^^^^^^^^^^^^^^^^
    ))
    ^^
sqlite3.ProgrammingError: Error binding parameter 1: type 'Platform' is not supported
2026-08-18 02:03:53,841 [ERROR] xenia_manager: Failed to add game: Xbox360Game(game_id='5841096A', title='Hydro Thunder Hurricane', platform=<Platform.XBOX360: 'Xbox360'>, config_path=None, favourite=False, last_played=None, play_count=0, play_time=0, emulator='xenia', emulator_version=None, discs=[GameDisc(media_id=None, file_path=WindowsPath('D:/roms/xbox360/5841096A/000D0000/17EE90959CCE5C680E1B7D3DB92A616D807CFA8358'), disc_count=1, disc_type='DVD', disc_swap_required=False, disc_number=1, label=None)])
Error: Error binding parameter 1: type 'Platform' is not supported
Traceback (most recent call last):
  File "C:\PycharmProjects\xenia-game-manager\src\db.py", line 1049, in import_games_from_source
    self.add_game(game)
    ~~~~~~~~~~~~~^^^^^^
  File "C:\PycharmProjects\xenia-game-manager\src\db.py", line 1081, in add_game
    con.execute("""
    ~~~~~~~~~~~^^^^
        INSERT INTO games (
        ^^^^^^^^^^^^^^^^^^^
    ...<14 lines>...
        str(game.config_path) if game.config_path else None,
        ^^^^^^^^^^^^^^^^^^^^^^^^^^^^^^^^^^^^^^^^^^^^^^^^^^^^
    ))
    ^^
sqlite3.ProgrammingError: Error binding parameter 1: type 'Platform' is not supported
2026-08-18 02:03:53,843 [ERROR] xenia_manager: Failed to add game: Xbox360Game(game_id='5841096B', title='Ion Assault', platform=<Platform.XBOX360: 'Xbox360'>, config_path=None, favourite=False, last_played=None, play_count=0, play_time=0, emulator='xenia', emulator_version=None, discs=[GameDisc(media_id=None, file_path=WindowsPath('D:/roms/xbox360/5841096B/000D0000/A467D43B3D410D452D8C992FB98C2ACBAFB557E558'), disc_count=1, disc_type='DVD', disc_swap_required=False, disc_number=1, label=None)])
Error: Error binding parameter 1: type 'Platform' is not supported
Traceback (most recent call last):
  File "C:\PycharmProjects\xenia-game-manager\src\db.py", line 1049, in import_games_from_source
    self.add_game(game)
    ~~~~~~~~~~~~~^^^^^^
  File "C:\PycharmProjects\xenia-game-manager\src\db.py", line 1081, in add_game
    con.execute("""
    ~~~~~~~~~~~^^^^
        INSERT INTO games (
        ^^^^^^^^^^^^^^^^^^^
    ...<14 lines>...
        str(game.config_path) if game.config_path else None,
        ^^^^^^^^^^^^^^^^^^^^^^^^^^^^^^^^^^^^^^^^^^^^^^^^^^^^
    ))
    ^^
sqlite3.ProgrammingError: Error binding parameter 1: type 'Platform' is not supported
2026-08-18 02:03:53,844 [ERROR] xenia_manager: Failed to add game: Xbox360Game(game_id='58410991', title='ARKANOID Live!', platform=<Platform.XBOX360: 'Xbox360'>, config_path=None, favourite=False, last_played=None, play_count=0, play_time=0, emulator='xenia', emulator_version=None, discs=[GameDisc(media_id=None, file_path=WindowsPath('D:/roms/xbox360/58410991/000D0000/542D23E02A6FD65DDB7767A07A151353F0DFFDE858'), disc_count=1, disc_type='DVD', disc_swap_required=False, disc_number=1, label=None)])
Error: Error binding parameter 1: type 'Platform' is not supported
Traceback (most recent call last):
  File "C:\PycharmProjects\xenia-game-manager\src\db.py", line 1049, in import_games_from_source
    self.add_game(game)
    ~~~~~~~~~~~~~^^^^^^
  File "C:\PycharmProjects\xenia-game-manager\src\db.py", line 1081, in add_game
    con.execute("""
    ~~~~~~~~~~~^^^^
        INSERT INTO games (
        ^^^^^^^^^^^^^^^^^^^
    ...<14 lines>...
        str(game.config_path) if game.config_path else None,
        ^^^^^^^^^^^^^^^^^^^^^^^^^^^^^^^^^^^^^^^^^^^^^^^^^^^^
    ))
    ^^
sqlite3.ProgrammingError: Error binding parameter 1: type 'Platform' is not supported
2026-08-18 02:03:53,846 [ERROR] xenia_manager: Failed to add game: Xbox360Game(game_id='584109B0', title='BUBBLE BOBBLE Neo!', platform=<Platform.XBOX360: 'Xbox360'>, config_path=None, favourite=False, last_played=None, play_count=0, play_time=0, emulator='xenia', emulator_version=None, discs=[GameDisc(media_id=None, file_path=WindowsPath('D:/roms/xbox360/584109B0/000D0000/CF084D62A08FC7BF491F9D52DD49367522D9B79758'), disc_count=1, disc_type='DVD', disc_swap_required=False, disc_number=1, label=None)])
Error: Error binding parameter 1: type 'Platform' is not supported
Traceback (most recent call last):
  File "C:\PycharmProjects\xenia-game-manager\src\db.py", line 1049, in import_games_from_source
    self.add_game(game)
    ~~~~~~~~~~~~~^^^^^^
  File "C:\PycharmProjects\xenia-game-manager\src\db.py", line 1081, in add_game
    con.execute("""
    ~~~~~~~~~~~^^^^
        INSERT INTO games (
        ^^^^^^^^^^^^^^^^^^^
    ...<14 lines>...
        str(game.config_path) if game.config_path else None,
        ^^^^^^^^^^^^^^^^^^^^^^^^^^^^^^^^^^^^^^^^^^^^^^^^^^^^
    ))
    ^^
sqlite3.ProgrammingError: Error binding parameter 1: type 'Platform' is not supported
2026-08-18 02:03:53,848 [ERROR] xenia_manager: Failed to add game: Xbox360Game(game_id='584109BF', title="Red Alert 3 Commander's Challenge", platform=<Platform.XBOX360: 'Xbox360'>, config_path=None, favourite=False, last_played=None, play_count=0, play_time=0, emulator='xenia', emulator_version=None, discs=[GameDisc(media_id=None, file_path=WindowsPath('H:/roms/xbox360/584109BF/000D0000/AF4E5C384CAD63FAA96EADE50F7A69CFFEE0DC6D58'), disc_count=1, disc_type='DVD', disc_swap_required=False, disc_number=1, label=None)])
Error: Error binding parameter 1: type 'Platform' is not supported
Traceback (most recent call last):
  File "C:\PycharmProjects\xenia-game-manager\src\db.py", line 1049, in import_games_from_source
    self.add_game(game)
    ~~~~~~~~~~~~~^^^^^^
  File "C:\PycharmProjects\xenia-game-manager\src\db.py", line 1081, in add_game
    con.execute("""
    ~~~~~~~~~~~^^^^
        INSERT INTO games (
        ^^^^^^^^^^^^^^^^^^^
    ...<14 lines>...
        str(game.config_path) if game.config_path else None,
        ^^^^^^^^^^^^^^^^^^^^^^^^^^^^^^^^^^^^^^^^^^^^^^^^^^^^
    ))
    ^^
sqlite3.ProgrammingError: Error binding parameter 1: type 'Platform' is not supported
2026-08-18 02:03:53,850 [ERROR] xenia_manager: Failed to add game: Xbox360Game(game_id='584109E3', title='Lucidity', platform=<Platform.XBOX360: 'Xbox360'>, config_path=None, favourite=False, last_played=None, play_count=0, play_time=0, emulator='xenia', emulator_version=None, discs=[GameDisc(media_id=None, file_path=WindowsPath('C:/PycharmProjects/xenia-game-manager/src/downloads/XBLA/Lucidity (World) (XBLA)/584109E3/000D0000/765F641FD694A7311782F96F6E18986B9066C9A058'), disc_count=1, disc_type='DVD', disc_swap_required=False, disc_number=1, label=None)])
Error: Error binding parameter 1: type 'Platform' is not supported
Traceback (most recent call last):
  File "C:\PycharmProjects\xenia-game-manager\src\db.py", line 1049, in import_games_from_source
    self.add_game(game)
    ~~~~~~~~~~~~~^^^^^^
  File "C:\PycharmProjects\xenia-game-manager\src\db.py", line 1081, in add_game
    con.execute("""
    ~~~~~~~~~~~^^^^
        INSERT INTO games (
        ^^^^^^^^^^^^^^^^^^^
    ...<14 lines>...
        str(game.config_path) if game.config_path else None,
        ^^^^^^^^^^^^^^^^^^^^^^^^^^^^^^^^^^^^^^^^^^^^^^^^^^^^
    ))
    ^^
sqlite3.ProgrammingError: Error binding parameter 1: type 'Platform' is not supported
2026-08-18 02:03:53,851 [ERROR] xenia_manager: Failed to add game: Xbox360Game(game_id='58410A06', title='After Burner Climax', platform=<Platform.XBOX360: 'Xbox360'>, config_path=None, favourite=False, last_played=None, play_count=0, play_time=0, emulator='xenia', emulator_version=None, discs=[GameDisc(media_id=None, file_path=WindowsPath('H:/roms/xbox360/58410A06/000D0000/6840ACC01BAE9B0EBB40F577349428B04B9042A958'), disc_count=1, disc_type='DVD', disc_swap_required=False, disc_number=1, label=None)])
Error: Error binding parameter 1: type 'Platform' is not supported
Traceback (most recent call last):
  File "C:\PycharmProjects\xenia-game-manager\src\db.py", line 1049, in import_games_from_source
    self.add_game(game)
    ~~~~~~~~~~~~~^^^^^^
  File "C:\PycharmProjects\xenia-game-manager\src\db.py", line 1081, in add_game
    con.execute("""
    ~~~~~~~~~~~^^^^
        INSERT INTO games (
        ^^^^^^^^^^^^^^^^^^^
    ...<14 lines>...
        str(game.config_path) if game.config_path else None,
        ^^^^^^^^^^^^^^^^^^^^^^^^^^^^^^^^^^^^^^^^^^^^^^^^^^^^
    ))
    ^^
sqlite3.ProgrammingError: Error binding parameter 1: type 'Platform' is not supported
2026-08-18 02:03:53,853 [ERROR] xenia_manager: Failed to add game: Xbox360Game(game_id='58410A19', title='Clash of Heroes', platform=<Platform.XBOX360: 'Xbox360'>, config_path=None, favourite=False, last_played=None, play_count=0, play_time=0, emulator='xenia', emulator_version=None, discs=[GameDisc(media_id=None, file_path=WindowsPath('D:/roms/xbox360/000D0000/F39732706B59E86B7DB12EDBC19E1D2EFB13C34F58'), disc_count=1, disc_type='DVD', disc_swap_required=False, disc_number=1, label=None)])
Error: Error binding parameter 1: type 'Platform' is not supported
Traceback (most recent call last):
  File "C:\PycharmProjects\xenia-game-manager\src\db.py", line 1049, in import_games_from_source
    self.add_game(game)
    ~~~~~~~~~~~~~^^^^^^
  File "C:\PycharmProjects\xenia-game-manager\src\db.py", line 1081, in add_game
    con.execute("""
    ~~~~~~~~~~~^^^^
        INSERT INTO games (
        ^^^^^^^^^^^^^^^^^^^
    ...<14 lines>...
        str(game.config_path) if game.config_path else None,
        ^^^^^^^^^^^^^^^^^^^^^^^^^^^^^^^^^^^^^^^^^^^^^^^^^^^^
    ))
    ^^
sqlite3.ProgrammingError: Error binding parameter 1: type 'Platform' is not supported
2026-08-18 02:03:53,855 [ERROR] xenia_manager: Failed to add game: Xbox360Game(game_id='58410A1B', title='ilomilo', platform=<Platform.XBOX360: 'Xbox360'>, config_path=None, favourite=False, last_played=None, play_count=0, play_time=0, emulator='xenia', emulator_version=None, discs=[GameDisc(media_id=None, file_path=WindowsPath('D:/roms/xbox360/58410A1B/000D0000/D2BAC6E5571A96D5BB3CEF0F1A3F4F25709C951358'), disc_count=1, disc_type='DVD', disc_swap_required=False, disc_number=1, label=None)])
Error: Error binding parameter 1: type 'Platform' is not supported
Traceback (most recent call last):
  File "C:\PycharmProjects\xenia-game-manager\src\db.py", line 1049, in import_games_from_source
    self.add_game(game)
    ~~~~~~~~~~~~~^^^^^^
  File "C:\PycharmProjects\xenia-game-manager\src\db.py", line 1081, in add_game
    con.execute("""
    ~~~~~~~~~~~^^^^
        INSERT INTO games (
        ^^^^^^^^^^^^^^^^^^^
    ...<14 lines>...
        str(game.config_path) if game.config_path else None,
        ^^^^^^^^^^^^^^^^^^^^^^^^^^^^^^^^^^^^^^^^^^^^^^^^^^^^
    ))
    ^^
sqlite3.ProgrammingError: Error binding parameter 1: type 'Platform' is not supported
2026-08-18 02:03:53,857 [ERROR] xenia_manager: Failed to add game: Xbox360Game(game_id='58410A22', title='Alien Breed 2: Assault', platform=<Platform.XBOX360: 'Xbox360'>, config_path=None, favourite=False, last_played=None, play_count=0, play_time=0, emulator='xenia', emulator_version=None, discs=[GameDisc(media_id=None, file_path=WindowsPath('D:/roms/xbox360/58410A22/000D0000/58410A2200000000'), disc_count=1, disc_type='DVD', disc_swap_required=False, disc_number=1, label=None)])
Error: Error binding parameter 1: type 'Platform' is not supported
Traceback (most recent call last):
  File "C:\PycharmProjects\xenia-game-manager\src\db.py", line 1049, in import_games_from_source
    self.add_game(game)
    ~~~~~~~~~~~~~^^^^^^
  File "C:\PycharmProjects\xenia-game-manager\src\db.py", line 1081, in add_game
    con.execute("""
    ~~~~~~~~~~~^^^^
        INSERT INTO games (
        ^^^^^^^^^^^^^^^^^^^
    ...<14 lines>...
        str(game.config_path) if game.config_path else None,
        ^^^^^^^^^^^^^^^^^^^^^^^^^^^^^^^^^^^^^^^^^^^^^^^^^^^^
    ))
    ^^
sqlite3.ProgrammingError: Error binding parameter 1: type 'Platform' is not supported
2026-08-18 02:03:53,859 [ERROR] xenia_manager: Failed to add game: Xbox360Game(game_id='58410A5C', title='Adventures of Shuggy', platform=<Platform.XBOX360: 'Xbox360'>, config_path=None, favourite=False, last_played=None, play_count=0, play_time=0, emulator='xenia', emulator_version=None, discs=[GameDisc(media_id=None, file_path=WindowsPath('H:/roms/xbox360/58410A5C/000D0000/86E8A55A767E0DC40090CFFA1EBCCE9C593E9D9158'), disc_count=1, disc_type='DVD', disc_swap_required=False, disc_number=1, label=None)])
Error: Error binding parameter 1: type 'Platform' is not supported
Traceback (most recent call last):
  File "C:\PycharmProjects\xenia-game-manager\src\db.py", line 1049, in import_games_from_source
    self.add_game(game)
    ~~~~~~~~~~~~~^^^^^^
  File "C:\PycharmProjects\xenia-game-manager\src\db.py", line 1081, in add_game
    con.execute("""
    ~~~~~~~~~~~^^^^
        INSERT INTO games (
        ^^^^^^^^^^^^^^^^^^^
    ...<14 lines>...
        str(game.config_path) if game.config_path else None,
        ^^^^^^^^^^^^^^^^^^^^^^^^^^^^^^^^^^^^^^^^^^^^^^^^^^^^
    ))
    ^^
sqlite3.ProgrammingError: Error binding parameter 1: type 'Platform' is not supported
2026-08-18 02:03:53,860 [ERROR] xenia_manager: Failed to add game: Xbox360Game(game_id='58410A5D', title='Destination: Arcade', platform=<Platform.XBOX360: 'Xbox360'>, config_path=None, favourite=False, last_played=None, play_count=0, play_time=0, emulator='xenia', emulator_version=None, discs=[GameDisc(media_id=None, file_path=WindowsPath('C:/PycharmProjects/xenia-game-manager/src/downloads/DLC/Destination Arcade (World) (App)/58410A5D/000D0000/E112F9FC1430628241B59CFC3211AB0A7802659258'), disc_count=1, disc_type='DVD', disc_swap_required=False, disc_number=1, label=None)])
Error: Error binding parameter 1: type 'Platform' is not supported
Traceback (most recent call last):
  File "C:\PycharmProjects\xenia-game-manager\src\db.py", line 1049, in import_games_from_source
    self.add_game(game)
    ~~~~~~~~~~~~~^^^^^^
  File "C:\PycharmProjects\xenia-game-manager\src\db.py", line 1081, in add_game
    con.execute("""
    ~~~~~~~~~~~^^^^
        INSERT INTO games (
        ^^^^^^^^^^^^^^^^^^^
    ...<14 lines>...
        str(game.config_path) if game.config_path else None,
        ^^^^^^^^^^^^^^^^^^^^^^^^^^^^^^^^^^^^^^^^^^^^^^^^^^^^
    ))
    ^^
sqlite3.ProgrammingError: Error binding parameter 1: type 'Platform' is not supported
2026-08-18 02:03:53,862 [ERROR] xenia_manager: Failed to add game: Xbox360Game(game_id='58410A8C', title='PAC-MAN CE DX', platform=<Platform.XBOX360: 'Xbox360'>, config_path=None, favourite=False, last_played=None, play_count=0, play_time=0, emulator='xenia', emulator_version=None, discs=[GameDisc(media_id=None, file_path=WindowsPath('D:/roms/xbox360/58410A8C/000D0000/38D034D6344630EE7876DF7742227F9ED065219058'), disc_count=1, disc_type='DVD', disc_swap_required=False, disc_number=1, label=None)])
Error: Error binding parameter 1: type 'Platform' is not supported
Traceback (most recent call last):
  File "C:\PycharmProjects\xenia-game-manager\src\db.py", line 1049, in import_games_from_source
    self.add_game(game)
    ~~~~~~~~~~~~~^^^^^^
  File "C:\PycharmProjects\xenia-game-manager\src\db.py", line 1081, in add_game
    con.execute("""
    ~~~~~~~~~~~^^^^
        INSERT INTO games (
        ^^^^^^^^^^^^^^^^^^^
    ...<14 lines>...
        str(game.config_path) if game.config_path else None,
        ^^^^^^^^^^^^^^^^^^^^^^^^^^^^^^^^^^^^^^^^^^^^^^^^^^^^
    ))
    ^^
sqlite3.ProgrammingError: Error binding parameter 1: type 'Platform' is not supported
2026-08-18 02:03:53,863 [ERROR] xenia_manager: Failed to add game: Xbox360Game(game_id='58410AA3', title='Alien Breed 3: Descent', platform=<Platform.XBOX360: 'Xbox360'>, config_path=None, favourite=False, last_played=None, play_count=0, play_time=0, emulator='xenia', emulator_version=None, discs=[GameDisc(media_id=None, file_path=WindowsPath('D:/roms/xbox360/58410AA3/000D0000/58410AA300000000'), disc_count=1, disc_type='DVD', disc_swap_required=False, disc_number=1, label=None)])
Error: Error binding parameter 1: type 'Platform' is not supported
Traceback (most recent call last):
  File "C:\PycharmProjects\xenia-game-manager\src\db.py", line 1049, in import_games_from_source
    self.add_game(game)
    ~~~~~~~~~~~~~^^^^^^
  File "C:\PycharmProjects\xenia-game-manager\src\db.py", line 1081, in add_game
    con.execute("""
    ~~~~~~~~~~~^^^^
        INSERT INTO games (
        ^^^^^^^^^^^^^^^^^^^
    ...<14 lines>...
        str(game.config_path) if game.config_path else None,
        ^^^^^^^^^^^^^^^^^^^^^^^^^^^^^^^^^^^^^^^^^^^^^^^^^^^^
    ))
    ^^
sqlite3.ProgrammingError: Error binding parameter 1: type 'Platform' is not supported
2026-08-18 02:03:53,865 [ERROR] xenia_manager: Failed to add game: Xbox360Game(game_id='58410AAD', title='Trials Evolution', platform=<Platform.XBOX360: 'Xbox360'>, config_path=None, favourite=False, last_played=None, play_count=0, play_time=0, emulator='xenia', emulator_version=None, discs=[GameDisc(media_id=None, file_path=WindowsPath('D:/roms/xbox360/58410AAD/000D0000/FB397172C4B4BDBE075DF758DAE196759A388B6958'), disc_count=1, disc_type='DVD', disc_swap_required=False, disc_number=1, label=None)])
Error: Error binding parameter 1: type 'Platform' is not supported
Traceback (most recent call last):
  File "C:\PycharmProjects\xenia-game-manager\src\db.py", line 1049, in import_games_from_source
    self.add_game(game)
    ~~~~~~~~~~~~~^^^^^^
  File "C:\PycharmProjects\xenia-game-manager\src\db.py", line 1081, in add_game
    con.execute("""
    ~~~~~~~~~~~^^^^
        INSERT INTO games (
        ^^^^^^^^^^^^^^^^^^^
    ...<14 lines>...
        str(game.config_path) if game.config_path else None,
        ^^^^^^^^^^^^^^^^^^^^^^^^^^^^^^^^^^^^^^^^^^^^^^^^^^^^
    ))
    ^^
sqlite3.ProgrammingError: Error binding parameter 1: type 'Platform' is not supported
2026-08-18 02:03:53,866 [ERROR] xenia_manager: Failed to add game: Xbox360Game(game_id='58410AC2', title='SEGA Rally™ Online Arcade', platform=<Platform.XBOX360: 'Xbox360'>, config_path=None, favourite=False, last_played=None, play_count=0, play_time=0, emulator='xenia', emulator_version=None, discs=[GameDisc(media_id=None, file_path=WindowsPath('D:/roms/xbox360/Sega Rally Online Arcade/58410AC2/000D0000/5FEAE487C70212733742EF3F0EBD39ECA9D4AE3858'), disc_count=1, disc_type='DVD', disc_swap_required=False, disc_number=1, label=None)])
Error: Error binding parameter 1: type 'Platform' is not supported
Traceback (most recent call last):
  File "C:\PycharmProjects\xenia-game-manager\src\db.py", line 1049, in import_games_from_source
    self.add_game(game)
    ~~~~~~~~~~~~~^^^^^^
  File "C:\PycharmProjects\xenia-game-manager\src\db.py", line 1081, in add_game
    con.execute("""
    ~~~~~~~~~~~^^^^
        INSERT INTO games (
        ^^^^^^^^^^^^^^^^^^^
    ...<14 lines>...
        str(game.config_path) if game.config_path else None,
        ^^^^^^^^^^^^^^^^^^^^^^^^^^^^^^^^^^^^^^^^^^^^^^^^^^^^
    ))
    ^^
sqlite3.ProgrammingError: Error binding parameter 1: type 'Platform' is not supported
2026-08-18 02:03:53,867 [ERROR] xenia_manager: Failed to add game: Xbox360Game(game_id='58410AF1', title='Boulder Dash-XL', platform=<Platform.XBOX360: 'Xbox360'>, config_path=None, favourite=False, last_played=None, play_count=0, play_time=0, emulator='xenia', emulator_version=None, discs=[GameDisc(media_id=None, file_path=WindowsPath('D:/roms/xbox360/58410AF1/000D0000/F315723EF5C4D9A1696C3C35CE25C055DF6780FE58'), disc_count=1, disc_type='DVD', disc_swap_required=False, disc_number=1, label=None)])
Error: Error binding parameter 1: type 'Platform' is not supported
Traceback (most recent call last):
  File "C:\PycharmProjects\xenia-game-manager\src\db.py", line 1049, in import_games_from_source
    self.add_game(game)
    ~~~~~~~~~~~~~^^^^^^
  File "C:\PycharmProjects\xenia-game-manager\src\db.py", line 1081, in add_game
    con.execute("""
    ~~~~~~~~~~~^^^^
        INSERT INTO games (
        ^^^^^^^^^^^^^^^^^^^
    ...<14 lines>...
        str(game.config_path) if game.config_path else None,
        ^^^^^^^^^^^^^^^^^^^^^^^^^^^^^^^^^^^^^^^^^^^^^^^^^^^^
    ))
    ^^
sqlite3.ProgrammingError: Error binding parameter 1: type 'Platform' is not supported
2026-08-18 02:03:53,869 [ERROR] xenia_manager: Failed to add game: Xbox360Game(game_id='58410B27', title='Atari: Warlords Xbox 360 Arcade', platform=<Platform.XBOX360: 'Xbox360'>, config_path=None, favourite=False, last_played=None, play_count=0, play_time=0, emulator='xenia', emulator_version=None, discs=[GameDisc(media_id=None, file_path=WindowsPath('H:/roms/xbox360/58410B27/000D0000/19762F0B0AEA4816763C1096B435B4B2692B2EC958'), disc_count=1, disc_type='DVD', disc_swap_required=False, disc_number=1, label=None)])
Error: Error binding parameter 1: type 'Platform' is not supported
Traceback (most recent call last):
  File "C:\PycharmProjects\xenia-game-manager\src\db.py", line 1049, in import_games_from_source
    self.add_game(game)
    ~~~~~~~~~~~~~^^^^^^
  File "C:\PycharmProjects\xenia-game-manager\src\db.py", line 1081, in add_game
    con.execute("""
    ~~~~~~~~~~~^^^^
        INSERT INTO games (
        ^^^^^^^^^^^^^^^^^^^
    ...<14 lines>...
        str(game.config_path) if game.config_path else None,
        ^^^^^^^^^^^^^^^^^^^^^^^^^^^^^^^^^^^^^^^^^^^^^^^^^^^^
    ))
    ^^
sqlite3.ProgrammingError: Error binding parameter 1: type 'Platform' is not supported
2026-08-18 02:03:53,871 [ERROR] xenia_manager: Failed to add game: Xbox360Game(game_id='58410B45', title='Section 8: Prejudice', platform=<Platform.XBOX360: 'Xbox360'>, config_path=None, favourite=False, last_played=None, play_count=0, play_time=0, emulator='xenia', emulator_version=None, discs=[GameDisc(media_id=None, file_path=WindowsPath('D:/roms/xbox360/58410B45/000D0000/CD0E5DF6A17270F4A4059C88BC8E15C0990ECC3E58'), disc_count=1, disc_type='DVD', disc_swap_required=False, disc_number=1, label=None)])
Error: Error binding parameter 1: type 'Platform' is not supported
Traceback (most recent call last):
  File "C:\PycharmProjects\xenia-game-manager\src\db.py", line 1049, in import_games_from_source
    self.add_game(game)
    ~~~~~~~~~~~~~^^^^^^
  File "C:\PycharmProjects\xenia-game-manager\src\db.py", line 1081, in add_game
    con.execute("""
    ~~~~~~~~~~~^^^^
        INSERT INTO games (
        ^^^^^^^^^^^^^^^^^^^
    ...<14 lines>...
        str(game.config_path) if game.config_path else None,
        ^^^^^^^^^^^^^^^^^^^^^^^^^^^^^^^^^^^^^^^^^^^^^^^^^^^^
    ))
    ^^
sqlite3.ProgrammingError: Error binding parameter 1: type 'Platform' is not supported
2026-08-18 02:03:53,872 [ERROR] xenia_manager: Failed to add game: Xbox360Game(game_id='58410B87', title="Saint's Row Moneyshot", platform=<Platform.XBOX360: 'Xbox360'>, config_path=None, favourite=False, last_played=None, play_count=0, play_time=0, emulator='xenia', emulator_version=None, discs=[GameDisc(media_id=None, file_path=WindowsPath('D:/roms/xbox360/58410B87/000D0000/B6833B4073B17738BA2206A31D55A51EF214F8DF58'), disc_count=1, disc_type='DVD', disc_swap_required=False, disc_number=1, label=None)])
Error: Error binding parameter 1: type 'Platform' is not supported
Traceback (most recent call last):
  File "C:\PycharmProjects\xenia-game-manager\src\db.py", line 1049, in import_games_from_source
    self.add_game(game)
    ~~~~~~~~~~~~~^^^^^^
  File "C:\PycharmProjects\xenia-game-manager\src\db.py", line 1081, in add_game
    con.execute("""
    ~~~~~~~~~~~^^^^
        INSERT INTO games (
        ^^^^^^^^^^^^^^^^^^^
    ...<14 lines>...
        str(game.config_path) if game.config_path else None,
        ^^^^^^^^^^^^^^^^^^^^^^^^^^^^^^^^^^^^^^^^^^^^^^^^^^^^
    ))
    ^^
sqlite3.ProgrammingError: Error binding parameter 1: type 'Platform' is not supported
2026-08-18 02:03:53,874 [ERROR] xenia_manager: Failed to add game: Xbox360Game(game_id='58410B90', title='BurgerTime World Tour', platform=<Platform.XBOX360: 'Xbox360'>, config_path=None, favourite=False, last_played=None, play_count=0, play_time=0, emulator='xenia', emulator_version=None, discs=[GameDisc(media_id=None, file_path=WindowsPath('D:/roms/xbox360/58410B90/000D0000/77D836DC3DFB9EACE58412957AF836760E9A682C58'), disc_count=1, disc_type='DVD', disc_swap_required=False, disc_number=1, label=None)])
Error: Error binding parameter 1: type 'Platform' is not supported
Traceback (most recent call last):
  File "C:\PycharmProjects\xenia-game-manager\src\db.py", line 1049, in import_games_from_source
    self.add_game(game)
    ~~~~~~~~~~~~~^^^^^^
  File "C:\PycharmProjects\xenia-game-manager\src\db.py", line 1081, in add_game
    con.execute("""
    ~~~~~~~~~~~^^^^
        INSERT INTO games (
        ^^^^^^^^^^^^^^^^^^^
    ...<14 lines>...
        str(game.config_path) if game.config_path else None,
        ^^^^^^^^^^^^^^^^^^^^^^^^^^^^^^^^^^^^^^^^^^^^^^^^^^^^
    ))
    ^^
sqlite3.ProgrammingError: Error binding parameter 1: type 'Platform' is not supported
2026-08-18 02:03:53,876 [ERROR] xenia_manager: Failed to add game: Xbox360Game(game_id='584111DC', title='WARP™', platform=<Platform.XBOX360: 'Xbox360'>, config_path=None, favourite=False, last_played=None, play_count=0, play_time=0, emulator='xenia', emulator_version=None, discs=[GameDisc(media_id=None, file_path=WindowsPath('H:/roms/xbox360/584111DC/000D0000/6BAFFA3FA6EDD340C53FD7CB35281598B364358058'), disc_count=1, disc_type='DVD', disc_swap_required=False, disc_number=1, label=None)])
Error: Error binding parameter 1: type 'Platform' is not supported
Traceback (most recent call last):
  File "C:\PycharmProjects\xenia-game-manager\src\db.py", line 1049, in import_games_from_source
    self.add_game(game)
    ~~~~~~~~~~~~~^^^^^^
  File "C:\PycharmProjects\xenia-game-manager\src\db.py", line 1081, in add_game
    con.execute("""
    ~~~~~~~~~~~^^^^
        INSERT INTO games (
        ^^^^^^^^^^^^^^^^^^^
    ...<14 lines>...
        str(game.config_path) if game.config_path else None,
        ^^^^^^^^^^^^^^^^^^^^^^^^^^^^^^^^^^^^^^^^^^^^^^^^^^^^
    ))
    ^^
sqlite3.ProgrammingError: Error binding parameter 1: type 'Platform' is not supported
2026-08-18 02:03:53,877 [ERROR] xenia_manager: Failed to add game: Xbox360Game(game_id='584111E0', title='REAL STEEL', platform=<Platform.XBOX360: 'Xbox360'>, config_path=None, favourite=False, last_played=None, play_count=0, play_time=0, emulator='xenia', emulator_version=None, discs=[GameDisc(media_id=None, file_path=WindowsPath('H:/roms/xbox360/584111E0/000D0000/62939F79719792E4C7A3023F3C63E17428928B4D58'), disc_count=1, disc_type='DVD', disc_swap_required=False, disc_number=1, label=None)])
Error: Error binding parameter 1: type 'Platform' is not supported
Traceback (most recent call last):
  File "C:\PycharmProjects\xenia-game-manager\src\db.py", line 1049, in import_games_from_source
    self.add_game(game)
    ~~~~~~~~~~~~~^^^^^^
  File "C:\PycharmProjects\xenia-game-manager\src\db.py", line 1081, in add_game
    con.execute("""
    ~~~~~~~~~~~^^^^
        INSERT INTO games (
        ^^^^^^^^^^^^^^^^^^^
    ...<14 lines>...
        str(game.config_path) if game.config_path else None,
        ^^^^^^^^^^^^^^^^^^^^^^^^^^^^^^^^^^^^^^^^^^^^^^^^^^^^
    ))
    ^^
sqlite3.ProgrammingError: Error binding parameter 1: type 'Platform' is not supported
2026-08-18 02:03:53,879 [ERROR] xenia_manager: Failed to add game: Xbox360Game(game_id='584111E5', title='The Baconing', platform=<Platform.XBOX360: 'Xbox360'>, config_path=None, favourite=False, last_played=None, play_count=0, play_time=0, emulator='xenia', emulator_version=None, discs=[GameDisc(media_id=None, file_path=WindowsPath('C:/PycharmProjects/xenia-game-manager/src/downloads/XBLA/Baconing, The (World) (XBLA)/584111E5/000D0000/A3985FF65EA37E61491F735313BA33839F75F78B58'), disc_count=1, disc_type='DVD', disc_swap_required=False, disc_number=1, label=None)])
Error: Error binding parameter 1: type 'Platform' is not supported
Traceback (most recent call last):
  File "C:\PycharmProjects\xenia-game-manager\src\db.py", line 1049, in import_games_from_source
    self.add_game(game)
    ~~~~~~~~~~~~~^^^^^^
  File "C:\PycharmProjects\xenia-game-manager\src\db.py", line 1081, in add_game
    con.execute("""
    ~~~~~~~~~~~^^^^
        INSERT INTO games (
        ^^^^^^^^^^^^^^^^^^^
    ...<14 lines>...
        str(game.config_path) if game.config_path else None,
        ^^^^^^^^^^^^^^^^^^^^^^^^^^^^^^^^^^^^^^^^^^^^^^^^^^^^
    ))
    ^^
sqlite3.ProgrammingError: Error binding parameter 1: type 'Platform' is not supported
2026-08-18 02:03:53,880 [ERROR] xenia_manager: Failed to add game: Xbox360Game(game_id='58411222', title='Alien Spidy', platform=<Platform.XBOX360: 'Xbox360'>, config_path=None, favourite=False, last_played=None, play_count=0, play_time=0, emulator='xenia', emulator_version=None, discs=[GameDisc(media_id=None, file_path=WindowsPath('C:/PycharmProjects/xenia-game-manager/src/downloads/XBLA/Alien Spidy (World) (XBLA)/58411222/000D0000/C026DAE3A3E93E948B64EE95B3FE7F9C898DB4FD58'), disc_count=1, disc_type='DVD', disc_swap_required=False, disc_number=1, label=None)])
Error: Error binding parameter 1: type 'Platform' is not supported
Traceback (most recent call last):
  File "C:\PycharmProjects\xenia-game-manager\src\db.py", line 1049, in import_games_from_source
    self.add_game(game)
    ~~~~~~~~~~~~~^^^^^^
  File "C:\PycharmProjects\xenia-game-manager\src\db.py", line 1081, in add_game
    con.execute("""
    ~~~~~~~~~~~^^^^
        INSERT INTO games (
        ^^^^^^^^^^^^^^^^^^^
    ...<14 lines>...
        str(game.config_path) if game.config_path else None,
        ^^^^^^^^^^^^^^^^^^^^^^^^^^^^^^^^^^^^^^^^^^^^^^^^^^^^
    ))
    ^^
sqlite3.ProgrammingError: Error binding parameter 1: type 'Platform' is not supported
2026-08-18 02:03:53,882 [ERROR] xenia_manager: Failed to add game: Xbox360Game(game_id='58411233', title="Alan Wake's American Nightmare", platform=<Platform.XBOX360: 'Xbox360'>, config_path=None, favourite=False, last_played=None, play_count=0, play_time=0, emulator='xenia', emulator_version=None, discs=[GameDisc(media_id=None, file_path=WindowsPath('D:/roms/xbox360/58411233/000D0000/10B9122134DE13D8B85827EBC29CBB6396E314BC58'), disc_count=1, disc_type='DVD', disc_swap_required=False, disc_number=1, label=None)])
Error: Error binding parameter 1: type 'Platform' is not supported
Traceback (most recent call last):
  File "C:\PycharmProjects\xenia-game-manager\src\db.py", line 1049, in import_games_from_source
    self.add_game(game)
    ~~~~~~~~~~~~~^^^^^^
  File "C:\PycharmProjects\xenia-game-manager\src\db.py", line 1081, in add_game
    con.execute("""
    ~~~~~~~~~~~^^^^
        INSERT INTO games (
        ^^^^^^^^^^^^^^^^^^^
    ...<14 lines>...
        str(game.config_path) if game.config_path else None,
        ^^^^^^^^^^^^^^^^^^^^^^^^^^^^^^^^^^^^^^^^^^^^^^^^^^^^
    ))
    ^^
sqlite3.ProgrammingError: Error binding parameter 1: type 'Platform' is not supported
2026-08-18 02:03:53,883 [ERROR] xenia_manager: Failed to add game: Xbox360Game(game_id='58411247', title='Jet Set Radio', platform=<Platform.XBOX360: 'Xbox360'>, config_path=None, favourite=False, last_played=None, play_count=0, play_time=0, emulator='xenia', emulator_version=None, discs=[GameDisc(media_id=None, file_path=WindowsPath('D:/roms/xbox360/58411247/000D0000/8885C3EC05FD920A80B8ED48A8A6777EC5483FA558'), disc_count=1, disc_type='DVD', disc_swap_required=False, disc_number=1, label=None)])
Error: Error binding parameter 1: type 'Platform' is not supported
Traceback (most recent call last):
  File "C:\PycharmProjects\xenia-game-manager\src\db.py", line 1049, in import_games_from_source
    self.add_game(game)
    ~~~~~~~~~~~~~^^^^^^
  File "C:\PycharmProjects\xenia-game-manager\src\db.py", line 1081, in add_game
    con.execute("""
    ~~~~~~~~~~~^^^^
        INSERT INTO games (
        ^^^^^^^^^^^^^^^^^^^
    ...<14 lines>...
        str(game.config_path) if game.config_path else None,
        ^^^^^^^^^^^^^^^^^^^^^^^^^^^^^^^^^^^^^^^^^^^^^^^^^^^^
    ))
    ^^
sqlite3.ProgrammingError: Error binding parameter 1: type 'Platform' is not supported
2026-08-18 02:03:53,885 [ERROR] xenia_manager: Failed to add game: Xbox360Game(game_id='58411247', title='Jet Set Radio', platform=<Platform.XBOX360: 'Xbox360'>, config_path=None, favourite=False, last_played=None, play_count=0, play_time=0, emulator='xenia', emulator_version=None, discs=[GameDisc(media_id=None, file_path=WindowsPath('C:/PycharmProjects/xenia-game-manager/src/downloads/XBLA/Jet Set Radio (World) (XBLA)/58411247/000D0000/8885C3EC05FD920A80B8ED48A8A6777EC5483FA558'), disc_count=1, disc_type='DVD', disc_swap_required=False, disc_number=1, label=None)])
Error: Error binding parameter 1: type 'Platform' is not supported
Traceback (most recent call last):
  File "C:\PycharmProjects\xenia-game-manager\src\db.py", line 1049, in import_games_from_source
    self.add_game(game)
    ~~~~~~~~~~~~~^^^^^^
  File "C:\PycharmProjects\xenia-game-manager\src\db.py", line 1081, in add_game
    con.execute("""
    ~~~~~~~~~~~^^^^
        INSERT INTO games (
        ^^^^^^^^^^^^^^^^^^^
    ...<14 lines>...
        str(game.config_path) if game.config_path else None,
        ^^^^^^^^^^^^^^^^^^^^^^^^^^^^^^^^^^^^^^^^^^^^^^^^^^^^
    ))
    ^^
sqlite3.ProgrammingError: Error binding parameter 1: type 'Platform' is not supported
2026-08-18 02:03:53,886 [ERROR] xenia_manager: Failed to add game: Xbox360Game(game_id='5841124E', title="JOJO'S BIZARRE ADVENTURE HD Ver.", platform=<Platform.XBOX360: 'Xbox360'>, config_path=None, favourite=False, last_played=None, play_count=0, play_time=0, emulator='xenia', emulator_version=None, discs=[GameDisc(media_id=None, file_path=WindowsPath('D:/roms/xbox360/5841124E/000D0000/91F727D960DAA6BAD1196AF55F7BFBCB1CE7124858'), disc_count=1, disc_type='DVD', disc_swap_required=False, disc_number=1, label=None)])
Error: Error binding parameter 1: type 'Platform' is not supported
Traceback (most recent call last):
  File "C:\PycharmProjects\xenia-game-manager\src\db.py", line 1049, in import_games_from_source
    self.add_game(game)
    ~~~~~~~~~~~~~^^^^^^
  File "C:\PycharmProjects\xenia-game-manager\src\db.py", line 1081, in add_game
    con.execute("""
    ~~~~~~~~~~~^^^^
        INSERT INTO games (
        ^^^^^^^^^^^^^^^^^^^
    ...<14 lines>...
        str(game.config_path) if game.config_path else None,
        ^^^^^^^^^^^^^^^^^^^^^^^^^^^^^^^^^^^^^^^^^^^^^^^^^^^^
    ))
    ^^
sqlite3.ProgrammingError: Error binding parameter 1: type 'Platform' is not supported
2026-08-18 02:03:53,888 [ERROR] xenia_manager: Failed to add game: Xbox360Game(game_id='584113FC', title="Assassin's Creed Liberation HD", platform=<Platform.XBOX360: 'Xbox360'>, config_path=None, favourite=False, last_played=None, play_count=0, play_time=0, emulator='xenia', emulator_version=None, discs=[GameDisc(media_id=None, file_path=WindowsPath('D:/roms/xbox360/584113FC/000D0000/F6C1A31CC8D967315ECC5DD93D965252552CFDA858'), disc_count=1, disc_type='DVD', disc_swap_required=False, disc_number=1, label=None)])
Error: Error binding parameter 1: type 'Platform' is not supported
Traceback (most recent call last):
  File "C:\PycharmProjects\xenia-game-manager\src\db.py", line 1049, in import_games_from_source
    self.add_game(game)
    ~~~~~~~~~~~~~^^^^^^
  File "C:\PycharmProjects\xenia-game-manager\src\db.py", line 1081, in add_game
    con.execute("""
    ~~~~~~~~~~~^^^^
        INSERT INTO games (
        ^^^^^^^^^^^^^^^^^^^
    ...<14 lines>...
        str(game.config_path) if game.config_path else None,
        ^^^^^^^^^^^^^^^^^^^^^^^^^^^^^^^^^^^^^^^^^^^^^^^^^^^^
    ))
    ^^
sqlite3.ProgrammingError: Error binding parameter 1: type 'Platform' is not supported
2026-08-18 02:03:53,889 [ERROR] xenia_manager: Failed to add game: Xbox360Game(game_id='58411408', title='Castlevania: Lords of Shadow - Mirror of Fate HD', platform=<Platform.XBOX360: 'Xbox360'>, config_path=None, favourite=False, last_played=None, play_count=0, play_time=0, emulator='xenia', emulator_version=None, discs=[GameDisc(media_id=None, file_path=WindowsPath('D:/roms/xbox360/58411408/000D0000/3D431C3F7792E74D4F425CABE26417900017A3FD58'), disc_count=1, disc_type='DVD', disc_swap_required=False, disc_number=1, label=None)])
Error: Error binding parameter 1: type 'Platform' is not supported
Traceback (most recent call last):
  File "C:\PycharmProjects\xenia-game-manager\src\db.py", line 1049, in import_games_from_source
    self.add_game(game)
    ~~~~~~~~~~~~~^^^^^^
  File "C:\PycharmProjects\xenia-game-manager\src\db.py", line 1081, in add_game
    con.execute("""
    ~~~~~~~~~~~^^^^
        INSERT INTO games (
        ^^^^^^^^^^^^^^^^^^^
    ...<14 lines>...
        str(game.config_path) if game.config_path else None,
        ^^^^^^^^^^^^^^^^^^^^^^^^^^^^^^^^^^^^^^^^^^^^^^^^^^^^
    ))
    ^^
sqlite3.ProgrammingError: Error binding parameter 1: type 'Platform' is not supported
2026-08-18 02:03:53,891 [ERROR] xenia_manager: Failed to add game: Xbox360Game(game_id='58411489', title='JUJU', platform=<Platform.XBOX360: 'Xbox360'>, config_path=None, favourite=False, last_played=None, play_count=0, play_time=0, emulator='xenia', emulator_version=None, discs=[GameDisc(media_id=None, file_path=WindowsPath('C:/PycharmProjects/xenia-game-manager/src/downloads/XBLA/JUJU (World) (XBLA)/58411489/000D0000/83D056A4D7AC3E6A4391C42C742E1EAD103F8A9558'), disc_count=1, disc_type='DVD', disc_swap_required=False, disc_number=1, label=None)])
Error: Error binding parameter 1: type 'Platform' is not supported
Traceback (most recent call last):
  File "C:\PycharmProjects\xenia-game-manager\src\db.py", line 1049, in import_games_from_source
    self.add_game(game)
    ~~~~~~~~~~~~~^^^^^^
  File "C:\PycharmProjects\xenia-game-manager\src\db.py", line 1081, in add_game
    con.execute("""
    ~~~~~~~~~~~^^^^
        INSERT INTO games (
        ^^^^^^^^^^^^^^^^^^^
    ...<14 lines>...
        str(game.config_path) if game.config_path else None,
        ^^^^^^^^^^^^^^^^^^^^^^^^^^^^^^^^^^^^^^^^^^^^^^^^^^^^
    ))
    ^^
sqlite3.ProgrammingError: Error binding parameter 1: type 'Platform' is not supported
2026-08-18 02:03:53,892 [ERROR] xenia_manager: Failed to add game: Xbox360Game(game_id='584114BB', title='Batman', platform=<Platform.XBOX360: 'Xbox360'>, config_path=None, favourite=False, last_played=None, play_count=0, play_time=0, emulator='xenia', emulator_version=None, discs=[GameDisc(media_id=None, file_path=WindowsPath('D:/roms/xbox360/584114BB/000D0000/B8BF6DC2B347E7E7D6FAC59A0620BBBB61457E6358'), disc_count=1, disc_type='DVD', disc_swap_required=False, disc_number=1, label=None)])
Error: Error binding parameter 1: type 'Platform' is not supported
Traceback (most recent call last):
  File "C:\PycharmProjects\xenia-game-manager\src\db.py", line 1049, in import_games_from_source
    self.add_game(game)
    ~~~~~~~~~~~~~^^^^^^
  File "C:\PycharmProjects\xenia-game-manager\src\db.py", line 1081, in add_game
    con.execute("""
    ~~~~~~~~~~~^^^^
        INSERT INTO games (
        ^^^^^^^^^^^^^^^^^^^
    ...<14 lines>...
        str(game.config_path) if game.config_path else None,
        ^^^^^^^^^^^^^^^^^^^^^^^^^^^^^^^^^^^^^^^^^^^^^^^^^^^^
    ))
    ^^
sqlite3.ProgrammingError: Error binding parameter 1: type 'Platform' is not supported
2026-08-18 02:03:53,894 [ERROR] xenia_manager: Failed to add game: Xbox360Game(game_id='FFED2000', title='ExpansionInstaller.exe (30672AE2)', platform=<Platform.XBOX360: 'Xbox360'>, config_path=None, favourite=False, last_played=None, play_count=0, play_time=0, emulator='xenia', emulator_version=None, discs=[GameDisc(media_id=None, file_path=WindowsPath('H:/roms/xbox360/Fallout - New Vegas - Ultimate Edition (USA) (Disc 2).iso'), disc_count=1, disc_type='DVD', disc_swap_required=False, disc_number=1, label=None)])
Error: Error binding parameter 1: type 'Platform' is not supported
Traceback (most recent call last):
  File "C:\PycharmProjects\xenia-game-manager\src\db.py", line 1049, in import_games_from_source
    self.add_game(game)
    ~~~~~~~~~~~~~^^^^^^
  File "C:\PycharmProjects\xenia-game-manager\src\db.py", line 1081, in add_game
    con.execute("""
    ~~~~~~~~~~~^^^^
        INSERT INTO games (
        ^^^^^^^^^^^^^^^^^^^
    ...<14 lines>...
        str(game.config_path) if game.config_path else None,
        ^^^^^^^^^^^^^^^^^^^^^^^^^^^^^^^^^^^^^^^^^^^^^^^^^^^^
    ))
    ^^
sqlite3.ProgrammingError: Error binding parameter 1: type 'Platform' is not supported
2026-08-18 02:03:53,895 [ERROR] xenia_manager: Failed to add game: Xbox360Game(game_id='FFED2000', title='ExpansionInstaller.exe (5749C425)', platform=<Platform.XBOX360: 'Xbox360'>, config_path=None, favourite=False, last_played=None, play_count=0, play_time=0, emulator='xenia', emulator_version=None, discs=[GameDisc(media_id=None, file_path=WindowsPath('H:/roms/xbox360/Fallout 3 - Game of the Year Edition (USA, Europe) (Disc 2).iso'), disc_count=1, disc_type='DVD', disc_swap_required=False, disc_number=1, label=None)])
Error: Error binding parameter 1: type 'Platform' is not supported
Traceback (most recent call last):
  File "C:\PycharmProjects\xenia-game-manager\src\db.py", line 1049, in import_games_from_source
    self.add_game(game)
    ~~~~~~~~~~~~~^^^^^^
  File "C:\PycharmProjects\xenia-game-manager\src\db.py", line 1081, in add_game
    con.execute("""
    ~~~~~~~~~~~^^^^
        INSERT INTO games (
        ^^^^^^^^^^^^^^^^^^^
    ...<14 lines>...
        str(game.config_path) if game.config_path else None,
        ^^^^^^^^^^^^^^^^^^^^^^^^^^^^^^^^^^^^^^^^^^^^^^^^^^^^
    ))
    ^^
sqlite3.ProgrammingError: Error binding parameter 1: type 'Platform' is not supported
2026-08-18 02:03:53,896 [WARNING] xenia_manager: Failed to add 272 of 272 games
2026-08-18 02:04:01,967 [ERROR] xenia_manager: Failed to add game: Xbox360Game(game_id='414B07D1', title='A-Train Hx', platform=<Platform.XBOX360: 'Xbox360'>, config_path=WindowsPath('Emulators/Xenia Canary/config/A-Train HX.config.toml'), favourite=False, last_played=None, play_count=0, play_time=12.700676306666667, emulator='xenia', emulator_version='Canary', discs=[GameDisc(media_id='4B908A09', file_path=WindowsPath('H:/roms/xbox360/A-Train HX (Europe) (En,Fr,De,Es,It).iso'), disc_count=1, disc_type='DVD', disc_swap_required=False, disc_number=1, label=None)])
Error: Error binding parameter 1: type 'Platform' is not supported
Traceback (most recent call last):
  File "C:\PycharmProjects\xenia-game-manager\src\db.py", line 1049, in import_games_from_source
    self.add_game(game)
    ~~~~~~~~~~~~~^^^^^^
  File "C:\PycharmProjects\xenia-game-manager\src\db.py", line 1081, in add_game
    con.execute("""
    ~~~~~~~~~~~^^^^
        INSERT INTO games (
        ^^^^^^^^^^^^^^^^^^^
    ...<14 lines>...
        str(game.config_path) if game.config_path else None,
        ^^^^^^^^^^^^^^^^^^^^^^^^^^^^^^^^^^^^^^^^^^^^^^^^^^^^
    ))
    ^^
sqlite3.ProgrammingError: Error binding parameter 1: type 'Platform' is not supported
2026-08-18 02:04:01,970 [ERROR] xenia_manager: Failed to add game: Xbox360Game(game_id='465307DA', title='Ac for Answer', platform=<Platform.XBOX360: 'Xbox360'>, config_path=WindowsPath('Emulators/Xenia Canary/config/AC for Answer.config.toml'), favourite=False, last_played=None, play_count=0, play_time=0, emulator='xenia', emulator_version='Canary', discs=[GameDisc(media_id='70EAE4AC', file_path=WindowsPath('H:/roms/xbox360/Armored Core - For Answer.iso'), disc_count=1, disc_type='DVD', disc_swap_required=False, disc_number=1, label=None)])
Error: Error binding parameter 1: type 'Platform' is not supported
Traceback (most recent call last):
  File "C:\PycharmProjects\xenia-game-manager\src\db.py", line 1049, in import_games_from_source
    self.add_game(game)
    ~~~~~~~~~~~~~^^^^^^
  File "C:\PycharmProjects\xenia-game-manager\src\db.py", line 1081, in add_game
    con.execute("""
    ~~~~~~~~~~~^^^^
        INSERT INTO games (
        ^^^^^^^^^^^^^^^^^^^
    ...<14 lines>...
        str(game.config_path) if game.config_path else None,
        ^^^^^^^^^^^^^^^^^^^^^^^^^^^^^^^^^^^^^^^^^^^^^^^^^^^^
    ))
    ^^
sqlite3.ProgrammingError: Error binding parameter 1: type 'Platform' is not supported
2026-08-18 02:04:01,972 [ERROR] xenia_manager: Failed to add game: Xbox360Game(game_id='4E4D07D1', title='Ace Combat 6 Fires of Liberation', platform=<Platform.XBOX360: 'Xbox360'>, config_path=WindowsPath('Emulators/Xenia Canary/config/ACE COMBAT 6 Fires of Liberation.config.toml'), favourite=False, last_played=None, play_count=0, play_time=0, emulator='xenia', emulator_version='Canary', discs=[GameDisc(media_id='0379EFB3', file_path=WindowsPath('H:/roms/xbox360/Ace Combat 6 - Fires of Liberation (Europe) (En,Fr,De,Es,It) (Rev 1).zar'), disc_count=1, disc_type='DVD', disc_swap_required=False, disc_number=1, label=None)])
Error: Error binding parameter 1: type 'Platform' is not supported
Traceback (most recent call last):
  File "C:\PycharmProjects\xenia-game-manager\src\db.py", line 1049, in import_games_from_source
    self.add_game(game)
    ~~~~~~~~~~~~~^^^^^^
  File "C:\PycharmProjects\xenia-game-manager\src\db.py", line 1081, in add_game
    con.execute("""
    ~~~~~~~~~~~^^^^
        INSERT INTO games (
        ^^^^^^^^^^^^^^^^^^^
    ...<14 lines>...
        str(game.config_path) if game.config_path else None,
        ^^^^^^^^^^^^^^^^^^^^^^^^^^^^^^^^^^^^^^^^^^^^^^^^^^^^
    ))
    ^^
sqlite3.ProgrammingError: Error binding parameter 1: type 'Platform' is not supported
2026-08-18 02:04:01,974 [ERROR] xenia_manager: Failed to add game: Xbox360Game(game_id='4E4D081C', title='Ace Combat Assault Horizon', platform=<Platform.XBOX360: 'Xbox360'>, config_path=WindowsPath('Emulators/Xenia Canary/config/ACE COMBAT ASSAULT HORIZON.config.toml'), favourite=False, last_played=None, play_count=0, play_time=0, emulator='xenia', emulator_version='Canary', discs=[GameDisc(media_id='3D527684', file_path=WindowsPath('H:/roms/xbox360/Ace Combat - Assault Horizon (Europe) (En,Fr,De,Es,It).zar'), disc_count=1, disc_type='DVD', disc_swap_required=False, disc_number=1, label=None)])
Error: Error binding parameter 1: type 'Platform' is not supported
Traceback (most recent call last):
  File "C:\PycharmProjects\xenia-game-manager\src\db.py", line 1049, in import_games_from_source
    self.add_game(game)
    ~~~~~~~~~~~~~^^^^^^
  File "C:\PycharmProjects\xenia-game-manager\src\db.py", line 1081, in add_game
    con.execute("""
    ~~~~~~~~~~~^^^^
        INSERT INTO games (
        ^^^^^^^^^^^^^^^^^^^
    ...<14 lines>...
        str(game.config_path) if game.config_path else None,
        ^^^^^^^^^^^^^^^^^^^^^^^^^^^^^^^^^^^^^^^^^^^^^^^^^^^^
    ))
    ^^
sqlite3.ProgrammingError: Error binding parameter 1: type 'Platform' is not supported
2026-08-18 02:04:01,977 [ERROR] xenia_manager: Failed to add game: Xbox360Game(game_id='58410A5C', title='Adventures of Shuggy', platform=<Platform.XBOX360: 'Xbox360'>, config_path=WindowsPath('Emulators/Xenia Canary/config/Adventures of Shuggy.config.toml'), favourite=False, last_played=None, play_count=0, play_time=0, emulator='xenia', emulator_version='Canary', discs=[GameDisc(media_id='56A05058', file_path=WindowsPath('F:/xbox360/58410A5C/000D0000/86E8A55A767E0DC40090CFFA1EBCCE9C593E9D9158'), disc_count=1, disc_type='XBLA', disc_swap_required=False, disc_number=1, label=None)])
Error: Error binding parameter 1: type 'Platform' is not supported
Traceback (most recent call last):
  File "C:\PycharmProjects\xenia-game-manager\src\db.py", line 1049, in import_games_from_source
    self.add_game(game)
    ~~~~~~~~~~~~~^^^^^^
  File "C:\PycharmProjects\xenia-game-manager\src\db.py", line 1081, in add_game
    con.execute("""
    ~~~~~~~~~~~^^^^
        INSERT INTO games (
        ^^^^^^^^^^^^^^^^^^^
    ...<14 lines>...
        str(game.config_path) if game.config_path else None,
        ^^^^^^^^^^^^^^^^^^^^^^^^^^^^^^^^^^^^^^^^^^^^^^^^^^^^
    ))
    ^^
sqlite3.ProgrammingError: Error binding parameter 1: type 'Platform' is not supported
2026-08-18 02:04:01,979 [ERROR] xenia_manager: Failed to add game: Xbox360Game(game_id='4E4D07D8', title='Afro Samurai', platform=<Platform.XBOX360: 'Xbox360'>, config_path=WindowsPath('Emulators/Xenia Canary/config/AFRO SAMURAI.config.toml'), favourite=False, last_played=None, play_count=0, play_time=0, emulator='xenia', emulator_version='Canary', discs=[GameDisc(media_id='4EFD55C4', file_path=WindowsPath('H:/roms/xbox360/Afro Samurai (Europe) (En,Fr,Es,It).zar'), disc_count=1, disc_type='DVD', disc_swap_required=False, disc_number=1, label=None)])
Error: Error binding parameter 1: type 'Platform' is not supported
Traceback (most recent call last):
  File "C:\PycharmProjects\xenia-game-manager\src\db.py", line 1049, in import_games_from_source
    self.add_game(game)
    ~~~~~~~~~~~~~^^^^^^
  File "C:\PycharmProjects\xenia-game-manager\src\db.py", line 1081, in add_game
    con.execute("""
    ~~~~~~~~~~~^^^^
        INSERT INTO games (
        ^^^^^^^^^^^^^^^^^^^
    ...<14 lines>...
        str(game.config_path) if game.config_path else None,
        ^^^^^^^^^^^^^^^^^^^^^^^^^^^^^^^^^^^^^^^^^^^^^^^^^^^^
    ))
    ^^
sqlite3.ProgrammingError: Error binding parameter 1: type 'Platform' is not supported
2026-08-18 02:04:01,982 [ERROR] xenia_manager: Failed to add game: Xbox360Game(game_id='58410A06', title='AFTER BURNER CLIMAX', platform=<Platform.XBOX360: 'Xbox360'>, config_path=WindowsPath('Emulators/Xenia Canary/config/AFTER BURNER CLIMAX.config.toml'), favourite=False, last_played=None, play_count=0, play_time=5.780132953333333, emulator='xenia', emulator_version='Canary', discs=[GameDisc(media_id='00000000', file_path=WindowsPath('F:/xbox360/58410A06/000D0000/6840ACC01BAE9B0EBB40F577349428B04B9042A958'), disc_count=1, disc_type='XBLA', disc_swap_required=False, disc_number=1, label=None)])
Error: Error binding parameter 1: type 'Platform' is not supported
Traceback (most recent call last):
  File "C:\PycharmProjects\xenia-game-manager\src\db.py", line 1049, in import_games_from_source
    self.add_game(game)
    ~~~~~~~~~~~~~^^^^^^
  File "C:\PycharmProjects\xenia-game-manager\src\db.py", line 1081, in add_game
    con.execute("""
    ~~~~~~~~~~~^^^^
        INSERT INTO games (
        ^^^^^^^^^^^^^^^^^^^
    ...<14 lines>...
        str(game.config_path) if game.config_path else None,
        ^^^^^^^^^^^^^^^^^^^^^^^^^^^^^^^^^^^^^^^^^^^^^^^^^^^^
    ))
    ^^
sqlite3.ProgrammingError: Error binding parameter 1: type 'Platform' is not supported
2026-08-18 02:04:01,984 [ERROR] xenia_manager: Failed to add game: Xbox360Game(game_id='4B5907E0', title='Air Conflicts - Secret Wars', platform=<Platform.XBOX360: 'Xbox360'>, config_path=WindowsPath('Emulators/Xenia Canary/config/Air Conflicts - Secret Wars.config.toml'), favourite=False, last_played=None, play_count=0, play_time=0, emulator='xenia', emulator_version='Canary', discs=[GameDisc(media_id='0E449390', file_path=WindowsPath('H:/roms/xbox360/Air Conflicts - Secret Wars (USA).iso'), disc_count=1, disc_type='DVD', disc_swap_required=False, disc_number=1, label=None)])
Error: Error binding parameter 1: type 'Platform' is not supported
Traceback (most recent call last):
  File "C:\PycharmProjects\xenia-game-manager\src\db.py", line 1049, in import_games_from_source
    self.add_game(game)
    ~~~~~~~~~~~~~^^^^^^
  File "C:\PycharmProjects\xenia-game-manager\src\db.py", line 1081, in add_game
    con.execute("""
    ~~~~~~~~~~~^^^^
        INSERT INTO games (
        ^^^^^^^^^^^^^^^^^^^
    ...<14 lines>...
        str(game.config_path) if game.config_path else None,
        ^^^^^^^^^^^^^^^^^^^^^^^^^^^^^^^^^^^^^^^^^^^^^^^^^^^^
    ))
    ^^
sqlite3.ProgrammingError: Error binding parameter 1: type 'Platform' is not supported
2026-08-18 02:04:01,986 [ERROR] xenia_manager: Failed to add game: Xbox360Game(game_id='413307D9', title='Air Conflicts - Vietnam (USA, Europe)', platform=<Platform.XBOX360: 'Xbox360'>, config_path=WindowsPath('Emulators/Xenia Canary/config/Air Conflicts - Vietnam (USA, Europe).config.toml'), favourite=False, last_played=None, play_count=0, play_time=0, emulator='xenia', emulator_version='Canary', discs=[GameDisc(media_id='23A274D0', file_path=WindowsPath('H:/roms/xbox360/Air Conflicts - Vietnam (USA, Europe).iso'), disc_count=1, disc_type='DVD', disc_swap_required=False, disc_number=1, label=None)])
Error: Error binding parameter 1: type 'Platform' is not supported
Traceback (most recent call last):
  File "C:\PycharmProjects\xenia-game-manager\src\db.py", line 1049, in import_games_from_source
    self.add_game(game)
    ~~~~~~~~~~~~~^^^^^^
  File "C:\PycharmProjects\xenia-game-manager\src\db.py", line 1081, in add_game
    con.execute("""
    ~~~~~~~~~~~^^^^
        INSERT INTO games (
        ^^^^^^^^^^^^^^^^^^^
    ...<14 lines>...
        str(game.config_path) if game.config_path else None,
        ^^^^^^^^^^^^^^^^^^^^^^^^^^^^^^^^^^^^^^^^^^^^^^^^^^^^
    ))
    ^^
sqlite3.ProgrammingError: Error binding parameter 1: type 'Platform' is not supported
2026-08-18 02:04:01,988 [ERROR] xenia_manager: Failed to add game: Xbox360Game(game_id='413307D6', title='Air Conflicts Pacific Carriers', platform=<Platform.XBOX360: 'Xbox360'>, config_path=WindowsPath('Emulators/Xenia Canary/config/Air Conflicts Pacific Carriers.config.toml'), favourite=False, last_played=None, play_count=0, play_time=0, emulator='xenia', emulator_version='Canary', discs=[GameDisc(media_id='480C18C4', file_path=WindowsPath('H:/roms/xbox360/Air Conflicts - Pacific Carriers (Europe).zar'), disc_count=1, disc_type='DVD', disc_swap_required=False, disc_number=1, label=None)])
Error: Error binding parameter 1: type 'Platform' is not supported
Traceback (most recent call last):
  File "C:\PycharmProjects\xenia-game-manager\src\db.py", line 1049, in import_games_from_source
    self.add_game(game)
    ~~~~~~~~~~~~~^^^^^^
  File "C:\PycharmProjects\xenia-game-manager\src\db.py", line 1081, in add_game
    con.execute("""
    ~~~~~~~~~~~^^^^
        INSERT INTO games (
        ^^^^^^^^^^^^^^^^^^^
    ...<14 lines>...
        str(game.config_path) if game.config_path else None,
        ^^^^^^^^^^^^^^^^^^^^^^^^^^^^^^^^^^^^^^^^^^^^^^^^^^^^
    ))
    ^^
sqlite3.ProgrammingError: Error binding parameter 1: type 'Platform' is not supported
2026-08-18 02:04:01,990 [ERROR] xenia_manager: Failed to add game: Xbox360Game(game_id='4D530805', title='Alan Wake', platform=<Platform.XBOX360: 'Xbox360'>, config_path=WindowsPath('Emulators/Xenia Canary/config/Alan Wake.config.toml'), favourite=False, last_played=None, play_count=0, play_time=502.73606158999996, emulator='xenia', emulator_version='Canary', discs=[GameDisc(media_id='54E34DF4', file_path=WindowsPath('H:/roms/xbox360/Alan Wake (World) (En,Ja,Fr,De,Es,It,Zh,Ko,Pl,Ru).zar'), disc_count=1, disc_type='DVD', disc_swap_required=False, disc_number=1, label=None)])
Error: Error binding parameter 1: type 'Platform' is not supported
Traceback (most recent call last):
  File "C:\PycharmProjects\xenia-game-manager\src\db.py", line 1049, in import_games_from_source
    self.add_game(game)
    ~~~~~~~~~~~~~^^^^^^
  File "C:\PycharmProjects\xenia-game-manager\src\db.py", line 1081, in add_game
    con.execute("""
    ~~~~~~~~~~~^^^^
        INSERT INTO games (
        ^^^^^^^^^^^^^^^^^^^
    ...<14 lines>...
        str(game.config_path) if game.config_path else None,
        ^^^^^^^^^^^^^^^^^^^^^^^^^^^^^^^^^^^^^^^^^^^^^^^^^^^^
    ))
    ^^
sqlite3.ProgrammingError: Error binding parameter 1: type 'Platform' is not supported
2026-08-18 02:04:01,993 [ERROR] xenia_manager: Failed to add game: Xbox360Game(game_id='58411233', title='Alan Wakes American Nightmare', platform=<Platform.XBOX360: 'Xbox360'>, config_path=WindowsPath('Emulators/Xenia Canary/config/Alan Wakes American Nightmare.config.toml'), favourite=False, last_played=None, play_count=0, play_time=2.0467618316666667, emulator='xenia', emulator_version='Canary', discs=[GameDisc(media_id='78B89007', file_path=WindowsPath('D:/roms/xbox360/58411233/000D0000/10B9122134DE13D8B85827EBC29CBB6396E314BC58'), disc_count=1, disc_type='XBLA', disc_swap_required=False, disc_number=1, label=None)])
Error: Error binding parameter 1: type 'Platform' is not supported
Traceback (most recent call last):
  File "C:\PycharmProjects\xenia-game-manager\src\db.py", line 1049, in import_games_from_source
    self.add_game(game)
    ~~~~~~~~~~~~~^^^^^^
  File "C:\PycharmProjects\xenia-game-manager\src\db.py", line 1081, in add_game
    con.execute("""
    ~~~~~~~~~~~^^^^
        INSERT INTO games (
        ^^^^^^^^^^^^^^^^^^^
    ...<14 lines>...
        str(game.config_path) if game.config_path else None,
        ^^^^^^^^^^^^^^^^^^^^^^^^^^^^^^^^^^^^^^^^^^^^^^^^^^^^
    ))
    ^^
sqlite3.ProgrammingError: Error binding parameter 1: type 'Platform' is not supported
2026-08-18 02:04:01,995 [ERROR] xenia_manager: Failed to add game: Xbox360Game(game_id='45410916', title='Alice Madness Returns', platform=<Platform.XBOX360: 'Xbox360'>, config_path=WindowsPath('Emulators/Xenia Canary/config/Alice Madness Returns.config.toml'), favourite=False, last_played=None, play_count=0, play_time=0, emulator='xenia', emulator_version='Canary', discs=[GameDisc(media_id='31C4B45C', file_path=WindowsPath('H:/roms/xbox360/Alice - Madness Returns (USA, Europe) (En,Fr,De,Es,It).zar'), disc_count=1, disc_type='DVD', disc_swap_required=False, disc_number=1, label=None)])
Error: Error binding parameter 1: type 'Platform' is not supported
Traceback (most recent call last):
  File "C:\PycharmProjects\xenia-game-manager\src\db.py", line 1049, in import_games_from_source
    self.add_game(game)
    ~~~~~~~~~~~~~^^^^^^
  File "C:\PycharmProjects\xenia-game-manager\src\db.py", line 1081, in add_game
    con.execute("""
    ~~~~~~~~~~~^^^^
        INSERT INTO games (
        ^^^^^^^^^^^^^^^^^^^
    ...<14 lines>...
        str(game.config_path) if game.config_path else None,
        ^^^^^^^^^^^^^^^^^^^^^^^^^^^^^^^^^^^^^^^^^^^^^^^^^^^^
    ))
    ^^
sqlite3.ProgrammingError: Error binding parameter 1: type 'Platform' is not supported
2026-08-18 02:04:01,997 [ERROR] xenia_manager: Failed to add game: Xbox360Game(game_id='5345085E', title='Alien - Isolation (Disc 1) (Installation Disc)', platform=<Platform.XBOX360: 'Xbox360'>, config_path=WindowsPath('Emulators/Xenia Canary/config/Alien - Isolation (Disc 1) (Installation Disc).config.toml'), favourite=False, last_played=None, play_count=0, play_time=2.56893993, emulator='xenia', emulator_version='Canary', discs=[GameDisc(media_id='6C4728D7', file_path=WindowsPath('H:/roms/xbox360/Alien - Isolation (USA, Europe) (En,Fr,De,Es,It,Pt,Pl,Ru) (Disc 1) (Installation Disc).iso'), disc_count=1, disc_type='DVD', disc_swap_required=False, disc_number=1, label=None)])
Error: Error binding parameter 1: type 'Platform' is not supported
Traceback (most recent call last):
  File "C:\PycharmProjects\xenia-game-manager\src\db.py", line 1049, in import_games_from_source
    self.add_game(game)
    ~~~~~~~~~~~~~^^^^^^
  File "C:\PycharmProjects\xenia-game-manager\src\db.py", line 1081, in add_game
    con.execute("""
    ~~~~~~~~~~~^^^^
        INSERT INTO games (
        ^^^^^^^^^^^^^^^^^^^
    ...<14 lines>...
        str(game.config_path) if game.config_path else None,
        ^^^^^^^^^^^^^^^^^^^^^^^^^^^^^^^^^^^^^^^^^^^^^^^^^^^^
    ))
    ^^
sqlite3.ProgrammingError: Error binding parameter 1: type 'Platform' is not supported
2026-08-18 02:04:01,998 [ERROR] xenia_manager: Failed to add game: Xbox360Game(game_id='58410A22', title='Alien Breed 2 Assault', platform=<Platform.XBOX360: 'Xbox360'>, config_path=WindowsPath('Emulators/Xenia Canary/config/Alien Breed 2 Assault.config.toml'), favourite=False, last_played=None, play_count=0, play_time=2.7776933816666665, emulator='xenia', emulator_version='Canary', discs=[GameDisc(media_id='04AF61CE', file_path=WindowsPath('D:/roms/xbox360/58410A22/000D0000/58410A2200000000'), disc_count=1, disc_type='XBLA', disc_swap_required=False, disc_number=1, label=None)])
Error: Error binding parameter 1: type 'Platform' is not supported
Traceback (most recent call last):
  File "C:\PycharmProjects\xenia-game-manager\src\db.py", line 1049, in import_games_from_source
    self.add_game(game)
    ~~~~~~~~~~~~~^^^^^^
  File "C:\PycharmProjects\xenia-game-manager\src\db.py", line 1081, in add_game
    con.execute("""
    ~~~~~~~~~~~^^^^
        INSERT INTO games (
        ^^^^^^^^^^^^^^^^^^^
    ...<14 lines>...
        str(game.config_path) if game.config_path else None,
        ^^^^^^^^^^^^^^^^^^^^^^^^^^^^^^^^^^^^^^^^^^^^^^^^^^^^
    ))
    ^^
sqlite3.ProgrammingError: Error binding parameter 1: type 'Platform' is not supported
2026-08-18 02:04:02,000 [ERROR] xenia_manager: Failed to add game: Xbox360Game(game_id='58410AA3', title='Alien Breed 3 Descent', platform=<Platform.XBOX360: 'Xbox360'>, config_path=WindowsPath('Emulators/Xenia Canary/config/Alien Breed 3 Descent.config.toml'), favourite=False, last_played=None, play_count=0, play_time=55.658868389999995, emulator='xenia', emulator_version='Canary', discs=[GameDisc(media_id='5E632CAC', file_path=WindowsPath('D:/roms/xbox360/58410AA3/000D0000/58410AA300000000'), disc_count=1, disc_type='XBLA', disc_swap_required=False, disc_number=1, label=None)])
Error: Error binding parameter 1: type 'Platform' is not supported
Traceback (most recent call last):
  File "C:\PycharmProjects\xenia-game-manager\src\db.py", line 1049, in import_games_from_source
    self.add_game(game)
    ~~~~~~~~~~~~~^^^^^^
  File "C:\PycharmProjects\xenia-game-manager\src\db.py", line 1081, in add_game
    con.execute("""
    ~~~~~~~~~~~^^^^
        INSERT INTO games (
        ^^^^^^^^^^^^^^^^^^^
    ...<14 lines>...
        str(game.config_path) if game.config_path else None,
        ^^^^^^^^^^^^^^^^^^^^^^^^^^^^^^^^^^^^^^^^^^^^^^^^^^^^
    ))
    ^^
sqlite3.ProgrammingError: Error binding parameter 1: type 'Platform' is not supported
2026-08-18 02:04:02,002 [ERROR] xenia_manager: Failed to add game: Xbox360Game(game_id='58410964', title='Alien Breed Episode 1', platform=<Platform.XBOX360: 'Xbox360'>, config_path=WindowsPath('Emulators/Xenia Canary/config/Alien Breed Episode 1.config.toml'), favourite=False, last_played=None, play_count=0, play_time=86.33035835166666, emulator='xenia', emulator_version='Canary', discs=[GameDisc(media_id='4004D622', file_path=WindowsPath('D:/roms/xbox360/58410964/000D0000/083833CC99CEE294786FBDFE8E89ACFE48C3B44B58'), disc_count=1, disc_type='XBLA', disc_swap_required=False, disc_number=1, label=None)])
Error: Error binding parameter 1: type 'Platform' is not supported
Traceback (most recent call last):
  File "C:\PycharmProjects\xenia-game-manager\src\db.py", line 1049, in import_games_from_source
    self.add_game(game)
    ~~~~~~~~~~~~~^^^^^^
  File "C:\PycharmProjects\xenia-game-manager\src\db.py", line 1081, in add_game
    con.execute("""
    ~~~~~~~~~~~^^^^
        INSERT INTO games (
        ^^^^^^^^^^^^^^^^^^^
    ...<14 lines>...
        str(game.config_path) if game.config_path else None,
        ^^^^^^^^^^^^^^^^^^^^^^^^^^^^^^^^^^^^^^^^^^^^^^^^^^^^
    ))
    ^^
sqlite3.ProgrammingError: Error binding parameter 1: type 'Platform' is not supported
2026-08-18 02:04:02,004 [ERROR] xenia_manager: Failed to add game: Xbox360Game(game_id='5345082A', title='Aliens vs Predator', platform=<Platform.XBOX360: 'Xbox360'>, config_path=WindowsPath('Emulators/Xenia Canary/config/Aliens vs Predator.config.toml'), favourite=False, last_played=None, play_count=0, play_time=6.910634333333333, emulator='xenia', emulator_version='Canary', discs=[GameDisc(media_id='5C19C70F', file_path=WindowsPath('H:/roms/xbox360/Aliens vs. Predator (USA, Europe) (En,Fr,De,Es,It).iso'), disc_count=1, disc_type='DVD', disc_swap_required=False, disc_number=1, label=None)])
Error: Error binding parameter 1: type 'Platform' is not supported
Traceback (most recent call last):
  File "C:\PycharmProjects\xenia-game-manager\src\db.py", line 1049, in import_games_from_source
    self.add_game(game)
    ~~~~~~~~~~~~~^^^^^^
  File "C:\PycharmProjects\xenia-game-manager\src\db.py", line 1081, in add_game
    con.execute("""
    ~~~~~~~~~~~^^^^
        INSERT INTO games (
        ^^^^^^^^^^^^^^^^^^^
    ...<14 lines>...
        str(game.config_path) if game.config_path else None,
        ^^^^^^^^^^^^^^^^^^^^^^^^^^^^^^^^^^^^^^^^^^^^^^^^^^^^
    ))
    ^^
sqlite3.ProgrammingError: Error binding parameter 1: type 'Platform' is not supported
2026-08-18 02:04:02,006 [ERROR] xenia_manager: Failed to add game: Xbox360Game(game_id='5841095E', title='Ancients of Ooga', platform=<Platform.XBOX360: 'Xbox360'>, config_path=WindowsPath('Emulators/Xenia Canary/config/Ancients of Ooga.config.toml'), favourite=False, last_played=None, play_count=0, play_time=0, emulator='xenia', emulator_version='Canary', discs=[GameDisc(media_id='00000000', file_path=WindowsPath('D:/roms/xbox360/5841095E/000D0000/F4CDF5AAEC321884B39C59A778CF959ECCC45F8158'), disc_count=1, disc_type='XBLA', disc_swap_required=False, disc_number=1, label=None)])
Error: Error binding parameter 1: type 'Platform' is not supported
Traceback (most recent call last):
  File "C:\PycharmProjects\xenia-game-manager\src\db.py", line 1049, in import_games_from_source
    self.add_game(game)
    ~~~~~~~~~~~~~^^^^^^
  File "C:\PycharmProjects\xenia-game-manager\src\db.py", line 1081, in add_game
    con.execute("""
    ~~~~~~~~~~~^^^^
        INSERT INTO games (
        ^^^^^^^^^^^^^^^^^^^
    ...<14 lines>...
        str(game.config_path) if game.config_path else None,
        ^^^^^^^^^^^^^^^^^^^^^^^^^^^^^^^^^^^^^^^^^^^^^^^^^^^^
    ))
    ^^
sqlite3.ProgrammingError: Error binding parameter 1: type 'Platform' is not supported
2026-08-18 02:04:02,008 [ERROR] xenia_manager: Failed to add game: Xbox360Game(game_id='4156088B', title='Apache Air Assault', platform=<Platform.XBOX360: 'Xbox360'>, config_path=WindowsPath('Emulators/Xenia Canary/config/Apache Air Assault.config.toml'), favourite=False, last_played=None, play_count=0, play_time=10.553822716666666, emulator='xenia', emulator_version='Canary', discs=[GameDisc(media_id='089FC7A8', file_path=WindowsPath('H:/roms/xbox360/Apache - Air Assault (USA, Europe) (En,Fr,De,Es).iso'), disc_count=1, disc_type='DVD', disc_swap_required=False, disc_number=1, label=None)])
Error: Error binding parameter 1: type 'Platform' is not supported
Traceback (most recent call last):
  File "C:\PycharmProjects\xenia-game-manager\src\db.py", line 1049, in import_games_from_source
    self.add_game(game)
    ~~~~~~~~~~~~~^^^^^^
  File "C:\PycharmProjects\xenia-game-manager\src\db.py", line 1081, in add_game
    con.execute("""
    ~~~~~~~~~~~^^^^
        INSERT INTO games (
        ^^^^^^^^^^^^^^^^^^^
    ...<14 lines>...
        str(game.config_path) if game.config_path else None,
        ^^^^^^^^^^^^^^^^^^^^^^^^^^^^^^^^^^^^^^^^^^^^^^^^^^^^
    ))
    ^^
sqlite3.ProgrammingError: Error binding parameter 1: type 'Platform' is not supported
2026-08-18 02:04:02,011 [ERROR] xenia_manager: Failed to add game: Xbox360Game(game_id='58410991', title='ARKANOID Live', platform=<Platform.XBOX360: 'Xbox360'>, config_path=WindowsPath('Emulators/Xenia Canary/config/ARKANOID Live.config.toml'), favourite=False, last_played=None, play_count=0, play_time=0, emulator='xenia', emulator_version='Canary', discs=[GameDisc(media_id='3925C7A2', file_path=WindowsPath('D:/roms/xbox360/58410991/000D0000/542D23E02A6FD65DDB7767A07A151353F0DFFDE858'), disc_count=1, disc_type='XBLA', disc_swap_required=False, disc_number=1, label=None)])
Error: Error binding parameter 1: type 'Platform' is not supported
Traceback (most recent call last):
  File "C:\PycharmProjects\xenia-game-manager\src\db.py", line 1049, in import_games_from_source
    self.add_game(game)
    ~~~~~~~~~~~~~^^^^^^
  File "C:\PycharmProjects\xenia-game-manager\src\db.py", line 1081, in add_game
    con.execute("""
    ~~~~~~~~~~~^^^^
        INSERT INTO games (
        ^^^^^^^^^^^^^^^^^^^
    ...<14 lines>...
        str(game.config_path) if game.config_path else None,
        ^^^^^^^^^^^^^^^^^^^^^^^^^^^^^^^^^^^^^^^^^^^^^^^^^^^^
    ))
    ^^
sqlite3.ProgrammingError: Error binding parameter 1: type 'Platform' is not supported
2026-08-18 02:04:02,013 [ERROR] xenia_manager: Failed to add game: Xbox360Game(game_id='5553085D', title="Assassin's Creed - Brotherhood", platform=<Platform.XBOX360: 'Xbox360'>, config_path=WindowsPath("Emulators/Xenia Canary/config/Assassin's Creed - Brotherhood.config.toml"), favourite=False, last_played=None, play_count=0, play_time=45.47870752333333, emulator='xenia', emulator_version='Canary', discs=[GameDisc(media_id='6D88AE4F', file_path=WindowsPath("H:/roms/xbox360/Assassin's Creed - Brotherhood (USA, Europe) (En,Fr,De,Es,It,Nl,Pt,Sv,No,Da).iso"), disc_count=1, disc_type='DVD', disc_swap_required=False, disc_number=1, label=None)])
Error: Error binding parameter 1: type 'Platform' is not supported
Traceback (most recent call last):
  File "C:\PycharmProjects\xenia-game-manager\src\db.py", line 1049, in import_games_from_source
    self.add_game(game)
    ~~~~~~~~~~~~~^^^^^^
  File "C:\PycharmProjects\xenia-game-manager\src\db.py", line 1081, in add_game
    con.execute("""
    ~~~~~~~~~~~^^^^
        INSERT INTO games (
        ^^^^^^^^^^^^^^^^^^^
    ...<14 lines>...
        str(game.config_path) if game.config_path else None,
        ^^^^^^^^^^^^^^^^^^^^^^^^^^^^^^^^^^^^^^^^^^^^^^^^^^^^
    ))
    ^^
sqlite3.ProgrammingError: Error binding parameter 1: type 'Platform' is not supported
2026-08-18 02:04:02,015 [ERROR] xenia_manager: Failed to add game: Xbox360Game(game_id='584113FC', title='Assassins Creed III Liberation HD', platform=<Platform.XBOX360: 'Xbox360'>, config_path=WindowsPath('Emulators/Xenia Canary/config/Assassins Creed III Liberation HD.config.toml'), favourite=False, last_played=None, play_count=0, play_time=0, emulator='xenia', emulator_version='Canary', discs=[GameDisc(media_id='15859738', file_path=WindowsPath('D:/roms/xbox360/584113FC/000D0000/F6C1A31CC8D967315ECC5DD93D965252552CFDA858'), disc_count=1, disc_type='XBLA', disc_swap_required=False, disc_number=1, label=None)])
Error: Error binding parameter 1: type 'Platform' is not supported
Traceback (most recent call last):
  File "C:\PycharmProjects\xenia-game-manager\src\db.py", line 1049, in import_games_from_source
    self.add_game(game)
    ~~~~~~~~~~~~~^^^^^^
  File "C:\PycharmProjects\xenia-game-manager\src\db.py", line 1081, in add_game
    con.execute("""
    ~~~~~~~~~~~^^^^
        INSERT INTO games (
        ^^^^^^^^^^^^^^^^^^^
    ...<14 lines>...
        str(game.config_path) if game.config_path else None,
        ^^^^^^^^^^^^^^^^^^^^^^^^^^^^^^^^^^^^^^^^^^^^^^^^^^^^
    ))
    ^^
sqlite3.ProgrammingError: Error binding parameter 1: type 'Platform' is not supported
2026-08-18 02:04:02,017 [ERROR] xenia_manager: Failed to add game: Xbox360Game(game_id='5841084E', title='Asteroids & Asteroids Deluxe', platform=<Platform.XBOX360: 'Xbox360'>, config_path=WindowsPath('Emulators/Xenia Canary/config/Asteroids & Asteroids Deluxe.config.toml'), favourite=False, last_played=None, play_count=0, play_time=0, emulator='xenia', emulator_version='Canary', discs=[GameDisc(media_id='0C7DEB7B', file_path=WindowsPath('D:/roms/xbox360/5841084E/000D0000/CD3859AD0DA2CCA597B4C7883E0CF1EE1855BE2558'), disc_count=1, disc_type='XBLA', disc_swap_required=False, disc_number=3859, label=None)])
Error: Error binding parameter 1: type 'Platform' is not supported
Traceback (most recent call last):
  File "C:\PycharmProjects\xenia-game-manager\src\db.py", line 1049, in import_games_from_source
    self.add_game(game)
    ~~~~~~~~~~~~~^^^^^^
  File "C:\PycharmProjects\xenia-game-manager\src\db.py", line 1081, in add_game
    con.execute("""
    ~~~~~~~~~~~^^^^
        INSERT INTO games (
        ^^^^^^^^^^^^^^^^^^^
    ...<14 lines>...
        str(game.config_path) if game.config_path else None,
        ^^^^^^^^^^^^^^^^^^^^^^^^^^^^^^^^^^^^^^^^^^^^^^^^^^^^
    ))
    ^^
sqlite3.ProgrammingError: Error binding parameter 1: type 'Platform' is not supported
2026-08-18 02:04:02,020 [ERROR] xenia_manager: Failed to add game: Xbox360Game(game_id='5841084E', title='Asteroids & Asteroids Deluxe (1)', platform=<Platform.XBOX360: 'Xbox360'>, config_path=WindowsPath('Emulators/Xenia Canary/config/Asteroids & Asteroids Deluxe (1).config.toml'), favourite=False, last_played=None, play_count=0, play_time=0, emulator='xenia', emulator_version='Canary', discs=[GameDisc(media_id='0C7DEB7B', file_path=WindowsPath('F:/xbox360/5841084E/000D0000/CD3859AD0DA2CCA597B4C7883E0CF1EE1855BE2558'), disc_count=1, disc_type='XBLA', disc_swap_required=False, disc_number=3859, label=None)])
Error: Error binding parameter 1: type 'Platform' is not supported
Traceback (most recent call last):
  File "C:\PycharmProjects\xenia-game-manager\src\db.py", line 1049, in import_games_from_source
    self.add_game(game)
    ~~~~~~~~~~~~~^^^^^^
  File "C:\PycharmProjects\xenia-game-manager\src\db.py", line 1081, in add_game
    con.execute("""
    ~~~~~~~~~~~^^^^
        INSERT INTO games (
        ^^^^^^^^^^^^^^^^^^^
    ...<14 lines>...
        str(game.config_path) if game.config_path else None,
        ^^^^^^^^^^^^^^^^^^^^^^^^^^^^^^^^^^^^^^^^^^^^^^^^^^^^
    ))
    ^^
sqlite3.ProgrammingError: Error binding parameter 1: type 'Platform' is not supported
2026-08-18 02:04:02,022 [ERROR] xenia_manager: Failed to add game: Xbox360Game(game_id='58410954', title='Banjo-Kazooie (1)', platform=<Platform.XBOX360: 'Xbox360'>, config_path=WindowsPath('Emulators/Xenia Canary/config/Banjo-Kazooie (1).config.toml'), favourite=False, last_played=None, play_count=0, play_time=0, emulator='xenia', emulator_version='Canary', discs=[GameDisc(media_id='69C685B7', file_path=WindowsPath('D:/roms/xbox360/58410954/000D0000/DA78E477AA5E31A7D01AE8F84109FD4BF89E49E858'), disc_count=1, disc_type='XBLA', disc_swap_required=False, disc_number=1, label=None)])
Error: Error binding parameter 1: type 'Platform' is not supported
Traceback (most recent call last):
  File "C:\PycharmProjects\xenia-game-manager\src\db.py", line 1049, in import_games_from_source
    self.add_game(game)
    ~~~~~~~~~~~~~^^^^^^
  File "C:\PycharmProjects\xenia-game-manager\src\db.py", line 1081, in add_game
    con.execute("""
    ~~~~~~~~~~~^^^^
        INSERT INTO games (
        ^^^^^^^^^^^^^^^^^^^
    ...<14 lines>...
        str(game.config_path) if game.config_path else None,
        ^^^^^^^^^^^^^^^^^^^^^^^^^^^^^^^^^^^^^^^^^^^^^^^^^^^^
    ))
    ^^
sqlite3.ProgrammingError: Error binding parameter 1: type 'Platform' is not supported
2026-08-18 02:04:02,025 [ERROR] xenia_manager: Failed to add game: Xbox360Game(game_id='58410955', title='Banjo-Tooie (1)', platform=<Platform.XBOX360: 'Xbox360'>, config_path=WindowsPath('Emulators/Xenia Canary/config/Banjo-Tooie (1).config.toml'), favourite=False, last_played=None, play_count=0, play_time=0, emulator='xenia', emulator_version='Canary', discs=[GameDisc(media_id='65D27094', file_path=WindowsPath('D:/roms/xbox360/58410955/000D0000/ABB9CAB336175357D09F2D922735D23C62F90DDD58'), disc_count=1, disc_type='XBLA', disc_swap_required=False, disc_number=1, label=None)])
Error: Error binding parameter 1: type 'Platform' is not supported
Traceback (most recent call last):
  File "C:\PycharmProjects\xenia-game-manager\src\db.py", line 1049, in import_games_from_source
    self.add_game(game)
    ~~~~~~~~~~~~~^^^^^^
  File "C:\PycharmProjects\xenia-game-manager\src\db.py", line 1081, in add_game
    con.execute("""
    ~~~~~~~~~~~^^^^
        INSERT INTO games (
        ^^^^^^^^^^^^^^^^^^^
    ...<14 lines>...
        str(game.config_path) if game.config_path else None,
        ^^^^^^^^^^^^^^^^^^^^^^^^^^^^^^^^^^^^^^^^^^^^^^^^^^^^
    ))
    ^^
sqlite3.ProgrammingError: Error binding parameter 1: type 'Platform' is not supported
2026-08-18 02:04:02,028 [ERROR] xenia_manager: Failed to add game: Xbox360Game(game_id='584114BB', title='Batman The Telltale Series', platform=<Platform.XBOX360: 'Xbox360'>, config_path=WindowsPath('Emulators/Xenia Canary/config/Batman The Telltale Series.config.toml'), favourite=False, last_played=None, play_count=0, play_time=98.42764267333334, emulator='xenia', emulator_version='Canary', discs=[GameDisc(media_id='325C9464', file_path=WindowsPath('D:/roms/xbox360/584114BB/000D0000/B8BF6DC2B347E7E7D6FAC59A0620BBBB61457E6358'), disc_count=1, disc_type='XBLA', disc_swap_required=False, disc_number=1, label=None)])
Error: Error binding parameter 1: type 'Platform' is not supported
Traceback (most recent call last):
  File "C:\PycharmProjects\xenia-game-manager\src\db.py", line 1049, in import_games_from_source
    self.add_game(game)
    ~~~~~~~~~~~~~^^^^^^
  File "C:\PycharmProjects\xenia-game-manager\src\db.py", line 1081, in add_game
    con.execute("""
    ~~~~~~~~~~~^^^^
        INSERT INTO games (
        ^^^^^^^^^^^^^^^^^^^
    ...<14 lines>...
        str(game.config_path) if game.config_path else None,
        ^^^^^^^^^^^^^^^^^^^^^^^^^^^^^^^^^^^^^^^^^^^^^^^^^^^^
    ))
    ^^
sqlite3.ProgrammingError: Error binding parameter 1: type 'Platform' is not supported
2026-08-18 02:04:02,031 [ERROR] xenia_manager: Failed to add game: Xbox360Game(game_id='454108A8', title='Battlefield Bad Company 2', platform=<Platform.XBOX360: 'Xbox360'>, config_path=WindowsPath('Emulators/Xenia Canary/config/Battlefield Bad Company 2.config.toml'), favourite=False, last_played=None, play_count=0, play_time=0, emulator='xenia', emulator_version='Canary', discs=[GameDisc(media_id='30C4C914', file_path=WindowsPath('H:/roms/xbox360/Battlefield - Bad Company 2 (Europe) (En,Fr,De,Es,It,Pl,Ru) (Limited Edition).iso'), disc_count=1, disc_type='DVD', disc_swap_required=False, disc_number=1, label=None)])
Error: Error binding parameter 1: type 'Platform' is not supported
Traceback (most recent call last):
  File "C:\PycharmProjects\xenia-game-manager\src\db.py", line 1049, in import_games_from_source
    self.add_game(game)
    ~~~~~~~~~~~~~^^^^^^
  File "C:\PycharmProjects\xenia-game-manager\src\db.py", line 1081, in add_game
    con.execute("""
    ~~~~~~~~~~~^^^^
        INSERT INTO games (
        ^^^^^^^^^^^^^^^^^^^
    ...<14 lines>...
        str(game.config_path) if game.config_path else None,
        ^^^^^^^^^^^^^^^^^^^^^^^^^^^^^^^^^^^^^^^^^^^^^^^^^^^^
    ))
    ^^
sqlite3.ProgrammingError: Error binding parameter 1: type 'Platform' is not supported
2026-08-18 02:04:02,033 [ERROR] xenia_manager: Failed to add game: Xbox360Game(game_id='4D5307DF', title='Blue Dragon', platform=<Platform.XBOX360: 'Xbox360'>, config_path=WindowsPath('Emulators/Xenia Canary/config/Blue Dragon (Disc 1).config.toml'), favourite=False, last_played=None, play_count=0, play_time=94.60313032833334, emulator='xenia', emulator_version='Canary', discs=[GameDisc(media_id='2C1379F7', file_path=WindowsPath('H:/roms/xbox360/Blue Dragon (Europe) (En,De,Es) (Disc 1).iso'), disc_count=1, disc_type='DVD', disc_swap_required=False, disc_number=1, label=None)])
Error: Error binding parameter 1: type 'Platform' is not supported
Traceback (most recent call last):
  File "C:\PycharmProjects\xenia-game-manager\src\db.py", line 1049, in import_games_from_source
    self.add_game(game)
    ~~~~~~~~~~~~~^^^^^^
  File "C:\PycharmProjects\xenia-game-manager\src\db.py", line 1081, in add_game
    con.execute("""
    ~~~~~~~~~~~^^^^
        INSERT INTO games (
        ^^^^^^^^^^^^^^^^^^^
    ...<14 lines>...
        str(game.config_path) if game.config_path else None,
        ^^^^^^^^^^^^^^^^^^^^^^^^^^^^^^^^^^^^^^^^^^^^^^^^^^^^
    ))
    ^^
sqlite3.ProgrammingError: Error binding parameter 1: type 'Platform' is not supported
2026-08-18 02:04:02,036 [ERROR] xenia_manager: Failed to add game: Xbox360Game(game_id='4D5307DF', title='Blue Dragon', platform=<Platform.XBOX360: 'Xbox360'>, config_path=WindowsPath('Emulators/Xenia Canary/config/Blue Dragon (Disc 2).config.toml'), favourite=False, last_played=None, play_count=0, play_time=0, emulator='xenia', emulator_version='Canary', discs=[GameDisc(media_id='40ED67A4', file_path=WindowsPath('H:/roms/xbox360/Blue Dragon (Europe) (En,De,Es) (Disc 2).iso'), disc_count=1, disc_type='DVD', disc_swap_required=False, disc_number=2, label=None)])
Error: Error binding parameter 1: type 'Platform' is not supported
Traceback (most recent call last):
  File "C:\PycharmProjects\xenia-game-manager\src\db.py", line 1049, in import_games_from_source
    self.add_game(game)
    ~~~~~~~~~~~~~^^^^^^
  File "C:\PycharmProjects\xenia-game-manager\src\db.py", line 1081, in add_game
    con.execute("""
    ~~~~~~~~~~~^^^^
        INSERT INTO games (
        ^^^^^^^^^^^^^^^^^^^
    ...<14 lines>...
        str(game.config_path) if game.config_path else None,
        ^^^^^^^^^^^^^^^^^^^^^^^^^^^^^^^^^^^^^^^^^^^^^^^^^^^^
    ))
    ^^
sqlite3.ProgrammingError: Error binding parameter 1: type 'Platform' is not supported
2026-08-18 02:04:02,038 [ERROR] xenia_manager: Failed to add game: Xbox360Game(game_id='4D5307DF', title='Blue Dragon', platform=<Platform.XBOX360: 'Xbox360'>, config_path=WindowsPath('Emulators/Xenia Canary/config/Blue Dragon (Disc 3).config.toml'), favourite=False, last_played=None, play_count=0, play_time=0, emulator='xenia', emulator_version='Canary', discs=[GameDisc(media_id='15FBA864', file_path=WindowsPath('H:/roms/xbox360/Blue Dragon (Europe) (En,De,Es) (Disc 3).iso'), disc_count=1, disc_type='DVD', disc_swap_required=False, disc_number=3, label=None)])
Error: Error binding parameter 1: type 'Platform' is not supported
Traceback (most recent call last):
  File "C:\PycharmProjects\xenia-game-manager\src\db.py", line 1049, in import_games_from_source
    self.add_game(game)
    ~~~~~~~~~~~~~^^^^^^
  File "C:\PycharmProjects\xenia-game-manager\src\db.py", line 1081, in add_game
    con.execute("""
    ~~~~~~~~~~~^^^^
        INSERT INTO games (
        ^^^^^^^^^^^^^^^^^^^
    ...<14 lines>...
        str(game.config_path) if game.config_path else None,
        ^^^^^^^^^^^^^^^^^^^^^^^^^^^^^^^^^^^^^^^^^^^^^^^^^^^^
    ))
    ^^
sqlite3.ProgrammingError: Error binding parameter 1: type 'Platform' is not supported
2026-08-18 02:04:02,040 [ERROR] xenia_manager: Failed to add game: Xbox360Game(game_id='58410AF1', title='Boulder Dash-XL', platform=<Platform.XBOX360: 'Xbox360'>, config_path=WindowsPath('Emulators/Xenia Canary/config/Boulder Dash-XL.config.toml'), favourite=False, last_played=None, play_count=0, play_time=6.253909883333334, emulator='xenia', emulator_version='Canary', discs=[GameDisc(media_id='7420D77C', file_path=WindowsPath('D:/roms/xbox360/58410AF1/000D0000/F315723EF5C4D9A1696C3C35CE25C055DF6780FE58'), disc_count=1, disc_type='XBLA', disc_swap_required=False, disc_number=1, label=None)])
Error: Error binding parameter 1: type 'Platform' is not supported
Traceback (most recent call last):
  File "C:\PycharmProjects\xenia-game-manager\src\db.py", line 1049, in import_games_from_source
    self.add_game(game)
    ~~~~~~~~~~~~~^^^^^^
  File "C:\PycharmProjects\xenia-game-manager\src\db.py", line 1081, in add_game
    con.execute("""
    ~~~~~~~~~~~^^^^
        INSERT INTO games (
        ^^^^^^^^^^^^^^^^^^^
    ...<14 lines>...
        str(game.config_path) if game.config_path else None,
        ^^^^^^^^^^^^^^^^^^^^^^^^^^^^^^^^^^^^^^^^^^^^^^^^^^^^
    ))
    ^^
sqlite3.ProgrammingError: Error binding parameter 1: type 'Platform' is not supported
2026-08-18 02:04:02,043 [ERROR] xenia_manager: Failed to add game: Xbox360Game(game_id='584109B0', title='BUBBLE BOBBLE Neo', platform=<Platform.XBOX360: 'Xbox360'>, config_path=WindowsPath('Emulators/Xenia Canary/config/BUBBLE BOBBLE Neo.config.toml'), favourite=False, last_played=None, play_count=0, play_time=6.211548793333334, emulator='xenia', emulator_version='Canary', discs=[GameDisc(media_id='1376D30C', file_path=WindowsPath('D:/roms/xbox360/584109B0/000D0000/CF084D62A08FC7BF491F9D52DD49367522D9B79758'), disc_count=1, disc_type='XBLA', disc_swap_required=False, disc_number=1, label=None)])
Error: Error binding parameter 1: type 'Platform' is not supported
Traceback (most recent call last):
  File "C:\PycharmProjects\xenia-game-manager\src\db.py", line 1049, in import_games_from_source
    self.add_game(game)
    ~~~~~~~~~~~~~^^^^^^
  File "C:\PycharmProjects\xenia-game-manager\src\db.py", line 1081, in add_game
    con.execute("""
    ~~~~~~~~~~~^^^^
        INSERT INTO games (
        ^^^^^^^^^^^^^^^^^^^
    ...<14 lines>...
        str(game.config_path) if game.config_path else None,
        ^^^^^^^^^^^^^^^^^^^^^^^^^^^^^^^^^^^^^^^^^^^^^^^^^^^^
    ))
    ^^
sqlite3.ProgrammingError: Error binding parameter 1: type 'Platform' is not supported
2026-08-18 02:04:02,045 [ERROR] xenia_manager: Failed to add game: Xbox360Game(game_id='454108EF', title='Bulletstorm', platform=<Platform.XBOX360: 'Xbox360'>, config_path=WindowsPath('Emulators/Xenia Canary/config/Bulletstorm.config.toml'), favourite=False, last_played=None, play_count=0, play_time=0, emulator='xenia', emulator_version='Canary', discs=[GameDisc(media_id='1D93E609', file_path=WindowsPath('H:/roms/xbox360/Bulletstorm (USA, Europe) (En,Fr,De,Es,It,Pl,Ru).iso'), disc_count=1, disc_type='DVD', disc_swap_required=False, disc_number=1, label=None)])
Error: Error binding parameter 1: type 'Platform' is not supported
Traceback (most recent call last):
  File "C:\PycharmProjects\xenia-game-manager\src\db.py", line 1049, in import_games_from_source
    self.add_game(game)
    ~~~~~~~~~~~~~^^^^^^
  File "C:\PycharmProjects\xenia-game-manager\src\db.py", line 1081, in add_game
    con.execute("""
    ~~~~~~~~~~~^^^^
        INSERT INTO games (
        ^^^^^^^^^^^^^^^^^^^
    ...<14 lines>...
        str(game.config_path) if game.config_path else None,
        ^^^^^^^^^^^^^^^^^^^^^^^^^^^^^^^^^^^^^^^^^^^^^^^^^^^^
    ))
    ^^
sqlite3.ProgrammingError: Error binding parameter 1: type 'Platform' is not supported
2026-08-18 02:04:02,047 [ERROR] xenia_manager: Failed to add game: Xbox360Game(game_id='58410B90', title='BurgerTime World Tour', platform=<Platform.XBOX360: 'Xbox360'>, config_path=WindowsPath('Emulators/Xenia Canary/config/BurgerTime World Tour.config.toml'), favourite=False, last_played=None, play_count=0, play_time=0, emulator='xenia', emulator_version='Canary', discs=[GameDisc(media_id='7050A861', file_path=WindowsPath('D:/roms/xbox360/58410B90/000D0000/77D836DC3DFB9EACE58412957AF836760E9A682C58'), disc_count=1, disc_type='XBLA', disc_swap_required=False, disc_number=1, label=None)])
Error: Error binding parameter 1: type 'Platform' is not supported
Traceback (most recent call last):
  File "C:\PycharmProjects\xenia-game-manager\src\db.py", line 1049, in import_games_from_source
    self.add_game(game)
    ~~~~~~~~~~~~~^^^^^^
  File "C:\PycharmProjects\xenia-game-manager\src\db.py", line 1081, in add_game
    con.execute("""
    ~~~~~~~~~~~^^^^
        INSERT INTO games (
        ^^^^^^^^^^^^^^^^^^^
    ...<14 lines>...
        str(game.config_path) if game.config_path else None,
        ^^^^^^^^^^^^^^^^^^^^^^^^^^^^^^^^^^^^^^^^^^^^^^^^^^^^
    ))
    ^^
sqlite3.ProgrammingError: Error binding parameter 1: type 'Platform' is not supported
2026-08-18 02:04:02,049 [ERROR] xenia_manager: Failed to add game: Xbox360Game(game_id='415608C3', title='Call of Duty - Black Ops II', platform=<Platform.XBOX360: 'Xbox360'>, config_path=WindowsPath('Emulators/Xenia Canary/config/Call of Duty - Black Ops II.config.toml'), favourite=False, last_played=None, play_count=0, play_time=0, emulator='xenia', emulator_version='Canary', discs=[GameDisc(media_id='05C7492A', file_path=WindowsPath('F:/xbox360/Call of Duty - Black Ops II (World).iso'), disc_count=1, disc_type='DVD', disc_swap_required=False, disc_number=1, label=None)])
Error: Error binding parameter 1: type 'Platform' is not supported
Traceback (most recent call last):
  File "C:\PycharmProjects\xenia-game-manager\src\db.py", line 1049, in import_games_from_source
    self.add_game(game)
    ~~~~~~~~~~~~~^^^^^^
  File "C:\PycharmProjects\xenia-game-manager\src\db.py", line 1081, in add_game
    con.execute("""
    ~~~~~~~~~~~^^^^
        INSERT INTO games (
        ^^^^^^^^^^^^^^^^^^^
    ...<14 lines>...
        str(game.config_path) if game.config_path else None,
        ^^^^^^^^^^^^^^^^^^^^^^^^^^^^^^^^^^^^^^^^^^^^^^^^^^^^
    ))
    ^^
sqlite3.ProgrammingError: Error binding parameter 1: type 'Platform' is not supported
2026-08-18 02:04:02,051 [ERROR] xenia_manager: Failed to add game: Xbox360Game(game_id='415607E6', title='Call of Duty 4 - Modern Warfare', platform=<Platform.XBOX360: 'Xbox360'>, config_path=WindowsPath('Emulators/Xenia Canary/config/Call of Duty 4 - Modern Warfare.config.toml'), favourite=False, last_played=None, play_count=0, play_time=49.21634035333334, emulator='xenia', emulator_version='Canary', discs=[GameDisc(media_id='15E8CF88', file_path=WindowsPath('H:/roms/xbox360/Call of Duty 4 - Modern Warfare (USA, Europe).iso'), disc_count=1, disc_type='DVD', disc_swap_required=False, disc_number=1, label=None)])
Error: Error binding parameter 1: type 'Platform' is not supported
Traceback (most recent call last):
  File "C:\PycharmProjects\xenia-game-manager\src\db.py", line 1049, in import_games_from_source
    self.add_game(game)
    ~~~~~~~~~~~~~^^^^^^
  File "C:\PycharmProjects\xenia-game-manager\src\db.py", line 1081, in add_game
    con.execute("""
    ~~~~~~~~~~~^^^^
        INSERT INTO games (
        ^^^^^^^^^^^^^^^^^^^
    ...<14 lines>...
        str(game.config_path) if game.config_path else None,
        ^^^^^^^^^^^^^^^^^^^^^^^^^^^^^^^^^^^^^^^^^^^^^^^^^^^^
    ))
    ^^
sqlite3.ProgrammingError: Error binding parameter 1: type 'Platform' is not supported
2026-08-18 02:04:02,054 [ERROR] xenia_manager: Failed to add game: Xbox360Game(game_id='5553083C', title='Camerons Avatar', platform=<Platform.XBOX360: 'Xbox360'>, config_path=WindowsPath('Emulators/Xenia Canary/config/Camerons Avatar.config.toml'), favourite=False, last_played=None, play_count=0, play_time=0, emulator='xenia', emulator_version='Canary', discs=[GameDisc(media_id='75002EA6', file_path=WindowsPath("H:/roms/xbox360/James Cameron's Avatar - The Game (USA, Europe) (En,Fr,De,Es,It,Nl).zar"), disc_count=1, disc_type='DVD', disc_swap_required=False, disc_number=1, label=None)])
Error: Error binding parameter 1: type 'Platform' is not supported
Traceback (most recent call last):
  File "C:\PycharmProjects\xenia-game-manager\src\db.py", line 1049, in import_games_from_source
    self.add_game(game)
    ~~~~~~~~~~~~~^^^^^^
  File "C:\PycharmProjects\xenia-game-manager\src\db.py", line 1081, in add_game
    con.execute("""
    ~~~~~~~~~~~^^^^
        INSERT INTO games (
        ^^^^^^^^^^^^^^^^^^^
    ...<14 lines>...
        str(game.config_path) if game.config_path else None,
        ^^^^^^^^^^^^^^^^^^^^^^^^^^^^^^^^^^^^^^^^^^^^^^^^^^^^
    ))
    ^^
sqlite3.ProgrammingError: Error binding parameter 1: type 'Platform' is not supported
2026-08-18 02:04:02,056 [ERROR] xenia_manager: Failed to add game: Xbox360Game(game_id='4D4B07D6', title='Carrier Command Gaea Mission', platform=<Platform.XBOX360: 'Xbox360'>, config_path=WindowsPath('Emulators/Xenia Canary/config/Carrier Command GAEA Mission.config.toml'), favourite=False, last_played=None, play_count=0, play_time=0, emulator='xenia', emulator_version='Canary', discs=[GameDisc(media_id='758D9246', file_path=WindowsPath('D:/roms/xbox360/Carrier Command - Gaea Mission (Europe).zar'), disc_count=1, disc_type='DVD', disc_swap_required=False, disc_number=1, label=None)])
Error: Error binding parameter 1: type 'Platform' is not supported
Traceback (most recent call last):
  File "C:\PycharmProjects\xenia-game-manager\src\db.py", line 1049, in import_games_from_source
    self.add_game(game)
    ~~~~~~~~~~~~~^^^^^^
  File "C:\PycharmProjects\xenia-game-manager\src\db.py", line 1081, in add_game
    con.execute("""
    ~~~~~~~~~~~^^^^
        INSERT INTO games (
        ^^^^^^^^^^^^^^^^^^^
    ...<14 lines>...
        str(game.config_path) if game.config_path else None,
        ^^^^^^^^^^^^^^^^^^^^^^^^^^^^^^^^^^^^^^^^^^^^^^^^^^^^
    ))
    ^^
sqlite3.ProgrammingError: Error binding parameter 1: type 'Platform' is not supported
2026-08-18 02:04:02,059 [ERROR] xenia_manager: Failed to add game: Xbox360Game(game_id='54510848', title='Cars Race-O-Rama', platform=<Platform.XBOX360: 'Xbox360'>, config_path=WindowsPath('Emulators/Xenia Canary/config/Cars Race-O-Rama.config.toml'), favourite=False, last_played=None, play_count=0, play_time=0, emulator='xenia', emulator_version='Canary', discs=[GameDisc(media_id='1B33EA2B', file_path=WindowsPath('H:/roms/xbox360/Cars Race-O-Rama [RF].zar'), disc_count=1, disc_type='DVD', disc_swap_required=False, disc_number=1, label=None)])
Error: Error binding parameter 1: type 'Platform' is not supported
Traceback (most recent call last):
  File "C:\PycharmProjects\xenia-game-manager\src\db.py", line 1049, in import_games_from_source
    self.add_game(game)
    ~~~~~~~~~~~~~^^^^^^
  File "C:\PycharmProjects\xenia-game-manager\src\db.py", line 1081, in add_game
    con.execute("""
    ~~~~~~~~~~~^^^^
        INSERT INTO games (
        ^^^^^^^^^^^^^^^^^^^
    ...<14 lines>...
        str(game.config_path) if game.config_path else None,
        ^^^^^^^^^^^^^^^^^^^^^^^^^^^^^^^^^^^^^^^^^^^^^^^^^^^^
    ))
    ^^
sqlite3.ProgrammingError: Error binding parameter 1: type 'Platform' is not supported
2026-08-18 02:04:02,061 [ERROR] xenia_manager: Failed to add game: Xbox360Game(game_id='58411408', title='Castlevania Lords of Shadow - Mirror of Fate HD', platform=<Platform.XBOX360: 'Xbox360'>, config_path=WindowsPath('Emulators/Xenia Canary/config/Castlevania Lords of Shadow - Mirror of Fate HD.config.toml'), favourite=False, last_played=None, play_count=0, play_time=0, emulator='xenia', emulator_version='Canary', discs=[GameDisc(media_id='67C0BA8C', file_path=WindowsPath('D:/roms/xbox360/58411408/000D0000/3D431C3F7792E74D4F425CABE26417900017A3FD58'), disc_count=1, disc_type='XBLA', disc_swap_required=False, disc_number=1, label=None)])
Error: Error binding parameter 1: type 'Platform' is not supported
Traceback (most recent call last):
  File "C:\PycharmProjects\xenia-game-manager\src\db.py", line 1049, in import_games_from_source
    self.add_game(game)
    ~~~~~~~~~~~~~^^^^^^
  File "C:\PycharmProjects\xenia-game-manager\src\db.py", line 1081, in add_game
    con.execute("""
    ~~~~~~~~~~~^^^^
        INSERT INTO games (
        ^^^^^^^^^^^^^^^^^^^
    ...<14 lines>...
        str(game.config_path) if game.config_path else None,
        ^^^^^^^^^^^^^^^^^^^^^^^^^^^^^^^^^^^^^^^^^^^^^^^^^^^^
    ))
    ^^
sqlite3.ProgrammingError: Error binding parameter 1: type 'Platform' is not supported
2026-08-18 02:04:02,063 [ERROR] xenia_manager: Failed to add game: Xbox360Game(game_id='4B4E084D', title='Castlevania Lords Of Shadow 2', platform=<Platform.XBOX360: 'Xbox360'>, config_path=WindowsPath('Emulators/Xenia Canary/config/Castlevania Lords Of Shadow 2.config.toml'), favourite=False, last_played=None, play_count=0, play_time=0, emulator='xenia', emulator_version='Canary', discs=[GameDisc(media_id='2996007C', file_path=WindowsPath('D:/roms/xbox360/Castlevania - Lords of Shadow 2.zar'), disc_count=1, disc_type='DVD', disc_swap_required=False, disc_number=1, label=None)])
Error: Error binding parameter 1: type 'Platform' is not supported
Traceback (most recent call last):
  File "C:\PycharmProjects\xenia-game-manager\src\db.py", line 1049, in import_games_from_source
    self.add_game(game)
    ~~~~~~~~~~~~~^^^^^^
  File "C:\PycharmProjects\xenia-game-manager\src\db.py", line 1081, in add_game
    con.execute("""
    ~~~~~~~~~~~^^^^
        INSERT INTO games (
        ^^^^^^^^^^^^^^^^^^^
    ...<14 lines>...
        str(game.config_path) if game.config_path else None,
        ^^^^^^^^^^^^^^^^^^^^^^^^^^^^^^^^^^^^^^^^^^^^^^^^^^^^
    ))
    ^^
sqlite3.ProgrammingError: Error binding parameter 1: type 'Platform' is not supported
2026-08-18 02:04:02,066 [ERROR] xenia_manager: Failed to add game: Xbox360Game(game_id='434D07E9', title='Clive Barkers Jericho', platform=<Platform.XBOX360: 'Xbox360'>, config_path=WindowsPath('Emulators/Xenia Canary/config/Clive Barkers Jericho.config.toml'), favourite=False, last_played=None, play_count=0, play_time=0, emulator='xenia', emulator_version='Canary', discs=[GameDisc(media_id='27B9E5B3', file_path=WindowsPath("D:/roms/xbox360/Clive Barker's Jericho (USA, Europe) (En,Fr,De,Es,It).zar"), disc_count=1, disc_type='DVD', disc_swap_required=False, disc_number=1, label=None)])
Error: Error binding parameter 1: type 'Platform' is not supported
Traceback (most recent call last):
  File "C:\PycharmProjects\xenia-game-manager\src\db.py", line 1049, in import_games_from_source
    self.add_game(game)
    ~~~~~~~~~~~~~^^^^^^
  File "C:\PycharmProjects\xenia-game-manager\src\db.py", line 1081, in add_game
    con.execute("""
    ~~~~~~~~~~~^^^^
        INSERT INTO games (
        ^^^^^^^^^^^^^^^^^^^
    ...<14 lines>...
        str(game.config_path) if game.config_path else None,
        ^^^^^^^^^^^^^^^^^^^^^^^^^^^^^^^^^^^^^^^^^^^^^^^^^^^^
    ))
    ^^
sqlite3.ProgrammingError: Error binding parameter 1: type 'Platform' is not supported
2026-08-18 02:04:02,068 [ERROR] xenia_manager: Failed to add game: Xbox360Game(game_id='55530836', title='Cloudy with a Chance of Meatballs', platform=<Platform.XBOX360: 'Xbox360'>, config_path=WindowsPath('Emulators/Xenia Canary/config/Cloudy with a Chance of Meatballs.config.toml'), favourite=False, last_played=None, play_count=0, play_time=0, emulator='xenia', emulator_version='Canary', discs=[GameDisc(media_id='146F4C8E', file_path=WindowsPath('D:/roms/xbox360/Cloudy with a Chance of Meatballs [RF].zar'), disc_count=1, disc_type='DVD', disc_swap_required=False, disc_number=1, label=None)])
Error: Error binding parameter 1: type 'Platform' is not supported
Traceback (most recent call last):
  File "C:\PycharmProjects\xenia-game-manager\src\db.py", line 1049, in import_games_from_source
    self.add_game(game)
    ~~~~~~~~~~~~~^^^^^^
  File "C:\PycharmProjects\xenia-game-manager\src\db.py", line 1081, in add_game
    con.execute("""
    ~~~~~~~~~~~^^^^
        INSERT INTO games (
        ^^^^^^^^^^^^^^^^^^^
    ...<14 lines>...
        str(game.config_path) if game.config_path else None,
        ^^^^^^^^^^^^^^^^^^^^^^^^^^^^^^^^^^^^^^^^^^^^^^^^^^^^
    ))
    ^^
sqlite3.ProgrammingError: Error binding parameter 1: type 'Platform' is not supported
2026-08-18 02:04:02,070 [ERROR] xenia_manager: Failed to add game: Xbox360Game(game_id='45410860', title='Command & Conquer - Red Alert 3', platform=<Platform.XBOX360: 'Xbox360'>, config_path=WindowsPath('Emulators/Xenia Canary/config/Command & Conquer - Red Alert 3.config.toml'), favourite=False, last_played=None, play_count=0, play_time=0, emulator='xenia', emulator_version='Canary', discs=[GameDisc(media_id='4F876E34', file_path=WindowsPath('D:/roms/xbox360/Command & Conquer - Red Alert 3 (USA, Europe) (En,Es).iso'), disc_count=1, disc_type='DVD', disc_swap_required=False, disc_number=1, label=None)])
Error: Error binding parameter 1: type 'Platform' is not supported
Traceback (most recent call last):
  File "C:\PycharmProjects\xenia-game-manager\src\db.py", line 1049, in import_games_from_source
    self.add_game(game)
    ~~~~~~~~~~~~~^^^^^^
  File "C:\PycharmProjects\xenia-game-manager\src\db.py", line 1081, in add_game
    con.execute("""
    ~~~~~~~~~~~^^^^
        INSERT INTO games (
        ^^^^^^^^^^^^^^^^^^^
    ...<14 lines>...
        str(game.config_path) if game.config_path else None,
        ^^^^^^^^^^^^^^^^^^^^^^^^^^^^^^^^^^^^^^^^^^^^^^^^^^^^
    ))
    ^^
sqlite3.ProgrammingError: Error binding parameter 1: type 'Platform' is not supported
2026-08-18 02:04:02,072 [ERROR] xenia_manager: Failed to add game: Xbox360Game(game_id='4541083A', title='Command & Conquer 3 - Kanes Wrath', platform=<Platform.XBOX360: 'Xbox360'>, config_path=WindowsPath('Emulators/Xenia Canary/config/Command & Conquer 3 - Kanes Wrath.config.toml'), favourite=False, last_played=None, play_count=0, play_time=0, emulator='xenia', emulator_version='Canary', discs=[GameDisc(media_id='3FF4C4B3', file_path=WindowsPath("H:/roms/xbox360/Command & Conquer 3 - Kane's Wrath (USA).zar"), disc_count=1, disc_type='DVD', disc_swap_required=False, disc_number=1, label=None)])
Error: Error binding parameter 1: type 'Platform' is not supported
Traceback (most recent call last):
  File "C:\PycharmProjects\xenia-game-manager\src\db.py", line 1049, in import_games_from_source
    self.add_game(game)
    ~~~~~~~~~~~~~^^^^^^
  File "C:\PycharmProjects\xenia-game-manager\src\db.py", line 1081, in add_game
    con.execute("""
    ~~~~~~~~~~~^^^^
        INSERT INTO games (
        ^^^^^^^^^^^^^^^^^^^
    ...<14 lines>...
        str(game.config_path) if game.config_path else None,
        ^^^^^^^^^^^^^^^^^^^^^^^^^^^^^^^^^^^^^^^^^^^^^^^^^^^^
    ))
    ^^
sqlite3.ProgrammingError: Error binding parameter 1: type 'Platform' is not supported
2026-08-18 02:04:02,073 [ERROR] xenia_manager: Failed to add game: Xbox360Game(game_id='4541080E', title='Command & Conquer 3 - Tiberium Wars', platform=<Platform.XBOX360: 'Xbox360'>, config_path=WindowsPath('Emulators/Xenia Canary/config/Command & Conquer 3 - Tiberium Wars.config.toml'), favourite=False, last_played=None, play_count=0, play_time=0, emulator='xenia', emulator_version='Canary', discs=[GameDisc(media_id='4D3A6FAB', file_path=WindowsPath('H:/roms/xbox360/Command & Conquer 3 - Tiberium Wars (USA).iso'), disc_count=1, disc_type='DVD', disc_swap_required=False, disc_number=1, label=None)])
Error: Error binding parameter 1: type 'Platform' is not supported
Traceback (most recent call last):
  File "C:\PycharmProjects\xenia-game-manager\src\db.py", line 1049, in import_games_from_source
    self.add_game(game)
    ~~~~~~~~~~~~~^^^^^^
  File "C:\PycharmProjects\xenia-game-manager\src\db.py", line 1081, in add_game
    con.execute("""
    ~~~~~~~~~~~^^^^
        INSERT INTO games (
        ^^^^^^^^^^^^^^^^^^^
    ...<14 lines>...
        str(game.config_path) if game.config_path else None,
        ^^^^^^^^^^^^^^^^^^^^^^^^^^^^^^^^^^^^^^^^^^^^^^^^^^^^
    ))
    ^^
sqlite3.ProgrammingError: Error binding parameter 1: type 'Platform' is not supported
2026-08-18 02:04:02,076 [ERROR] xenia_manager: Failed to add game: Xbox360Game(game_id='584109BF', title='Command & Conquer Red Alert 3 Commanders Challenge', platform=<Platform.XBOX360: 'Xbox360'>, config_path=WindowsPath('Emulators/Xenia Canary/config/Command & Conquer Red Alert 3 Commanders Challenge.config.toml'), favourite=False, last_played=None, play_count=0, play_time=0, emulator='xenia', emulator_version='Canary', discs=[GameDisc(media_id='07EBEC04', file_path=WindowsPath('F:/xbox360/584109BF/000D0000/AF4E5C384CAD63FAA96EADE50F7A69CFFEE0DC6D58'), disc_count=1, disc_type='XBLA', disc_swap_required=False, disc_number=1, label=None)])
Error: Error binding parameter 1: type 'Platform' is not supported
Traceback (most recent call last):
  File "C:\PycharmProjects\xenia-game-manager\src\db.py", line 1049, in import_games_from_source
    self.add_game(game)
    ~~~~~~~~~~~~~^^^^^^
  File "C:\PycharmProjects\xenia-game-manager\src\db.py", line 1081, in add_game
    con.execute("""
    ~~~~~~~~~~~^^^^
        INSERT INTO games (
        ^^^^^^^^^^^^^^^^^^^
    ...<14 lines>...
        str(game.config_path) if game.config_path else None,
        ^^^^^^^^^^^^^^^^^^^^^^^^^^^^^^^^^^^^^^^^^^^^^^^^^^^^
    ))
    ^^
sqlite3.ProgrammingError: Error binding parameter 1: type 'Platform' is not supported
2026-08-18 02:04:02,078 [ERROR] xenia_manager: Failed to add game: Xbox360Game(game_id='4D5307DC', title='Crackdown', platform=<Platform.XBOX360: 'Xbox360'>, config_path=WindowsPath('Emulators/Xenia Canary/config/Crackdown.config.toml'), favourite=False, last_played=None, play_count=0, play_time=0, emulator='xenia', emulator_version='Canary', discs=[GameDisc(media_id='596F9615', file_path=WindowsPath('D:/roms/xbox360/Crackdown (World) (En,Ja,Fr,De,Es,It,Zh,Ko,Cs,Hu).zar'), disc_count=1, disc_type='DVD', disc_swap_required=False, disc_number=1, label=None)])
Error: Error binding parameter 1: type 'Platform' is not supported
Traceback (most recent call last):
  File "C:\PycharmProjects\xenia-game-manager\src\db.py", line 1049, in import_games_from_source
    self.add_game(game)
    ~~~~~~~~~~~~~^^^^^^
  File "C:\PycharmProjects\xenia-game-manager\src\db.py", line 1081, in add_game
    con.execute("""
    ~~~~~~~~~~~^^^^
        INSERT INTO games (
        ^^^^^^^^^^^^^^^^^^^
    ...<14 lines>...
        str(game.config_path) if game.config_path else None,
        ^^^^^^^^^^^^^^^^^^^^^^^^^^^^^^^^^^^^^^^^^^^^^^^^^^^^
    ))
    ^^
sqlite3.ProgrammingError: Error binding parameter 1: type 'Platform' is not supported
2026-08-18 02:04:02,081 [ERROR] xenia_manager: Failed to add game: Xbox360Game(game_id='4B5907E6', title='Dark', platform=<Platform.XBOX360: 'Xbox360'>, config_path=WindowsPath('Emulators/Xenia Canary/config/DARK.config.toml'), favourite=False, last_played=None, play_count=0, play_time=0, emulator='xenia', emulator_version='Canary', discs=[GameDisc(media_id='12D654C3', file_path=WindowsPath('D:/roms/xbox360/Dark (USA, Europe).zar'), disc_count=1, disc_type='DVD', disc_swap_required=False, disc_number=1, label=None)])
Error: Error binding parameter 1: type 'Platform' is not supported
Traceback (most recent call last):
  File "C:\PycharmProjects\xenia-game-manager\src\db.py", line 1049, in import_games_from_source
    self.add_game(game)
    ~~~~~~~~~~~~~^^^^^^
  File "C:\PycharmProjects\xenia-game-manager\src\db.py", line 1081, in add_game
    con.execute("""
    ~~~~~~~~~~~^^^^
        INSERT INTO games (
        ^^^^^^^^^^^^^^^^^^^
    ...<14 lines>...
        str(game.config_path) if game.config_path else None,
        ^^^^^^^^^^^^^^^^^^^^^^^^^^^^^^^^^^^^^^^^^^^^^^^^^^^^
    ))
    ^^
sqlite3.ProgrammingError: Error binding parameter 1: type 'Platform' is not supported
2026-08-18 02:04:02,083 [ERROR] xenia_manager: Failed to add game: Xbox360Game(game_id='4E4D083A', title='Dark Souls', platform=<Platform.XBOX360: 'Xbox360'>, config_path=WindowsPath('Emulators/Xenia Canary/config/Dark Souls.config.toml'), favourite=False, last_played=None, play_count=0, play_time=0, emulator='xenia', emulator_version='Canary', discs=[GameDisc(media_id='27E95907', file_path=WindowsPath('D:/roms/xbox360/Dark Souls (Europe).zar'), disc_count=1, disc_type='DVD', disc_swap_required=False, disc_number=1, label=None)])
Error: Error binding parameter 1: type 'Platform' is not supported
Traceback (most recent call last):
  File "C:\PycharmProjects\xenia-game-manager\src\db.py", line 1049, in import_games_from_source
    self.add_game(game)
    ~~~~~~~~~~~~~^^^^^^
  File "C:\PycharmProjects\xenia-game-manager\src\db.py", line 1081, in add_game
    con.execute("""
    ~~~~~~~~~~~^^^^
        INSERT INTO games (
        ^^^^^^^^^^^^^^^^^^^
    ...<14 lines>...
        str(game.config_path) if game.config_path else None,
        ^^^^^^^^^^^^^^^^^^^^^^^^^^^^^^^^^^^^^^^^^^^^^^^^^^^^
    ))
    ^^
sqlite3.ProgrammingError: Error binding parameter 1: type 'Platform' is not supported
2026-08-18 02:04:02,085 [ERROR] xenia_manager: Failed to add game: Xbox360Game(game_id='465307E4', title='Dark Souls II', platform=<Platform.XBOX360: 'Xbox360'>, config_path=WindowsPath('Emulators/Xenia Canary/config/DARK SOULS II.config.toml'), favourite=False, last_played=None, play_count=0, play_time=0, emulator='xenia', emulator_version='Canary', discs=[GameDisc(media_id='72EA8B94', file_path=WindowsPath('D:/roms/xbox360/Dark Souls II (World) (En,Ja,Fr,De,Es,It,Zh,Ko,Pl,Ru).zar'), disc_count=1, disc_type='DVD', disc_swap_required=False, disc_number=1, label=None)])
Error: Error binding parameter 1: type 'Platform' is not supported
Traceback (most recent call last):
  File "C:\PycharmProjects\xenia-game-manager\src\db.py", line 1049, in import_games_from_source
    self.add_game(game)
    ~~~~~~~~~~~~~^^^^^^
  File "C:\PycharmProjects\xenia-game-manager\src\db.py", line 1081, in add_game
    con.execute("""
    ~~~~~~~~~~~^^^^
        INSERT INTO games (
        ^^^^^^^^^^^^^^^^^^^
    ...<14 lines>...
        str(game.config_path) if game.config_path else None,
        ^^^^^^^^^^^^^^^^^^^^^^^^^^^^^^^^^^^^^^^^^^^^^^^^^^^^
    ))
    ^^
sqlite3.ProgrammingError: Error binding parameter 1: type 'Platform' is not supported
2026-08-18 02:04:02,087 [ERROR] xenia_manager: Failed to add game: Xbox360Game(game_id='564707D4', title='Darkest Of Days', platform=<Platform.XBOX360: 'Xbox360'>, config_path=WindowsPath('Emulators/Xenia Canary/config/Darkest Of Days.config.toml'), favourite=False, last_played=None, play_count=0, play_time=0, emulator='xenia', emulator_version='Canary', discs=[GameDisc(media_id='62EA3AC8', file_path=WindowsPath('H:/roms/xbox360/Darkest of Days (USA).iso'), disc_count=1, disc_type='DVD', disc_swap_required=False, disc_number=1, label=None)])
Error: Error binding parameter 1: type 'Platform' is not supported
Traceback (most recent call last):
  File "C:\PycharmProjects\xenia-game-manager\src\db.py", line 1049, in import_games_from_source
    self.add_game(game)
    ~~~~~~~~~~~~~^^^^^^
  File "C:\PycharmProjects\xenia-game-manager\src\db.py", line 1081, in add_game
    con.execute("""
    ~~~~~~~~~~~^^^^
        INSERT INTO games (
        ^^^^^^^^^^^^^^^^^^^
    ...<14 lines>...
        str(game.config_path) if game.config_path else None,
        ^^^^^^^^^^^^^^^^^^^^^^^^^^^^^^^^^^^^^^^^^^^^^^^^^^^^
    ))
    ^^
sqlite3.ProgrammingError: Error binding parameter 1: type 'Platform' is not supported
2026-08-18 02:04:02,089 [ERROR] xenia_manager: Failed to add game: Xbox360Game(game_id='54510865', title='de Blob 2', platform=<Platform.XBOX360: 'Xbox360'>, config_path=WindowsPath('Emulators/Xenia Canary/config/de Blob 2.config.toml'), favourite=False, last_played=None, play_count=0, play_time=0, emulator='xenia', emulator_version='Canary', discs=[GameDisc(media_id='42DCD5EC', file_path=WindowsPath('D:/roms/xbox360/De Blob 2 (USA, Europe) (En,Fr,De,Es,It).zar'), disc_count=1, disc_type='DVD', disc_swap_required=False, disc_number=1, label=None)])
Error: Error binding parameter 1: type 'Platform' is not supported
Traceback (most recent call last):
  File "C:\PycharmProjects\xenia-game-manager\src\db.py", line 1049, in import_games_from_source
    self.add_game(game)
    ~~~~~~~~~~~~~^^^^^^
  File "C:\PycharmProjects\xenia-game-manager\src\db.py", line 1081, in add_game
    con.execute("""
    ~~~~~~~~~~~^^^^
        INSERT INTO games (
        ^^^^^^^^^^^^^^^^^^^
    ...<14 lines>...
        str(game.config_path) if game.config_path else None,
        ^^^^^^^^^^^^^^^^^^^^^^^^^^^^^^^^^^^^^^^^^^^^^^^^^^^^
    ))
    ^^
sqlite3.ProgrammingError: Error binding parameter 1: type 'Platform' is not supported
2026-08-18 02:04:02,091 [ERROR] xenia_manager: Failed to add game: Xbox360Game(game_id='4B4D07DF', title='Dead Island', platform=<Platform.XBOX360: 'Xbox360'>, config_path=WindowsPath('Emulators/Xenia Canary/config/Dead Island.config.toml'), favourite=False, last_played=None, play_count=0, play_time=106.32409798166667, emulator='xenia', emulator_version='Canary', discs=[GameDisc(media_id='02C977C2', file_path=WindowsPath('D:/roms/xbox360/Dead Island - Game of the Year Edition (USA, Europe) (En,Fr,De,Es,It,Pl).zar'), disc_count=1, disc_type='DVD', disc_swap_required=False, disc_number=1, label=None)])
Error: Error binding parameter 1: type 'Platform' is not supported
Traceback (most recent call last):
  File "C:\PycharmProjects\xenia-game-manager\src\db.py", line 1049, in import_games_from_source
    self.add_game(game)
    ~~~~~~~~~~~~~^^^^^^
  File "C:\PycharmProjects\xenia-game-manager\src\db.py", line 1081, in add_game
    con.execute("""
    ~~~~~~~~~~~^^^^
        INSERT INTO games (
        ^^^^^^^^^^^^^^^^^^^
    ...<14 lines>...
        str(game.config_path) if game.config_path else None,
        ^^^^^^^^^^^^^^^^^^^^^^^^^^^^^^^^^^^^^^^^^^^^^^^^^^^^
    ))
    ^^
sqlite3.ProgrammingError: Error binding parameter 1: type 'Platform' is not supported
2026-08-18 02:04:02,093 [ERROR] xenia_manager: Failed to add game: Xbox360Game(game_id='4B4D07F2', title='Dead Island Riptide', platform=<Platform.XBOX360: 'Xbox360'>, config_path=WindowsPath('Emulators/Xenia Canary/config/Dead Island Riptide.config.toml'), favourite=False, last_played=None, play_count=0, play_time=27.448196531666667, emulator='xenia', emulator_version='Canary', discs=[GameDisc(media_id='148AAE50', file_path=WindowsPath('D:/roms/xbox360/Dead Island - Riptide - Complete Edition.zar'), disc_count=1, disc_type='DVD', disc_swap_required=False, disc_number=1, label=None)])
Error: Error binding parameter 1: type 'Platform' is not supported
Traceback (most recent call last):
  File "C:\PycharmProjects\xenia-game-manager\src\db.py", line 1049, in import_games_from_source
    self.add_game(game)
    ~~~~~~~~~~~~~^^^^^^
  File "C:\PycharmProjects\xenia-game-manager\src\db.py", line 1081, in add_game
    con.execute("""
    ~~~~~~~~~~~^^^^
        INSERT INTO games (
        ^^^^^^^^^^^^^^^^^^^
    ...<14 lines>...
        str(game.config_path) if game.config_path else None,
        ^^^^^^^^^^^^^^^^^^^^^^^^^^^^^^^^^^^^^^^^^^^^^^^^^^^^
    ))
    ^^
sqlite3.ProgrammingError: Error binding parameter 1: type 'Platform' is not supported
2026-08-18 02:04:02,096 [ERROR] xenia_manager: Failed to add game: Xbox360Game(game_id='435607D8', title='Deadliest Catch Sea of Chaos', platform=<Platform.XBOX360: 'Xbox360'>, config_path=WindowsPath('Emulators/Xenia Canary/config/Deadliest Catch Sea of Chaos.config.toml'), favourite=False, last_played=None, play_count=0, play_time=0, emulator='xenia', emulator_version='Canary', discs=[GameDisc(media_id='701CDD83', file_path=WindowsPath('D:/roms/xbox360/Deadliest Catch Sea of Chaos\xa0[NTSCU].zar'), disc_count=1, disc_type='DVD', disc_swap_required=False, disc_number=1, label=None)])
Error: Error binding parameter 1: type 'Platform' is not supported
Traceback (most recent call last):
  File "C:\PycharmProjects\xenia-game-manager\src\db.py", line 1049, in import_games_from_source
    self.add_game(game)
    ~~~~~~~~~~~~~^^^^^^
  File "C:\PycharmProjects\xenia-game-manager\src\db.py", line 1081, in add_game
    con.execute("""
    ~~~~~~~~~~~^^^^
        INSERT INTO games (
        ^^^^^^^^^^^^^^^^^^^
    ...<14 lines>...
        str(game.config_path) if game.config_path else None,
        ^^^^^^^^^^^^^^^^^^^^^^^^^^^^^^^^^^^^^^^^^^^^^^^^^^^^
    ))
    ^^
sqlite3.ProgrammingError: Error binding parameter 1: type 'Platform' is not supported
2026-08-18 02:04:02,098 [ERROR] xenia_manager: Failed to add game: Xbox360Game(game_id='415608EC', title='Deadpool', platform=<Platform.XBOX360: 'Xbox360'>, config_path=WindowsPath('Emulators/Xenia Canary/config/Deadpool.config.toml'), favourite=False, last_played=None, play_count=0, play_time=0, emulator='xenia', emulator_version='Canary', discs=[GameDisc(media_id='28D1E78A', file_path=WindowsPath('D:/roms/xbox360/Deadpool.zar'), disc_count=1, disc_type='DVD', disc_swap_required=False, disc_number=1, label=None)])
Error: Error binding parameter 1: type 'Platform' is not supported
Traceback (most recent call last):
  File "C:\PycharmProjects\xenia-game-manager\src\db.py", line 1049, in import_games_from_source
    self.add_game(game)
    ~~~~~~~~~~~~~^^^^^^
  File "C:\PycharmProjects\xenia-game-manager\src\db.py", line 1081, in add_game
    con.execute("""
    ~~~~~~~~~~~^^^^
        INSERT INTO games (
        ^^^^^^^^^^^^^^^^^^^
    ...<14 lines>...
        str(game.config_path) if game.config_path else None,
        ^^^^^^^^^^^^^^^^^^^^^^^^^^^^^^^^^^^^^^^^^^^^^^^^^^^^
    ))
    ^^
sqlite3.ProgrammingError: Error binding parameter 1: type 'Platform' is not supported
2026-08-18 02:04:02,100 [ERROR] xenia_manager: Failed to add game: Xbox360Game(game_id='415807D8', title='Deathsmiles', platform=<Platform.XBOX360: 'Xbox360'>, config_path=WindowsPath('Emulators/Xenia Canary/config/Deathsmiles.config.toml'), favourite=False, last_played=None, play_count=0, play_time=104.528081855, emulator='xenia', emulator_version='Canary', discs=[GameDisc(media_id='33EC8A99', file_path=WindowsPath('D:/roms/xbox360/Deathsmiles (USA).iso'), disc_count=1, disc_type='DVD', disc_swap_required=False, disc_number=1, label=None)])
Error: Error binding parameter 1: type 'Platform' is not supported
Traceback (most recent call last):
  File "C:\PycharmProjects\xenia-game-manager\src\db.py", line 1049, in import_games_from_source
    self.add_game(game)
    ~~~~~~~~~~~~~^^^^^^
  File "C:\PycharmProjects\xenia-game-manager\src\db.py", line 1081, in add_game
    con.execute("""
    ~~~~~~~~~~~^^^^
        INSERT INTO games (
        ^^^^^^^^^^^^^^^^^^^
    ...<14 lines>...
        str(game.config_path) if game.config_path else None,
        ^^^^^^^^^^^^^^^^^^^^^^^^^^^^^^^^^^^^^^^^^^^^^^^^^^^^
    ))
    ^^
sqlite3.ProgrammingError: Error binding parameter 1: type 'Platform' is not supported
2026-08-18 02:04:02,103 [ERROR] xenia_manager: Failed to add game: Xbox360Game(game_id='58410823', title='DEFENDER', platform=<Platform.XBOX360: 'Xbox360'>, config_path=WindowsPath('Emulators/Xenia Canary/config/DEFENDER.config.toml'), favourite=False, last_played=None, play_count=0, play_time=0, emulator='xenia', emulator_version='Canary', discs=[GameDisc(media_id='00000000', file_path=WindowsPath('F:/xbox360/58410823/000D0000/346322980D17D4A5E74B3E0191B61832F0A6BA2658'), disc_count=1, disc_type='XBLA', disc_swap_required=False, disc_number=1, label=None)])
Error: Error binding parameter 1: type 'Platform' is not supported
Traceback (most recent call last):
  File "C:\PycharmProjects\xenia-game-manager\src\db.py", line 1049, in import_games_from_source
    self.add_game(game)
    ~~~~~~~~~~~~~^^^^^^
  File "C:\PycharmProjects\xenia-game-manager\src\db.py", line 1081, in add_game
    con.execute("""
    ~~~~~~~~~~~^^^^
        INSERT INTO games (
        ^^^^^^^^^^^^^^^^^^^
    ...<14 lines>...
        str(game.config_path) if game.config_path else None,
        ^^^^^^^^^^^^^^^^^^^^^^^^^^^^^^^^^^^^^^^^^^^^^^^^^^^^
    ))
    ^^
sqlite3.ProgrammingError: Error binding parameter 1: type 'Platform' is not supported
2026-08-18 02:04:02,105 [ERROR] xenia_manager: Failed to add game: Xbox360Game(game_id='535107FA', title="Deus Ex - Human Revolution - Director's Cut", platform=<Platform.XBOX360: 'Xbox360'>, config_path=WindowsPath("Emulators/Xenia Canary/config/Deus Ex - Human Revolution - Director's Cut (Disc 1).config.toml"), favourite=False, last_played=None, play_count=0, play_time=119.30706275, emulator='xenia', emulator_version='Canary', discs=[GameDisc(media_id='7BBEB936', file_path=WindowsPath("H:/roms/xbox360/Deus Ex - Human Revolution - Director's Cut (USA, Europe) (En,Fr,De,Es,It) (Disc 1).iso"), disc_count=1, disc_type='DVD', disc_swap_required=False, disc_number=1, label=None)])
Error: Error binding parameter 1: type 'Platform' is not supported
Traceback (most recent call last):
  File "C:\PycharmProjects\xenia-game-manager\src\db.py", line 1049, in import_games_from_source
    self.add_game(game)
    ~~~~~~~~~~~~~^^^^^^
  File "C:\PycharmProjects\xenia-game-manager\src\db.py", line 1081, in add_game
    con.execute("""
    ~~~~~~~~~~~^^^^
        INSERT INTO games (
        ^^^^^^^^^^^^^^^^^^^
    ...<14 lines>...
        str(game.config_path) if game.config_path else None,
        ^^^^^^^^^^^^^^^^^^^^^^^^^^^^^^^^^^^^^^^^^^^^^^^^^^^^
    ))
    ^^
sqlite3.ProgrammingError: Error binding parameter 1: type 'Platform' is not supported
2026-08-18 02:04:02,108 [ERROR] xenia_manager: Failed to add game: Xbox360Game(game_id='535107FA', title="Deus Ex - Human Revolution - Director's Cut", platform=<Platform.XBOX360: 'Xbox360'>, config_path=WindowsPath("Emulators/Xenia Canary/config/Deus Ex - Human Revolution - Director's Cut (Disc 2).config.toml"), favourite=False, last_played=None, play_count=0, play_time=0, emulator='xenia', emulator_version='Canary', discs=[GameDisc(media_id='7C4137BE', file_path=WindowsPath("H:/roms/xbox360/Deus Ex - Human Revolution - Director's Cut (USA, Europe) (En,Fr,De,Es,It) (Disc 2).iso"), disc_count=1, disc_type='DVD', disc_swap_required=False, disc_number=2, label=None)])
Error: Error binding parameter 1: type 'Platform' is not supported
Traceback (most recent call last):
  File "C:\PycharmProjects\xenia-game-manager\src\db.py", line 1049, in import_games_from_source
    self.add_game(game)
    ~~~~~~~~~~~~~^^^^^^
  File "C:\PycharmProjects\xenia-game-manager\src\db.py", line 1081, in add_game
    con.execute("""
    ~~~~~~~~~~~^^^^
        INSERT INTO games (
        ^^^^^^^^^^^^^^^^^^^
    ...<14 lines>...
        str(game.config_path) if game.config_path else None,
        ^^^^^^^^^^^^^^^^^^^^^^^^^^^^^^^^^^^^^^^^^^^^^^^^^^^^
    ))
    ^^
sqlite3.ProgrammingError: Error binding parameter 1: type 'Platform' is not supported
2026-08-18 02:04:02,111 [ERROR] xenia_manager: Failed to add game: Xbox360Game(game_id='394F07D1', title='Diablo III', platform=<Platform.XBOX360: 'Xbox360'>, config_path=WindowsPath('Emulators/Xenia Canary/config/Diablo III.config.toml'), favourite=False, last_played=None, play_count=0, play_time=317.24126590333333, emulator='xenia', emulator_version='Canary', discs=[GameDisc(media_id='2C584E7F', file_path=WindowsPath('D:/roms/xbox360/Diablo III (Europe, Australia) (En,Fr).zar'), disc_count=1, disc_type='DVD', disc_swap_required=False, disc_number=1, label=None)])
Error: Error binding parameter 1: type 'Platform' is not supported
Traceback (most recent call last):
  File "C:\PycharmProjects\xenia-game-manager\src\db.py", line 1049, in import_games_from_source
    self.add_game(game)
    ~~~~~~~~~~~~~^^^^^^
  File "C:\PycharmProjects\xenia-game-manager\src\db.py", line 1081, in add_game
    con.execute("""
    ~~~~~~~~~~~^^^^
        INSERT INTO games (
        ^^^^^^^^^^^^^^^^^^^
    ...<14 lines>...
        str(game.config_path) if game.config_path else None,
        ^^^^^^^^^^^^^^^^^^^^^^^^^^^^^^^^^^^^^^^^^^^^^^^^^^^^
    ))
    ^^
sqlite3.ProgrammingError: Error binding parameter 1: type 'Platform' is not supported
2026-08-18 02:04:02,113 [ERROR] xenia_manager: Failed to add game: Xbox360Game(game_id='394F07D4', title='Diablo III - Reaper of Souls - Ultimate Evil Edition', platform=<Platform.XBOX360: 'Xbox360'>, config_path=WindowsPath('Emulators/Xenia Canary/config/Diablo III - Reaper of Souls - Ultimate Evil Edition.config.toml'), favourite=False, last_played=None, play_count=0, play_time=0, emulator='xenia', emulator_version='Canary', discs=[GameDisc(media_id='38E299CD', file_path=WindowsPath('H:/roms/xbox360/Diablo III - Reaper of Souls - Ultimate Evil Edition (USA).iso'), disc_count=1, disc_type='DVD', disc_swap_required=False, disc_number=1, label=None)])
Error: Error binding parameter 1: type 'Platform' is not supported
Traceback (most recent call last):
  File "C:\PycharmProjects\xenia-game-manager\src\db.py", line 1049, in import_games_from_source
    self.add_game(game)
    ~~~~~~~~~~~~~^^^^^^
  File "C:\PycharmProjects\xenia-game-manager\src\db.py", line 1081, in add_game
    con.execute("""
    ~~~~~~~~~~~^^^^
        INSERT INTO games (
        ^^^^^^^^^^^^^^^^^^^
    ...<14 lines>...
        str(game.config_path) if game.config_path else None,
        ^^^^^^^^^^^^^^^^^^^^^^^^^^^^^^^^^^^^^^^^^^^^^^^^^^^^
    ))
    ^^
sqlite3.ProgrammingError: Error binding parameter 1: type 'Platform' is not supported
2026-08-18 02:04:02,116 [ERROR] xenia_manager: Failed to add game: Xbox360Game(game_id='434D083D', title='DiRT 3', platform=<Platform.XBOX360: 'Xbox360'>, config_path=WindowsPath('Emulators/Xenia Canary/config/DiRT 3.config.toml'), favourite=False, last_played=None, play_count=0, play_time=44.94064967166667, emulator='xenia', emulator_version='Canary', discs=[GameDisc(media_id='32E5D1A4', file_path=WindowsPath('D:/roms/xbox360/Dirt 3 - Complete Edition.zar'), disc_count=1, disc_type='DVD', disc_swap_required=False, disc_number=1, label=None)])
Error: Error binding parameter 1: type 'Platform' is not supported
Traceback (most recent call last):
  File "C:\PycharmProjects\xenia-game-manager\src\db.py", line 1049, in import_games_from_source
    self.add_game(game)
    ~~~~~~~~~~~~~^^^^^^
  File "C:\PycharmProjects\xenia-game-manager\src\db.py", line 1081, in add_game
    con.execute("""
    ~~~~~~~~~~~^^^^
        INSERT INTO games (
        ^^^^^^^^^^^^^^^^^^^
    ...<14 lines>...
        str(game.config_path) if game.config_path else None,
        ^^^^^^^^^^^^^^^^^^^^^^^^^^^^^^^^^^^^^^^^^^^^^^^^^^^^
    ))
    ^^
sqlite3.ProgrammingError: Error binding parameter 1: type 'Platform' is not supported
2026-08-18 02:04:02,118 [ERROR] xenia_manager: Failed to add game: Xbox360Game(game_id='434D0845', title='DiRT Showdown', platform=<Platform.XBOX360: 'Xbox360'>, config_path=WindowsPath('Emulators/Xenia Canary/config/DiRT Showdown.config.toml'), favourite=False, last_played=None, play_count=0, play_time=3.5337804283333334, emulator='xenia', emulator_version='Canary', discs=[GameDisc(media_id='16E89B5E', file_path=WindowsPath('H:/roms/xbox360/DiRT Showdown [RF].iso'), disc_count=1, disc_type='DVD', disc_swap_required=False, disc_number=1, label=None)])
Error: Error binding parameter 1: type 'Platform' is not supported
Traceback (most recent call last):
  File "C:\PycharmProjects\xenia-game-manager\src\db.py", line 1049, in import_games_from_source
    self.add_game(game)
    ~~~~~~~~~~~~~^^^^^^
  File "C:\PycharmProjects\xenia-game-manager\src\db.py", line 1081, in add_game
    con.execute("""
    ~~~~~~~~~~~^^^^
        INSERT INTO games (
        ^^^^^^^^^^^^^^^^^^^
    ...<14 lines>...
        str(game.config_path) if game.config_path else None,
        ^^^^^^^^^^^^^^^^^^^^^^^^^^^^^^^^^^^^^^^^^^^^^^^^^^^^
    ))
    ^^
sqlite3.ProgrammingError: Error binding parameter 1: type 'Platform' is not supported
2026-08-18 02:04:02,121 [ERROR] xenia_manager: Failed to add game: Xbox360Game(game_id='5345085A', title='Dreamcast Collection', platform=<Platform.XBOX360: 'Xbox360'>, config_path=WindowsPath('Emulators/Xenia Canary/config/Dreamcast Collection.config.toml'), favourite=False, last_played=None, play_count=0, play_time=0, emulator='xenia', emulator_version='Canary', discs=[GameDisc(media_id='6876EE29', file_path=WindowsPath('D:/roms/xbox360/Dreamcast Collection.zar'), disc_count=1, disc_type='DVD', disc_swap_required=False, disc_number=1, label=None)])
Error: Error binding parameter 1: type 'Platform' is not supported
Traceback (most recent call last):
  File "C:\PycharmProjects\xenia-game-manager\src\db.py", line 1049, in import_games_from_source
    self.add_game(game)
    ~~~~~~~~~~~~~^^^^^^
  File "C:\PycharmProjects\xenia-game-manager\src\db.py", line 1081, in add_game
    con.execute("""
    ~~~~~~~~~~~^^^^
        INSERT INTO games (
        ^^^^^^^^^^^^^^^^^^^
    ...<14 lines>...
        str(game.config_path) if game.config_path else None,
        ^^^^^^^^^^^^^^^^^^^^^^^^^^^^^^^^^^^^^^^^^^^^^^^^^^^^
    ))
    ^^
sqlite3.ProgrammingError: Error binding parameter 1: type 'Platform' is not supported
2026-08-18 02:04:02,124 [ERROR] xenia_manager: Failed to add game: Xbox360Game(game_id='5553087E', title='Driver - San Francisco', platform=<Platform.XBOX360: 'Xbox360'>, config_path=WindowsPath('Emulators/Xenia Canary/config/Driver - San Francisco.config.toml'), favourite=False, last_played=None, play_count=0, play_time=0, emulator='xenia', emulator_version='Canary', discs=[GameDisc(media_id='2F510839', file_path=WindowsPath('H:/roms/xbox360/Driver - San Francisco (World) (En,Fr,De,Es,It,Nl,Sv,No,Da).iso'), disc_count=1, disc_type='DVD', disc_swap_required=False, disc_number=1, label=None)])
Error: Error binding parameter 1: type 'Platform' is not supported
Traceback (most recent call last):
  File "C:\PycharmProjects\xenia-game-manager\src\db.py", line 1049, in import_games_from_source
    self.add_game(game)
    ~~~~~~~~~~~~~^^^^^^
  File "C:\PycharmProjects\xenia-game-manager\src\db.py", line 1081, in add_game
    con.execute("""
    ~~~~~~~~~~~^^^^
        INSERT INTO games (
        ^^^^^^^^^^^^^^^^^^^
    ...<14 lines>...
        str(game.config_path) if game.config_path else None,
        ^^^^^^^^^^^^^^^^^^^^^^^^^^^^^^^^^^^^^^^^^^^^^^^^^^^^
    ))
    ^^
sqlite3.ProgrammingError: Error binding parameter 1: type 'Platform' is not supported
2026-08-18 02:04:02,128 [ERROR] xenia_manager: Failed to add game: Xbox360Game(game_id='565507E0', title='Eragon', platform=<Platform.XBOX360: 'Xbox360'>, config_path=WindowsPath('Emulators/Xenia Canary/config/Eragon.config.toml'), favourite=False, last_played=None, play_count=0, play_time=0, emulator='xenia', emulator_version='Canary', discs=[GameDisc(media_id='3A0984B4', file_path=WindowsPath('H:/roms/xbox360/Eragon (Europe).iso'), disc_count=1, disc_type='DVD', disc_swap_required=False, disc_number=1, label=None)])
Error: Error binding parameter 1: type 'Platform' is not supported
Traceback (most recent call last):
  File "C:\PycharmProjects\xenia-game-manager\src\db.py", line 1049, in import_games_from_source
    self.add_game(game)
    ~~~~~~~~~~~~~^^^^^^
  File "C:\PycharmProjects\xenia-game-manager\src\db.py", line 1081, in add_game
    con.execute("""
    ~~~~~~~~~~~^^^^
        INSERT INTO games (
        ^^^^^^^^^^^^^^^^^^^
    ...<14 lines>...
        str(game.config_path) if game.config_path else None,
        ^^^^^^^^^^^^^^^^^^^^^^^^^^^^^^^^^^^^^^^^^^^^^^^^^^^^
    ))
    ^^
sqlite3.ProgrammingError: Error binding parameter 1: type 'Platform' is not supported
2026-08-18 02:04:02,130 [ERROR] xenia_manager: Failed to add game: Xbox360Game(game_id='4E4D07E2', title='Eternal Sonata', platform=<Platform.XBOX360: 'Xbox360'>, config_path=WindowsPath('Emulators/Xenia Canary/config/Eternal Sonata.config.toml'), favourite=False, last_played=None, play_count=0, play_time=0, emulator='xenia', emulator_version='Canary', discs=[GameDisc(media_id='525E9AA8', file_path=WindowsPath('H:/roms/xbox360/Eternal Sonata [PAL].iso'), disc_count=1, disc_type='DVD', disc_swap_required=False, disc_number=1, label=None)])
Error: Error binding parameter 1: type 'Platform' is not supported
Traceback (most recent call last):
  File "C:\PycharmProjects\xenia-game-manager\src\db.py", line 1049, in import_games_from_source
    self.add_game(game)
    ~~~~~~~~~~~~~^^^^^^
  File "C:\PycharmProjects\xenia-game-manager\src\db.py", line 1081, in add_game
    con.execute("""
    ~~~~~~~~~~~^^^^
        INSERT INTO games (
        ^^^^^^^^^^^^^^^^^^^
    ...<14 lines>...
        str(game.config_path) if game.config_path else None,
        ^^^^^^^^^^^^^^^^^^^^^^^^^^^^^^^^^^^^^^^^^^^^^^^^^^^^
    ))
    ^^
sqlite3.ProgrammingError: Error binding parameter 1: type 'Platform' is not supported
2026-08-18 02:04:02,131 [ERROR] xenia_manager: Failed to add game: Xbox360Game(game_id='434D084F', title='F1 2013 - Complete Edition', platform=<Platform.XBOX360: 'Xbox360'>, config_path=WindowsPath('Emulators/Xenia Canary/config/F1 2013 - Complete Edition.config.toml'), favourite=False, last_played=None, play_count=0, play_time=0, emulator='xenia', emulator_version='Canary', discs=[GameDisc(media_id='1B2F61B1', file_path=WindowsPath('D:/roms/xbox360/F1 2013 - Complete Edition (Europe) (En,Fr,De,Es,It,Pl,Ru).iso'), disc_count=1, disc_type='DVD', disc_swap_required=False, disc_number=1, label=None)])
Error: Error binding parameter 1: type 'Platform' is not supported
Traceback (most recent call last):
  File "C:\PycharmProjects\xenia-game-manager\src\db.py", line 1049, in import_games_from_source
    self.add_game(game)
    ~~~~~~~~~~~~~^^^^^^
  File "C:\PycharmProjects\xenia-game-manager\src\db.py", line 1081, in add_game
    con.execute("""
    ~~~~~~~~~~~^^^^
        INSERT INTO games (
        ^^^^^^^^^^^^^^^^^^^
    ...<14 lines>...
        str(game.config_path) if game.config_path else None,
        ^^^^^^^^^^^^^^^^^^^^^^^^^^^^^^^^^^^^^^^^^^^^^^^^^^^^
    ))
    ^^
sqlite3.ProgrammingError: Error binding parameter 1: type 'Platform' is not supported
2026-08-18 02:04:02,133 [ERROR] xenia_manager: Failed to add game: Xbox360Game(game_id='434D0849', title='F1 Race Stars', platform=<Platform.XBOX360: 'Xbox360'>, config_path=WindowsPath('Emulators/Xenia Canary/config/F1 Race Stars.config.toml'), favourite=False, last_played=None, play_count=0, play_time=19.739477381666667, emulator='xenia', emulator_version='Canary', discs=[GameDisc(media_id='332DB909', file_path=WindowsPath('H:/roms/xbox360/F1 Race Stars (USA, Europe) (En,Fr,De,Es,It,Pt,Pl).iso'), disc_count=1, disc_type='DVD', disc_swap_required=False, disc_number=1, label=None)])
Error: Error binding parameter 1: type 'Platform' is not supported
Traceback (most recent call last):
  File "C:\PycharmProjects\xenia-game-manager\src\db.py", line 1049, in import_games_from_source
    self.add_game(game)
    ~~~~~~~~~~~~~^^^^^^
  File "C:\PycharmProjects\xenia-game-manager\src\db.py", line 1081, in add_game
    con.execute("""
    ~~~~~~~~~~~^^^^
        INSERT INTO games (
        ^^^^^^^^^^^^^^^^^^^
    ...<14 lines>...
        str(game.config_path) if game.config_path else None,
        ^^^^^^^^^^^^^^^^^^^^^^^^^^^^^^^^^^^^^^^^^^^^^^^^^^^^
    ))
    ^^
sqlite3.ProgrammingError: Error binding parameter 1: type 'Platform' is not supported
2026-08-18 02:04:02,135 [ERROR] xenia_manager: Failed to add game: Xbox360Game(game_id='4D530A1A', title='Fable The Journey', platform=<Platform.XBOX360: 'Xbox360'>, config_path=WindowsPath('Emulators/Xenia Canary/config/Fable The Journey.config.toml'), favourite=False, last_played=None, play_count=0, play_time=0, emulator='xenia', emulator_version='Canary', discs=[GameDisc(media_id='5E2FABB9', file_path=WindowsPath('D:/roms/xbox360/Fable - The Journey (Europe) (En,It,Pt).zar'), disc_count=1, disc_type='DVD', disc_swap_required=False, disc_number=1, label=None)])
Error: Error binding parameter 1: type 'Platform' is not supported
Traceback (most recent call last):
  File "C:\PycharmProjects\xenia-game-manager\src\db.py", line 1049, in import_games_from_source
    self.add_game(game)
    ~~~~~~~~~~~~~^^^^^^
  File "C:\PycharmProjects\xenia-game-manager\src\db.py", line 1081, in add_game
    con.execute("""
    ~~~~~~~~~~~^^^^
        INSERT INTO games (
        ^^^^^^^^^^^^^^^^^^^
    ...<14 lines>...
        str(game.config_path) if game.config_path else None,
        ^^^^^^^^^^^^^^^^^^^^^^^^^^^^^^^^^^^^^^^^^^^^^^^^^^^^
    ))
    ^^
sqlite3.ProgrammingError: Error binding parameter 1: type 'Platform' is not supported
2026-08-18 02:04:02,138 [ERROR] xenia_manager: Failed to add game: Xbox360Game(game_id='425307E0', title='Fallout - New Vegas', platform=<Platform.XBOX360: 'Xbox360'>, config_path=WindowsPath('Emulators/Xenia Canary/config/Fallout - New Vegas.config.toml'), favourite=False, last_played=None, play_count=0, play_time=64.83310039166666, emulator='xenia', emulator_version='Canary', discs=[GameDisc(media_id='6470401C', file_path=WindowsPath('D:/roms/xbox360/Fallout - New Vegas (USA, Europe).iso'), disc_count=1, disc_type='DVD', disc_swap_required=False, disc_number=1, label=None)])
Error: Error binding parameter 1: type 'Platform' is not supported
Traceback (most recent call last):
  File "C:\PycharmProjects\xenia-game-manager\src\db.py", line 1049, in import_games_from_source
    self.add_game(game)
    ~~~~~~~~~~~~~^^^^^^
  File "C:\PycharmProjects\xenia-game-manager\src\db.py", line 1081, in add_game
    con.execute("""
    ~~~~~~~~~~~^^^^
        INSERT INTO games (
        ^^^^^^^^^^^^^^^^^^^
    ...<14 lines>...
        str(game.config_path) if game.config_path else None,
        ^^^^^^^^^^^^^^^^^^^^^^^^^^^^^^^^^^^^^^^^^^^^^^^^^^^^
    ))
    ^^
sqlite3.ProgrammingError: Error binding parameter 1: type 'Platform' is not supported
2026-08-18 02:04:02,140 [ERROR] xenia_manager: Failed to add game: Xbox360Game(game_id='FFED2000', title='Fallout - New Vegas - Ultimate Edition (USA)', platform=<Platform.XBOX360: 'Xbox360'>, config_path=WindowsPath('Emulators/Xenia Canary/config/Fallout - New Vegas - Ultimate Edition (USA) (Disc 2).config.toml'), favourite=False, last_played=None, play_count=0, play_time=0.635569945, emulator='xenia', emulator_version='Canary', discs=[GameDisc(media_id='30672AE2', file_path=WindowsPath('H:/roms/xbox360/Fallout - New Vegas - Ultimate Edition (USA) (Disc 2).iso'), disc_count=1, disc_type='DVD', disc_swap_required=False, disc_number=2, label=None)])
Error: Error binding parameter 1: type 'Platform' is not supported
Traceback (most recent call last):
  File "C:\PycharmProjects\xenia-game-manager\src\db.py", line 1049, in import_games_from_source
    self.add_game(game)
    ~~~~~~~~~~~~~^^^^^^
  File "C:\PycharmProjects\xenia-game-manager\src\db.py", line 1081, in add_game
    con.execute("""
    ~~~~~~~~~~~^^^^
        INSERT INTO games (
        ^^^^^^^^^^^^^^^^^^^
    ...<14 lines>...
        str(game.config_path) if game.config_path else None,
        ^^^^^^^^^^^^^^^^^^^^^^^^^^^^^^^^^^^^^^^^^^^^^^^^^^^^
    ))
    ^^
sqlite3.ProgrammingError: Error binding parameter 1: type 'Platform' is not supported
2026-08-18 02:04:02,143 [ERROR] xenia_manager: Failed to add game: Xbox360Game(game_id='425307D5', title='Fallout 3', platform=<Platform.XBOX360: 'Xbox360'>, config_path=WindowsPath('Emulators/Xenia Canary/config/Fallout 3.config.toml'), favourite=False, last_played=None, play_count=0, play_time=0, emulator='xenia', emulator_version='Canary', discs=[GameDisc(media_id='66420EB4', file_path=WindowsPath('H:/roms/xbox360/Fallout 3 (USA).iso'), disc_count=1, disc_type='DVD', disc_swap_required=False, disc_number=1, label=None)])
Error: Error binding parameter 1: type 'Platform' is not supported
Traceback (most recent call last):
  File "C:\PycharmProjects\xenia-game-manager\src\db.py", line 1049, in import_games_from_source
    self.add_game(game)
    ~~~~~~~~~~~~~^^^^^^
  File "C:\PycharmProjects\xenia-game-manager\src\db.py", line 1081, in add_game
    con.execute("""
    ~~~~~~~~~~~^^^^
        INSERT INTO games (
        ^^^^^^^^^^^^^^^^^^^
    ...<14 lines>...
        str(game.config_path) if game.config_path else None,
        ^^^^^^^^^^^^^^^^^^^^^^^^^^^^^^^^^^^^^^^^^^^^^^^^^^^^
    ))
    ^^
sqlite3.ProgrammingError: Error binding parameter 1: type 'Platform' is not supported
2026-08-18 02:04:02,145 [ERROR] xenia_manager: Failed to add game: Xbox360Game(game_id='FFED2000', title='Fallout 3 - Game of the Year Edition (USA, Europe)', platform=<Platform.XBOX360: 'Xbox360'>, config_path=WindowsPath('Emulators/Xenia Canary/config/Fallout 3 - Game of the Year Edition (USA, Europe) (Disc 2).config.toml'), favourite=False, last_played=None, play_count=0, play_time=0.8630007066666666, emulator='xenia', emulator_version='Canary', discs=[GameDisc(media_id='5749C425', file_path=WindowsPath('H:/roms/xbox360/Fallout 3 - Game of the Year Edition (USA, Europe) (Disc 2).iso'), disc_count=1, disc_type='DVD', disc_swap_required=False, disc_number=2, label=None)])
Error: Error binding parameter 1: type 'Platform' is not supported
Traceback (most recent call last):
  File "C:\PycharmProjects\xenia-game-manager\src\db.py", line 1049, in import_games_from_source
    self.add_game(game)
    ~~~~~~~~~~~~~^^^^^^
  File "C:\PycharmProjects\xenia-game-manager\src\db.py", line 1081, in add_game
    con.execute("""
    ~~~~~~~~~~~^^^^
        INSERT INTO games (
        ^^^^^^^^^^^^^^^^^^^
    ...<14 lines>...
        str(game.config_path) if game.config_path else None,
        ^^^^^^^^^^^^^^^^^^^^^^^^^^^^^^^^^^^^^^^^^^^^^^^^^^^^
    ))
    ^^
sqlite3.ProgrammingError: Error binding parameter 1: type 'Platform' is not supported
2026-08-18 02:04:02,147 [ERROR] xenia_manager: Failed to add game: Xbox360Game(game_id='464507E1', title='Farming Simulator 15', platform=<Platform.XBOX360: 'Xbox360'>, config_path=WindowsPath('Emulators/Xenia Canary/config/Farming Simulator 15.config.toml'), favourite=False, last_played=None, play_count=0, play_time=0, emulator='xenia', emulator_version='Canary', discs=[GameDisc(media_id='576D3D13', file_path=WindowsPath('D:/roms/xbox360/Farming Simulator 15 (USA, Europe) (En,Fr,De,Es,It,Nl,Pt,Pl,Ru).zar'), disc_count=1, disc_type='DVD', disc_swap_required=False, disc_number=1, label=None)])
Error: Error binding parameter 1: type 'Platform' is not supported
Traceback (most recent call last):
  File "C:\PycharmProjects\xenia-game-manager\src\db.py", line 1049, in import_games_from_source
    self.add_game(game)
    ~~~~~~~~~~~~~^^^^^^
  File "C:\PycharmProjects\xenia-game-manager\src\db.py", line 1081, in add_game
    con.execute("""
    ~~~~~~~~~~~^^^^
        INSERT INTO games (
        ^^^^^^^^^^^^^^^^^^^
    ...<14 lines>...
        str(game.config_path) if game.config_path else None,
        ^^^^^^^^^^^^^^^^^^^^^^^^^^^^^^^^^^^^^^^^^^^^^^^^^^^^
    ))
    ^^
sqlite3.ProgrammingError: Error binding parameter 1: type 'Platform' is not supported
2026-08-18 02:04:02,150 [ERROR] xenia_manager: Failed to add game: Xbox360Game(game_id='415608ED', title='Fast & Furious - Showdown', platform=<Platform.XBOX360: 'Xbox360'>, config_path=WindowsPath('Emulators/Xenia Canary/config/Fast & Furious - Showdown.config.toml'), favourite=False, last_played=None, play_count=0, play_time=0, emulator='xenia', emulator_version='Canary', discs=[GameDisc(media_id='7E4134DD', file_path=WindowsPath('H:/roms/xbox360/Fast & Furious - Showdown (USA, Europe).iso'), disc_count=1, disc_type='DVD', disc_swap_required=False, disc_number=1, label=None)])
Error: Error binding parameter 1: type 'Platform' is not supported
Traceback (most recent call last):
  File "C:\PycharmProjects\xenia-game-manager\src\db.py", line 1049, in import_games_from_source
    self.add_game(game)
    ~~~~~~~~~~~~~^^^^^^
  File "C:\PycharmProjects\xenia-game-manager\src\db.py", line 1081, in add_game
    con.execute("""
    ~~~~~~~~~~~^^^^
        INSERT INTO games (
        ^^^^^^^^^^^^^^^^^^^
    ...<14 lines>...
        str(game.config_path) if game.config_path else None,
        ^^^^^^^^^^^^^^^^^^^^^^^^^^^^^^^^^^^^^^^^^^^^^^^^^^^^
    ))
    ^^
sqlite3.ProgrammingError: Error binding parameter 1: type 'Platform' is not supported
2026-08-18 02:04:02,153 [ERROR] xenia_manager: Failed to add game: Xbox360Game(game_id='4B5607E3', title="Fist of the North Star - Ken's Rage 2", platform=<Platform.XBOX360: 'Xbox360'>, config_path=WindowsPath("Emulators/Xenia Canary/config/Fist of the North Star - Ken's Rage 2.config.toml"), favourite=False, last_played=None, play_count=0, play_time=0, emulator='xenia', emulator_version='Canary', discs=[GameDisc(media_id='51CFBFD9', file_path=WindowsPath("H:/roms/xbox360/Fist of the North Star - Ken's Rage 2 (USA).iso"), disc_count=1, disc_type='DVD', disc_swap_required=False, disc_number=1, label=None)])
Error: Error binding parameter 1: type 'Platform' is not supported
Traceback (most recent call last):
  File "C:\PycharmProjects\xenia-game-manager\src\db.py", line 1049, in import_games_from_source
    self.add_game(game)
    ~~~~~~~~~~~~~^^^^^^
  File "C:\PycharmProjects\xenia-game-manager\src\db.py", line 1081, in add_game
    con.execute("""
    ~~~~~~~~~~~^^^^
        INSERT INTO games (
        ^^^^^^^^^^^^^^^^^^^
    ...<14 lines>...
        str(game.config_path) if game.config_path else None,
        ^^^^^^^^^^^^^^^^^^^^^^^^^^^^^^^^^^^^^^^^^^^^^^^^^^^^
    ))
    ^^
sqlite3.ProgrammingError: Error binding parameter 1: type 'Platform' is not supported
2026-08-18 02:04:02,155 [ERROR] xenia_manager: Failed to add game: Xbox360Game(game_id='454D07D2', title='FlatOut Uc', platform=<Platform.XBOX360: 'Xbox360'>, config_path=WindowsPath('Emulators/Xenia Canary/config/FlatOut UC.config.toml'), favourite=False, last_played=None, play_count=0, play_time=25.989930881666666, emulator='xenia', emulator_version='Canary', discs=[GameDisc(media_id='6C323A15', file_path=WindowsPath('H:/roms/xbox360/FlatOut - Ultimate Carnage (USA, Europe) (En,Fr,De,Es,It).iso'), disc_count=1, disc_type='DVD', disc_swap_required=False, disc_number=1, label=None)])
Error: Error binding parameter 1: type 'Platform' is not supported
Traceback (most recent call last):
  File "C:\PycharmProjects\xenia-game-manager\src\db.py", line 1049, in import_games_from_source
    self.add_game(game)
    ~~~~~~~~~~~~~^^^^^^
  File "C:\PycharmProjects\xenia-game-manager\src\db.py", line 1081, in add_game
    con.execute("""
    ~~~~~~~~~~~^^^^
        INSERT INTO games (
        ^^^^^^^^^^^^^^^^^^^
    ...<14 lines>...
        str(game.config_path) if game.config_path else None,
        ^^^^^^^^^^^^^^^^^^^^^^^^^^^^^^^^^^^^^^^^^^^^^^^^^^^^
    ))
    ^^
sqlite3.ProgrammingError: Error binding parameter 1: type 'Platform' is not supported
2026-08-18 02:04:02,158 [ERROR] xenia_manager: Failed to add game: Xbox360Game(game_id='4D5309C9', title='Forza Horizon', platform=<Platform.XBOX360: 'Xbox360'>, config_path=WindowsPath('Emulators/Xenia Netplay/config/Forza Horizon.config.toml'), favourite=False, last_played=None, play_count=0, play_time=151.05723965333334, emulator='xenia', emulator_version='Netplay', discs=[GameDisc(media_id='4000D145', file_path=WindowsPath('H:/roms/xbox360/Forza Horizon (Europe) (En,Fr,De,Es,It,Nl).iso'), disc_count=1, disc_type='DVD', disc_swap_required=False, disc_number=1, label=None)])
Error: Error binding parameter 1: type 'Platform' is not supported
Traceback (most recent call last):
  File "C:\PycharmProjects\xenia-game-manager\src\db.py", line 1049, in import_games_from_source
    self.add_game(game)
    ~~~~~~~~~~~~~^^^^^^
  File "C:\PycharmProjects\xenia-game-manager\src\db.py", line 1081, in add_game
    con.execute("""
    ~~~~~~~~~~~^^^^
        INSERT INTO games (
        ^^^^^^^^^^^^^^^^^^^
    ...<14 lines>...
        str(game.config_path) if game.config_path else None,
        ^^^^^^^^^^^^^^^^^^^^^^^^^^^^^^^^^^^^^^^^^^^^^^^^^^^^
    ))
    ^^
sqlite3.ProgrammingError: Error binding parameter 1: type 'Platform' is not supported
2026-08-18 02:04:02,161 [ERROR] xenia_manager: Failed to add game: Xbox360Game(game_id='4D530AA4', title='Forza Horizon 2', platform=<Platform.XBOX360: 'Xbox360'>, config_path=WindowsPath('Emulators/Xenia Netplay/config/Forza Horizon 2.config.toml'), favourite=False, last_played=None, play_count=0, play_time=0, emulator='xenia', emulator_version='Netplay', discs=[GameDisc(media_id='7C7779D1', file_path=WindowsPath('H:/roms/xbox360/Forza Horizon 2 (USA) (En,Ja,Fr,De,Es,It,Pt,Zh,Pl,Ru).iso'), disc_count=1, disc_type='DVD', disc_swap_required=False, disc_number=1, label=None)])
Error: Error binding parameter 1: type 'Platform' is not supported
Traceback (most recent call last):
  File "C:\PycharmProjects\xenia-game-manager\src\db.py", line 1049, in import_games_from_source
    self.add_game(game)
    ~~~~~~~~~~~~~^^^^^^
  File "C:\PycharmProjects\xenia-game-manager\src\db.py", line 1081, in add_game
    con.execute("""
    ~~~~~~~~~~~^^^^
        INSERT INTO games (
        ^^^^^^^^^^^^^^^^^^^
    ...<14 lines>...
        str(game.config_path) if game.config_path else None,
        ^^^^^^^^^^^^^^^^^^^^^^^^^^^^^^^^^^^^^^^^^^^^^^^^^^^^
    ))
    ^^
sqlite3.ProgrammingError: Error binding parameter 1: type 'Platform' is not supported
2026-08-18 02:04:02,164 [ERROR] xenia_manager: Failed to add game: Xbox360Game(game_id='4D5307EA', title='Forza Motorsport 2', platform=<Platform.XBOX360: 'Xbox360'>, config_path=WindowsPath('Emulators/Xenia Canary/config/Forza Motorsport 2.config.toml'), favourite=False, last_played=None, play_count=0, play_time=0, emulator='xenia', emulator_version='Canary', discs=[GameDisc(media_id='3E3180AE', file_path=WindowsPath('D:/roms/xbox360/Forza Motorsport 2 (Europe) (En,Ja,Fr,De,Es,It,Zh,Ko,Pl,Cs,Hu).iso'), disc_count=1, disc_type='DVD', disc_swap_required=False, disc_number=1, label=None)])
Error: Error binding parameter 1: type 'Platform' is not supported
Traceback (most recent call last):
  File "C:\PycharmProjects\xenia-game-manager\src\db.py", line 1049, in import_games_from_source
    self.add_game(game)
    ~~~~~~~~~~~~~^^^^^^
  File "C:\PycharmProjects\xenia-game-manager\src\db.py", line 1081, in add_game
    con.execute("""
    ~~~~~~~~~~~^^^^
        INSERT INTO games (
        ^^^^^^^^^^^^^^^^^^^
    ...<14 lines>...
        str(game.config_path) if game.config_path else None,
        ^^^^^^^^^^^^^^^^^^^^^^^^^^^^^^^^^^^^^^^^^^^^^^^^^^^^
    ))
    ^^
sqlite3.ProgrammingError: Error binding parameter 1: type 'Platform' is not supported
2026-08-18 02:04:02,167 [ERROR] xenia_manager: Failed to add game: Xbox360Game(game_id='534507D5', title='Full Auto', platform=<Platform.XBOX360: 'Xbox360'>, config_path=WindowsPath('Emulators/Xenia Canary/config/Full Auto.config.toml'), favourite=False, last_played=None, play_count=0, play_time=0, emulator='xenia', emulator_version='Canary', discs=[GameDisc(media_id='1D5F3880', file_path=WindowsPath('H:/roms/xbox360/Full Auto (USA, Europe) (En,Fr,De,Es,It).iso'), disc_count=1, disc_type='DVD', disc_swap_required=False, disc_number=1, label=None)])
Error: Error binding parameter 1: type 'Platform' is not supported
Traceback (most recent call last):
  File "C:\PycharmProjects\xenia-game-manager\src\db.py", line 1049, in import_games_from_source
    self.add_game(game)
    ~~~~~~~~~~~~~^^^^^^
  File "C:\PycharmProjects\xenia-game-manager\src\db.py", line 1081, in add_game
    con.execute("""
    ~~~~~~~~~~~^^^^
        INSERT INTO games (
        ^^^^^^^^^^^^^^^^^^^
    ...<14 lines>...
        str(game.config_path) if game.config_path else None,
        ^^^^^^^^^^^^^^^^^^^^^^^^^^^^^^^^^^^^^^^^^^^^^^^^^^^^
    ))
    ^^
sqlite3.ProgrammingError: Error binding parameter 1: type 'Platform' is not supported
2026-08-18 02:04:02,170 [ERROR] xenia_manager: Failed to add game: Xbox360Game(game_id='584108BB', title='Galaga Legions', platform=<Platform.XBOX360: 'Xbox360'>, config_path=WindowsPath('Emulators/Xenia Canary/config/Galaga Legions.config.toml'), favourite=False, last_played=None, play_count=0, play_time=0, emulator='xenia', emulator_version='Canary', discs=[GameDisc(media_id='745C95D4', file_path=WindowsPath('D:/roms/xbox360/584108BB/000D0000/CED63B0E9958E30F4D3E506624A04135DBB08B3B58'), disc_count=1, disc_type='XBLA', disc_swap_required=False, disc_number=1, label=None)])
Error: Error binding parameter 1: type 'Platform' is not supported
Traceback (most recent call last):
  File "C:\PycharmProjects\xenia-game-manager\src\db.py", line 1049, in import_games_from_source
    self.add_game(game)
    ~~~~~~~~~~~~~^^^^^^
  File "C:\PycharmProjects\xenia-game-manager\src\db.py", line 1081, in add_game
    con.execute("""
    ~~~~~~~~~~~^^^^
        INSERT INTO games (
        ^^^^^^^^^^^^^^^^^^^
    ...<14 lines>...
        str(game.config_path) if game.config_path else None,
        ^^^^^^^^^^^^^^^^^^^^^^^^^^^^^^^^^^^^^^^^^^^^^^^^^^^^
    ))
    ^^
sqlite3.ProgrammingError: Error binding parameter 1: type 'Platform' is not supported
2026-08-18 02:04:02,172 [ERROR] xenia_manager: Failed to add game: Xbox360Game(game_id='4D530A26', title='Gears of War - Judgment', platform=<Platform.XBOX360: 'Xbox360'>, config_path=WindowsPath('Emulators/Xenia Netplay/config/Gears of War - Judgment.config.toml'), favourite=False, last_played=None, play_count=0, play_time=263.37482514333334, emulator='xenia', emulator_version='Netplay', discs=[GameDisc(media_id='3528321A', file_path=WindowsPath('D:/roms/xbox360/Gears of War - Judgment (USA, Europe) (En,Fr,Es,Nl,No,Da,Fi,Zh,Ko,Pl,Cs,Hu).iso'), disc_count=1, disc_type='DVD', disc_swap_required=False, disc_number=1, label=None)])
Error: Error binding parameter 1: type 'Platform' is not supported
Traceback (most recent call last):
  File "C:\PycharmProjects\xenia-game-manager\src\db.py", line 1049, in import_games_from_source
    self.add_game(game)
    ~~~~~~~~~~~~~^^^^^^
  File "C:\PycharmProjects\xenia-game-manager\src\db.py", line 1081, in add_game
    con.execute("""
    ~~~~~~~~~~~^^^^
        INSERT INTO games (
        ^^^^^^^^^^^^^^^^^^^
    ...<14 lines>...
        str(game.config_path) if game.config_path else None,
        ^^^^^^^^^^^^^^^^^^^^^^^^^^^^^^^^^^^^^^^^^^^^^^^^^^^^
    ))
    ^^
sqlite3.ProgrammingError: Error binding parameter 1: type 'Platform' is not supported
2026-08-18 02:04:02,175 [ERROR] xenia_manager: Failed to add game: Xbox360Game(game_id='4D5308AB', title='Gears of War 3', platform=<Platform.XBOX360: 'Xbox360'>, config_path=WindowsPath('Emulators/Xenia Canary/config/Gears of War 3.config.toml'), favourite=False, last_played=None, play_count=0, play_time=13.423223633333333, emulator='xenia', emulator_version='Canary', discs=[GameDisc(media_id='52AC485A', file_path=WindowsPath('D:/roms/xbox360/Gears of War 3 (UK).iso'), disc_count=1, disc_type='DVD', disc_swap_required=False, disc_number=1, label=None)])
Error: Error binding parameter 1: type 'Platform' is not supported
Traceback (most recent call last):
  File "C:\PycharmProjects\xenia-game-manager\src\db.py", line 1049, in import_games_from_source
    self.add_game(game)
    ~~~~~~~~~~~~~^^^^^^
  File "C:\PycharmProjects\xenia-game-manager\src\db.py", line 1081, in add_game
    con.execute("""
    ~~~~~~~~~~~^^^^
        INSERT INTO games (
        ^^^^^^^^^^^^^^^^^^^
    ...<14 lines>...
        str(game.config_path) if game.config_path else None,
        ^^^^^^^^^^^^^^^^^^^^^^^^^^^^^^^^^^^^^^^^^^^^^^^^^^^^
    ))
    ^^
sqlite3.ProgrammingError: Error binding parameter 1: type 'Platform' is not supported
2026-08-18 02:04:02,177 [ERROR] xenia_manager: Failed to add game: Xbox360Game(game_id='415608AF', title='GoldenEye 007 Reloaded', platform=<Platform.XBOX360: 'Xbox360'>, config_path=WindowsPath('Emulators/Xenia Canary/config/GoldenEye 007 Reloaded.config.toml'), favourite=False, last_played=None, play_count=0, play_time=30.144756838333333, emulator='xenia', emulator_version='Canary', discs=[GameDisc(media_id='40583A82', file_path=WindowsPath('H:/roms/xbox360/GoldenEye 007 - Reloaded (USA, Europe) (En,Fr,De,Es,It).iso'), disc_count=1, disc_type='DVD', disc_swap_required=False, disc_number=1, label=None)])
Error: Error binding parameter 1: type 'Platform' is not supported
Traceback (most recent call last):
  File "C:\PycharmProjects\xenia-game-manager\src\db.py", line 1049, in import_games_from_source
    self.add_game(game)
    ~~~~~~~~~~~~~^^^^^^
  File "C:\PycharmProjects\xenia-game-manager\src\db.py", line 1081, in add_game
    con.execute("""
    ~~~~~~~~~~~^^^^
        INSERT INTO games (
        ^^^^^^^^^^^^^^^^^^^
    ...<14 lines>...
        str(game.config_path) if game.config_path else None,
        ^^^^^^^^^^^^^^^^^^^^^^^^^^^^^^^^^^^^^^^^^^^^^^^^^^^^
    ))
    ^^
sqlite3.ProgrammingError: Error binding parameter 1: type 'Platform' is not supported
2026-08-18 02:04:02,179 [ERROR] xenia_manager: Failed to add game: Xbox360Game(game_id='545407F2', title='Grand Theft Auto IV', platform=<Platform.XBOX360: 'Xbox360'>, config_path=WindowsPath('Emulators/Xenia Canary/config/Grand Theft Auto IV.config.toml'), favourite=False, last_played=None, play_count=0, play_time=0, emulator='xenia', emulator_version='Canary', discs=[GameDisc(media_id='4A53F9F6', file_path=WindowsPath('D:/roms/xbox360/Grand Theft Auto IV (Europe, Asia) (En,Fr,De,Es,It).iso'), disc_count=1, disc_type='DVD', disc_swap_required=False, disc_number=1, label=None)])
Error: Error binding parameter 1: type 'Platform' is not supported
Traceback (most recent call last):
  File "C:\PycharmProjects\xenia-game-manager\src\db.py", line 1049, in import_games_from_source
    self.add_game(game)
    ~~~~~~~~~~~~~^^^^^^
  File "C:\PycharmProjects\xenia-game-manager\src\db.py", line 1081, in add_game
    con.execute("""
    ~~~~~~~~~~~^^^^
        INSERT INTO games (
        ^^^^^^^^^^^^^^^^^^^
    ...<14 lines>...
        str(game.config_path) if game.config_path else None,
        ^^^^^^^^^^^^^^^^^^^^^^^^^^^^^^^^^^^^^^^^^^^^^^^^^^^^
    ))
    ^^
sqlite3.ProgrammingError: Error binding parameter 1: type 'Platform' is not supported
2026-08-18 02:04:02,181 [ERROR] xenia_manager: Failed to add game: Xbox360Game(game_id='445407D4', title='Gray Matter', platform=<Platform.XBOX360: 'Xbox360'>, config_path=WindowsPath('Emulators/Xenia Canary/config/Gray Matter.config.toml'), favourite=False, last_played=None, play_count=0, play_time=0, emulator='xenia', emulator_version='Canary', discs=[GameDisc(media_id='4806A474', file_path=WindowsPath('D:/roms/xbox360/445407D4/00007000/15EC0198EE25F66A13E7'), disc_count=1, disc_type='XBLA', disc_swap_required=False, disc_number=1, label=None)])
Error: Error binding parameter 1: type 'Platform' is not supported
Traceback (most recent call last):
  File "C:\PycharmProjects\xenia-game-manager\src\db.py", line 1049, in import_games_from_source
    self.add_game(game)
    ~~~~~~~~~~~~~^^^^^^
  File "C:\PycharmProjects\xenia-game-manager\src\db.py", line 1081, in add_game
    con.execute("""
    ~~~~~~~~~~~^^^^
        INSERT INTO games (
        ^^^^^^^^^^^^^^^^^^^
    ...<14 lines>...
        str(game.config_path) if game.config_path else None,
        ^^^^^^^^^^^^^^^^^^^^^^^^^^^^^^^^^^^^^^^^^^^^^^^^^^^^
    ))
    ^^
sqlite3.ProgrammingError: Error binding parameter 1: type 'Platform' is not supported
2026-08-18 02:04:02,183 [ERROR] xenia_manager: Failed to add game: Xbox360Game(game_id='575207E9', title='Green Lantern - Rise of the Manhunters', platform=<Platform.XBOX360: 'Xbox360'>, config_path=WindowsPath('Emulators/Xenia Canary/config/Green Lantern - Rise of the Manhunters.config.toml'), favourite=False, last_played=None, play_count=0, play_time=3.4841014416666667, emulator='xenia', emulator_version='Canary', discs=[GameDisc(media_id='2F347A2A', file_path=WindowsPath('D:/roms/xbox360/Green Lantern - Rise of the Manhunters (Europe) (En,Fr,De,Es,It,Nl).iso'), disc_count=1, disc_type='DVD', disc_swap_required=False, disc_number=1, label=None)])
Error: Error binding parameter 1: type 'Platform' is not supported
Traceback (most recent call last):
  File "C:\PycharmProjects\xenia-game-manager\src\db.py", line 1049, in import_games_from_source
    self.add_game(game)
    ~~~~~~~~~~~~~^^^^^^
  File "C:\PycharmProjects\xenia-game-manager\src\db.py", line 1081, in add_game
    con.execute("""
    ~~~~~~~~~~~^^^^
        INSERT INTO games (
        ^^^^^^^^^^^^^^^^^^^
    ...<14 lines>...
        str(game.config_path) if game.config_path else None,
        ^^^^^^^^^^^^^^^^^^^^^^^^^^^^^^^^^^^^^^^^^^^^^^^^^^^^
    ))
    ^^
sqlite3.ProgrammingError: Error binding parameter 1: type 'Platform' is not supported
2026-08-18 02:04:02,185 [ERROR] xenia_manager: Failed to add game: Xbox360Game(game_id='434D07FF', title='Grid', platform=<Platform.XBOX360: 'Xbox360'>, config_path=WindowsPath('Emulators/Xenia Canary/config/GRID.config.toml'), favourite=False, last_played=None, play_count=0, play_time=0, emulator='xenia', emulator_version='Canary', discs=[GameDisc(media_id='7AE72D76', file_path=WindowsPath('H:/roms/xbox360/GRID [RF].iso'), disc_count=1, disc_type='DVD', disc_swap_required=False, disc_number=1, label=None)])
Error: Error binding parameter 1: type 'Platform' is not supported
Traceback (most recent call last):
  File "C:\PycharmProjects\xenia-game-manager\src\db.py", line 1049, in import_games_from_source
    self.add_game(game)
    ~~~~~~~~~~~~~^^^^^^
  File "C:\PycharmProjects\xenia-game-manager\src\db.py", line 1081, in add_game
    con.execute("""
    ~~~~~~~~~~~^^^^
        INSERT INTO games (
        ^^^^^^^^^^^^^^^^^^^
    ...<14 lines>...
        str(game.config_path) if game.config_path else None,
        ^^^^^^^^^^^^^^^^^^^^^^^^^^^^^^^^^^^^^^^^^^^^^^^^^^^^
    ))
    ^^
sqlite3.ProgrammingError: Error binding parameter 1: type 'Platform' is not supported
2026-08-18 02:04:02,187 [ERROR] xenia_manager: Failed to add game: Xbox360Game(game_id='434D0851', title='Grid Autosport', platform=<Platform.XBOX360: 'Xbox360'>, config_path=WindowsPath('Emulators/Xenia Canary/config/GRID Autosport.config.toml'), favourite=False, last_played=None, play_count=0, play_time=23.89663489, emulator='xenia', emulator_version='Canary', discs=[GameDisc(media_id='0F170E8E', file_path=WindowsPath('D:/roms/xbox360/Grid Autosport (USA, Europe) (En,Fr,De,Es,It,Pt,Pl,Ru).zar'), disc_count=1, disc_type='DVD', disc_swap_required=False, disc_number=1, label=None)])
Error: Error binding parameter 1: type 'Platform' is not supported
Traceback (most recent call last):
  File "C:\PycharmProjects\xenia-game-manager\src\db.py", line 1049, in import_games_from_source
    self.add_game(game)
    ~~~~~~~~~~~~~^^^^^^
  File "C:\PycharmProjects\xenia-game-manager\src\db.py", line 1081, in add_game
    con.execute("""
    ~~~~~~~~~~~^^^^
        INSERT INTO games (
        ^^^^^^^^^^^^^^^^^^^
    ...<14 lines>...
        str(game.config_path) if game.config_path else None,
        ^^^^^^^^^^^^^^^^^^^^^^^^^^^^^^^^^^^^^^^^^^^^^^^^^^^^
    ))
    ^^
sqlite3.ProgrammingError: Error binding parameter 1: type 'Platform' is not supported
2026-08-18 02:04:02,188 [ERROR] xenia_manager: Failed to add game: Xbox360Game(game_id='415607D3', title='Gun', platform=<Platform.XBOX360: 'Xbox360'>, config_path=WindowsPath('Emulators/Xenia Canary/config/Gun.config.toml'), favourite=False, last_played=None, play_count=0, play_time=27.811708303333333, emulator='xenia', emulator_version='Canary', discs=[GameDisc(media_id='00000000', file_path=WindowsPath('D:/roms/xbox360/Gun (USA) (En,Fr,Es,It).iso'), disc_count=1, disc_type='DVD', disc_swap_required=False, disc_number=1, label=None)])
Error: Error binding parameter 1: type 'Platform' is not supported
Traceback (most recent call last):
  File "C:\PycharmProjects\xenia-game-manager\src\db.py", line 1049, in import_games_from_source
    self.add_game(game)
    ~~~~~~~~~~~~~^^^^^^
  File "C:\PycharmProjects\xenia-game-manager\src\db.py", line 1081, in add_game
    con.execute("""
    ~~~~~~~~~~~^^^^
        INSERT INTO games (
        ^^^^^^^^^^^^^^^^^^^
    ...<14 lines>...
        str(game.config_path) if game.config_path else None,
        ^^^^^^^^^^^^^^^^^^^^^^^^^^^^^^^^^^^^^^^^^^^^^^^^^^^^
    ))
    ^^
sqlite3.ProgrammingError: Error binding parameter 1: type 'Platform' is not supported
2026-08-18 02:04:02,190 [ERROR] xenia_manager: Failed to add game: Xbox360Game(game_id='58410817', title='GYRUSS', platform=<Platform.XBOX360: 'Xbox360'>, config_path=WindowsPath('Emulators/Xenia Canary/config/GYRUSS.config.toml'), favourite=False, last_played=None, play_count=0, play_time=0, emulator='xenia', emulator_version='Canary', discs=[GameDisc(media_id='267CE7EE', file_path=WindowsPath('F:/xbox360/58410817/000D0000/06EE7AE2FFF418AB1D65384A05CB1869CB1C4FB758'), disc_count=1, disc_type='XBLA', disc_swap_required=False, disc_number=1, label=None)])
Error: Error binding parameter 1: type 'Platform' is not supported
Traceback (most recent call last):
  File "C:\PycharmProjects\xenia-game-manager\src\db.py", line 1049, in import_games_from_source
    self.add_game(game)
    ~~~~~~~~~~~~~^^^^^^
  File "C:\PycharmProjects\xenia-game-manager\src\db.py", line 1081, in add_game
    con.execute("""
    ~~~~~~~~~~~^^^^
        INSERT INTO games (
        ^^^^^^^^^^^^^^^^^^^
    ...<14 lines>...
        str(game.config_path) if game.config_path else None,
        ^^^^^^^^^^^^^^^^^^^^^^^^^^^^^^^^^^^^^^^^^^^^^^^^^^^^
    ))
    ^^
sqlite3.ProgrammingError: Error binding parameter 1: type 'Platform' is not supported
2026-08-18 02:04:02,192 [ERROR] xenia_manager: Failed to add game: Xbox360Game(game_id='4B4E07D3', title='Hellboy TSoE', platform=<Platform.XBOX360: 'Xbox360'>, config_path=WindowsPath('Emulators/Xenia Canary/config/Hellboy TSoE.config.toml'), favourite=False, last_played=None, play_count=0, play_time=0, emulator='xenia', emulator_version='Canary', discs=[GameDisc(media_id='67B56283', file_path=WindowsPath('H:/roms/xbox360/Hellboy - The Science of Evil (USA, Europe) (En,Fr,De,Es,It).iso'), disc_count=1, disc_type='DVD', disc_swap_required=False, disc_number=1, label=None)])
Error: Error binding parameter 1: type 'Platform' is not supported
Traceback (most recent call last):
  File "C:\PycharmProjects\xenia-game-manager\src\db.py", line 1049, in import_games_from_source
    self.add_game(game)
    ~~~~~~~~~~~~~^^^^^^
  File "C:\PycharmProjects\xenia-game-manager\src\db.py", line 1081, in add_game
    con.execute("""
    ~~~~~~~~~~~^^^^
        INSERT INTO games (
        ^^^^^^^^^^^^^^^^^^^
    ...<14 lines>...
        str(game.config_path) if game.config_path else None,
        ^^^^^^^^^^^^^^^^^^^^^^^^^^^^^^^^^^^^^^^^^^^^^^^^^^^^
    ))
    ^^
sqlite3.ProgrammingError: Error binding parameter 1: type 'Platform' is not supported
2026-08-18 02:04:02,193 [ERROR] xenia_manager: Failed to add game: Xbox360Game(game_id='53510804', title='Hitman Absolution', platform=<Platform.XBOX360: 'Xbox360'>, config_path=WindowsPath('Emulators/Xenia Canary/config/Hitman Absolution.config.toml'), favourite=False, last_played=None, play_count=0, play_time=0, emulator='xenia', emulator_version='Canary', discs=[GameDisc(media_id='1FE07176', file_path=WindowsPath('H:/roms/xbox360/Hitman Absolution [PAL][NTSCU].iso'), disc_count=1, disc_type='DVD', disc_swap_required=False, disc_number=1, label=None)])
Error: Error binding parameter 1: type 'Platform' is not supported
Traceback (most recent call last):
  File "C:\PycharmProjects\xenia-game-manager\src\db.py", line 1049, in import_games_from_source
    self.add_game(game)
    ~~~~~~~~~~~~~^^^^^^
  File "C:\PycharmProjects\xenia-game-manager\src\db.py", line 1081, in add_game
    con.execute("""
    ~~~~~~~~~~~^^^^
        INSERT INTO games (
        ^^^^^^^^^^^^^^^^^^^
    ...<14 lines>...
        str(game.config_path) if game.config_path else None,
        ^^^^^^^^^^^^^^^^^^^^^^^^^^^^^^^^^^^^^^^^^^^^^^^^^^^^
    ))
    ^^
sqlite3.ProgrammingError: Error binding parameter 1: type 'Platform' is not supported
2026-08-18 02:04:02,195 [ERROR] xenia_manager: Failed to add game: Xbox360Game(game_id='5351081C', title='Hitman HD Pack', platform=<Platform.XBOX360: 'Xbox360'>, config_path=WindowsPath('Emulators/Xenia Canary/config/Hitman HD Pack.config.toml'), favourite=False, last_played=None, play_count=0, play_time=0, emulator='xenia', emulator_version='Canary', discs=[GameDisc(media_id='63956038', file_path=WindowsPath('H:/roms/xbox360/Hitman HD Trilogy (USA, Europe) (En,Fr,De) (Disc 1).iso'), disc_count=1, disc_type='DVD', disc_swap_required=False, disc_number=1, label=None)])
Error: Error binding parameter 1: type 'Platform' is not supported
Traceback (most recent call last):
  File "C:\PycharmProjects\xenia-game-manager\src\db.py", line 1049, in import_games_from_source
    self.add_game(game)
    ~~~~~~~~~~~~~^^^^^^
  File "C:\PycharmProjects\xenia-game-manager\src\db.py", line 1081, in add_game
    con.execute("""
    ~~~~~~~~~~~^^^^
        INSERT INTO games (
        ^^^^^^^^^^^^^^^^^^^
    ...<14 lines>...
        str(game.config_path) if game.config_path else None,
        ^^^^^^^^^^^^^^^^^^^^^^^^^^^^^^^^^^^^^^^^^^^^^^^^^^^^
    ))
    ^^
sqlite3.ProgrammingError: Error binding parameter 1: type 'Platform' is not supported
2026-08-18 02:04:02,197 [ERROR] xenia_manager: Failed to add game: Xbox360Game(game_id='5841096A', title='Hydro Thunder Hurricane', platform=<Platform.XBOX360: 'Xbox360'>, config_path=WindowsPath('Emulators/Xenia Netplay/config/Hydro Thunder Hurricane.config.toml'), favourite=False, last_played=None, play_count=0, play_time=3.7183772166666667, emulator='xenia', emulator_version='Netplay', discs=[GameDisc(media_id='1F4C5091', file_path=WindowsPath('D:/roms/xbox360/5841096A/000D0000/17EE90959CCE5C680E1B7D3DB92A616D807CFA8358'), disc_count=1, disc_type='XBLA', disc_swap_required=False, disc_number=1, label=None)])
Error: Error binding parameter 1: type 'Platform' is not supported
Traceback (most recent call last):
  File "C:\PycharmProjects\xenia-game-manager\src\db.py", line 1049, in import_games_from_source
    self.add_game(game)
    ~~~~~~~~~~~~~^^^^^^
  File "C:\PycharmProjects\xenia-game-manager\src\db.py", line 1081, in add_game
    con.execute("""
    ~~~~~~~~~~~^^^^
        INSERT INTO games (
        ^^^^^^^^^^^^^^^^^^^
    ...<14 lines>...
        str(game.config_path) if game.config_path else None,
        ^^^^^^^^^^^^^^^^^^^^^^^^^^^^^^^^^^^^^^^^^^^^^^^^^^^^
    ))
    ^^
sqlite3.ProgrammingError: Error binding parameter 1: type 'Platform' is not supported
2026-08-18 02:04:02,199 [ERROR] xenia_manager: Failed to add game: Xbox360Game(game_id='5841096A', title='Hydro Thunder Hurricane (1)', platform=<Platform.XBOX360: 'Xbox360'>, config_path=WindowsPath('Emulators/Xenia Canary/config/Hydro Thunder Hurricane (1).config.toml'), favourite=False, last_played=None, play_count=0, play_time=0, emulator='xenia', emulator_version='Canary', discs=[GameDisc(media_id='1F4C5091', file_path=WindowsPath('F:/xbox360/5841096A/000D0000/17EE90959CCE5C680E1B7D3DB92A616D807CFA8358'), disc_count=1, disc_type='XBLA', disc_swap_required=False, disc_number=1, label=None)])
Error: Error binding parameter 1: type 'Platform' is not supported
Traceback (most recent call last):
  File "C:\PycharmProjects\xenia-game-manager\src\db.py", line 1049, in import_games_from_source
    self.add_game(game)
    ~~~~~~~~~~~~~^^^^^^
  File "C:\PycharmProjects\xenia-game-manager\src\db.py", line 1081, in add_game
    con.execute("""
    ~~~~~~~~~~~^^^^
        INSERT INTO games (
        ^^^^^^^^^^^^^^^^^^^
    ...<14 lines>...
        str(game.config_path) if game.config_path else None,
        ^^^^^^^^^^^^^^^^^^^^^^^^^^^^^^^^^^^^^^^^^^^^^^^^^^^^
    ))
    ^^
sqlite3.ProgrammingError: Error binding parameter 1: type 'Platform' is not supported
2026-08-18 02:04:02,201 [ERROR] xenia_manager: Failed to add game: Xbox360Game(game_id='464F07D1', title='Il-2 Birds of Prey', platform=<Platform.XBOX360: 'Xbox360'>, config_path=WindowsPath('Emulators/Xenia Canary/config/IL-2 Birds of Prey.config.toml'), favourite=False, last_played=None, play_count=0, play_time=61.27108672, emulator='xenia', emulator_version='Canary', discs=[GameDisc(media_id='794A557F', file_path=WindowsPath('D:/roms/xbox360/IL-2 Sturmovik - Birds of Prey.zar'), disc_count=1, disc_type='DVD', disc_swap_required=False, disc_number=1, label=None)])
Error: Error binding parameter 1: type 'Platform' is not supported
Traceback (most recent call last):
  File "C:\PycharmProjects\xenia-game-manager\src\db.py", line 1049, in import_games_from_source
    self.add_game(game)
    ~~~~~~~~~~~~~^^^^^^
  File "C:\PycharmProjects\xenia-game-manager\src\db.py", line 1081, in add_game
    con.execute("""
    ~~~~~~~~~~~^^^^
        INSERT INTO games (
        ^^^^^^^^^^^^^^^^^^^
    ...<14 lines>...
        str(game.config_path) if game.config_path else None,
        ^^^^^^^^^^^^^^^^^^^^^^^^^^^^^^^^^^^^^^^^^^^^^^^^^^^^
    ))
    ^^
sqlite3.ProgrammingError: Error binding parameter 1: type 'Platform' is not supported
2026-08-18 02:04:02,204 [ERROR] xenia_manager: Failed to add game: Xbox360Game(game_id='58410A1B', title='ilomilo', platform=<Platform.XBOX360: 'Xbox360'>, config_path=WindowsPath('Emulators/Xenia Canary/config/ilomilo.config.toml'), favourite=False, last_played=None, play_count=0, play_time=0, emulator='xenia', emulator_version='Canary', discs=[GameDisc(media_id='2F5D19C7', file_path=WindowsPath('D:/roms/xbox360/58410A1B/000D0000/D2BAC6E5571A96D5BB3CEF0F1A3F4F25709C951358'), disc_count=1, disc_type='XBLA', disc_swap_required=False, disc_number=1, label=None)])
Error: Error binding parameter 1: type 'Platform' is not supported
Traceback (most recent call last):
  File "C:\PycharmProjects\xenia-game-manager\src\db.py", line 1049, in import_games_from_source
    self.add_game(game)
    ~~~~~~~~~~~~~^^^^^^
  File "C:\PycharmProjects\xenia-game-manager\src\db.py", line 1081, in add_game
    con.execute("""
    ~~~~~~~~~~~^^^^
        INSERT INTO games (
        ^^^^^^^^^^^^^^^^^^^
    ...<14 lines>...
        str(game.config_path) if game.config_path else None,
        ^^^^^^^^^^^^^^^^^^^^^^^^^^^^^^^^^^^^^^^^^^^^^^^^^^^^
    ))
    ^^
sqlite3.ProgrammingError: Error binding parameter 1: type 'Platform' is not supported
2026-08-18 02:04:02,206 [ERROR] xenia_manager: Failed to add game: Xbox360Game(game_id='57520829', title='Injustice Gods Among Us', platform=<Platform.XBOX360: 'Xbox360'>, config_path=WindowsPath('Emulators/Xenia Canary/config/Injustice Gods Among Us.config.toml'), favourite=False, last_played=None, play_count=0, play_time=0, emulator='xenia', emulator_version='Canary', discs=[GameDisc(media_id='4590F197', file_path=WindowsPath('D:/roms/xbox360/Injustice - Gods Among Us (USA, Europe) (En,Fr,De,Es,It,Pt,Pl,Ru).zar'), disc_count=1, disc_type='DVD', disc_swap_required=False, disc_number=1, label=None)])
Error: Error binding parameter 1: type 'Platform' is not supported
Traceback (most recent call last):
  File "C:\PycharmProjects\xenia-game-manager\src\db.py", line 1049, in import_games_from_source
    self.add_game(game)
    ~~~~~~~~~~~~~^^^^^^
  File "C:\PycharmProjects\xenia-game-manager\src\db.py", line 1081, in add_game
    con.execute("""
    ~~~~~~~~~~~^^^^
        INSERT INTO games (
        ^^^^^^^^^^^^^^^^^^^
    ...<14 lines>...
        str(game.config_path) if game.config_path else None,
        ^^^^^^^^^^^^^^^^^^^^^^^^^^^^^^^^^^^^^^^^^^^^^^^^^^^^
    ))
    ^^
sqlite3.ProgrammingError: Error binding parameter 1: type 'Platform' is not supported
2026-08-18 02:04:02,208 [ERROR] xenia_manager: Failed to add game: Xbox360Game(game_id='5841096B', title='Ion Assault', platform=<Platform.XBOX360: 'Xbox360'>, config_path=WindowsPath('Emulators/Xenia Canary/config/Ion Assault.config.toml'), favourite=False, last_played=None, play_count=0, play_time=0, emulator='xenia', emulator_version='Canary', discs=[GameDisc(media_id='1E63207D', file_path=WindowsPath('D:/roms/xbox360/5841096B/000D0000/A467D43B3D410D452D8C992FB98C2ACBAFB557E558'), disc_count=1, disc_type='XBLA', disc_swap_required=False, disc_number=1, label=None)])
Error: Error binding parameter 1: type 'Platform' is not supported
Traceback (most recent call last):
  File "C:\PycharmProjects\xenia-game-manager\src\db.py", line 1049, in import_games_from_source
    self.add_game(game)
    ~~~~~~~~~~~~~^^^^^^
  File "C:\PycharmProjects\xenia-game-manager\src\db.py", line 1081, in add_game
    con.execute("""
    ~~~~~~~~~~~^^^^
        INSERT INTO games (
        ^^^^^^^^^^^^^^^^^^^
    ...<14 lines>...
        str(game.config_path) if game.config_path else None,
        ^^^^^^^^^^^^^^^^^^^^^^^^^^^^^^^^^^^^^^^^^^^^^^^^^^^^
    ))
    ^^
sqlite3.ProgrammingError: Error binding parameter 1: type 'Platform' is not supported
2026-08-18 02:04:02,212 [ERROR] xenia_manager: Failed to add game: Xbox360Game(game_id='455607D6', title='Janes Advanced Strike Fighters', platform=<Platform.XBOX360: 'Xbox360'>, config_path=WindowsPath('Emulators/Xenia Canary/config/Janes Advanced Strike Fighters.config.toml'), favourite=False, last_played=None, play_count=0, play_time=0, emulator='xenia', emulator_version='Canary', discs=[GameDisc(media_id='0661616E', file_path=WindowsPath("H:/roms/xbox360/JASF - Jane's Advanced Strike Fighters (USA, Europe) (En,Fr,De,Es,It).iso"), disc_count=1, disc_type='DVD', disc_swap_required=False, disc_number=1, label=None)])
Error: Error binding parameter 1: type 'Platform' is not supported
Traceback (most recent call last):
  File "C:\PycharmProjects\xenia-game-manager\src\db.py", line 1049, in import_games_from_source
    self.add_game(game)
    ~~~~~~~~~~~~~^^^^^^
  File "C:\PycharmProjects\xenia-game-manager\src\db.py", line 1081, in add_game
    con.execute("""
    ~~~~~~~~~~~^^^^
        INSERT INTO games (
        ^^^^^^^^^^^^^^^^^^^
    ...<14 lines>...
        str(game.config_path) if game.config_path else None,
        ^^^^^^^^^^^^^^^^^^^^^^^^^^^^^^^^^^^^^^^^^^^^^^^^^^^^
    ))
    ^^
sqlite3.ProgrammingError: Error binding parameter 1: type 'Platform' is not supported
2026-08-18 02:04:02,214 [ERROR] xenia_manager: Failed to add game: Xbox360Game(game_id='58411247', title='Jet Set Radio', platform=<Platform.XBOX360: 'Xbox360'>, config_path=WindowsPath('Emulators/Xenia Canary/config/Jet Set Radio.config.toml'), favourite=False, last_played=None, play_count=0, play_time=0, emulator='xenia', emulator_version='Canary', discs=[GameDisc(media_id='386BEEC7', file_path=WindowsPath('D:/roms/xbox360/58411247/000D0000/8885C3EC05FD920A80B8ED48A8A6777EC5483FA558'), disc_count=1, disc_type='XBLA', disc_swap_required=False, disc_number=1, label=None)])
Error: Error binding parameter 1: type 'Platform' is not supported
Traceback (most recent call last):
  File "C:\PycharmProjects\xenia-game-manager\src\db.py", line 1049, in import_games_from_source
    self.add_game(game)
    ~~~~~~~~~~~~~^^^^^^
  File "C:\PycharmProjects\xenia-game-manager\src\db.py", line 1081, in add_game
    con.execute("""
    ~~~~~~~~~~~^^^^
        INSERT INTO games (
        ^^^^^^^^^^^^^^^^^^^
    ...<14 lines>...
        str(game.config_path) if game.config_path else None,
        ^^^^^^^^^^^^^^^^^^^^^^^^^^^^^^^^^^^^^^^^^^^^^^^^^^^^
    ))
    ^^
sqlite3.ProgrammingError: Error binding parameter 1: type 'Platform' is not supported
2026-08-18 02:04:02,216 [ERROR] xenia_manager: Failed to add game: Xbox360Game(game_id='5841124E', title='JOJOS BIZARRE ADVENTURE HD Ver', platform=<Platform.XBOX360: 'Xbox360'>, config_path=WindowsPath('Emulators/Xenia Canary/config/JOJOS BIZARRE ADVENTURE HD Ver.config.toml'), favourite=False, last_played=None, play_count=0, play_time=0, emulator='xenia', emulator_version='Canary', discs=[GameDisc(media_id='21C046EF', file_path=WindowsPath('D:/roms/xbox360/5841124E/000D0000/91F727D960DAA6BAD1196AF55F7BFBCB1CE7124858'), disc_count=1, disc_type='XBLA', disc_swap_required=False, disc_number=1, label=None)])
Error: Error binding parameter 1: type 'Platform' is not supported
Traceback (most recent call last):
  File "C:\PycharmProjects\xenia-game-manager\src\db.py", line 1049, in import_games_from_source
    self.add_game(game)
    ~~~~~~~~~~~~~^^^^^^
  File "C:\PycharmProjects\xenia-game-manager\src\db.py", line 1081, in add_game
    con.execute("""
    ~~~~~~~~~~~^^^^
        INSERT INTO games (
        ^^^^^^^^^^^^^^^^^^^
    ...<14 lines>...
        str(game.config_path) if game.config_path else None,
        ^^^^^^^^^^^^^^^^^^^^^^^^^^^^^^^^^^^^^^^^^^^^^^^^^^^^
    ))
    ^^
sqlite3.ProgrammingError: Error binding parameter 1: type 'Platform' is not supported
2026-08-18 02:04:02,219 [ERROR] xenia_manager: Failed to add game: Xbox360Game(game_id='584107D8', title='Joust', platform=<Platform.XBOX360: 'Xbox360'>, config_path=WindowsPath('Emulators/Xenia Canary/config/Joust.config.toml'), favourite=False, last_played=None, play_count=0, play_time=0, emulator='xenia', emulator_version='Canary', discs=[GameDisc(media_id='00000000', file_path=WindowsPath('F:/xbox360/584107D8/000D0000/49A43028F0D56A4BC755C14B363E42B8C844FC1158'), disc_count=1, disc_type='XBLA', disc_swap_required=False, disc_number=1, label=None)])
Error: Error binding parameter 1: type 'Platform' is not supported
Traceback (most recent call last):
  File "C:\PycharmProjects\xenia-game-manager\src\db.py", line 1049, in import_games_from_source
    self.add_game(game)
    ~~~~~~~~~~~~~^^^^^^
  File "C:\PycharmProjects\xenia-game-manager\src\db.py", line 1081, in add_game
    con.execute("""
    ~~~~~~~~~~~^^^^
        INSERT INTO games (
        ^^^^^^^^^^^^^^^^^^^
    ...<14 lines>...
        str(game.config_path) if game.config_path else None,
        ^^^^^^^^^^^^^^^^^^^^^^^^^^^^^^^^^^^^^^^^^^^^^^^^^^^^
    ))
    ^^
sqlite3.ProgrammingError: Error binding parameter 1: type 'Platform' is not supported
2026-08-18 02:04:02,222 [ERROR] xenia_manager: Failed to add game: Xbox360Game(game_id='534307F8', title='Kane & Lynch 2 - Dog Days', platform=<Platform.XBOX360: 'Xbox360'>, config_path=WindowsPath('Emulators/Xenia Canary/config/Kane & Lynch 2 - Dog Days.config.toml'), favourite=False, last_played=None, play_count=0, play_time=155.59455253166666, emulator='xenia', emulator_version='Canary', discs=[GameDisc(media_id='6BBBEACA', file_path=WindowsPath('D:/roms/xbox360/Kane & Lynch 2 - Dog Days (USA, Europe) (En,Fr,Es,It).iso'), disc_count=1, disc_type='DVD', disc_swap_required=False, disc_number=1, label=None)])
Error: Error binding parameter 1: type 'Platform' is not supported
Traceback (most recent call last):
  File "C:\PycharmProjects\xenia-game-manager\src\db.py", line 1049, in import_games_from_source
    self.add_game(game)
    ~~~~~~~~~~~~~^^^^^^
  File "C:\PycharmProjects\xenia-game-manager\src\db.py", line 1081, in add_game
    con.execute("""
    ~~~~~~~~~~~^^^^
        INSERT INTO games (
        ^^^^^^^^^^^^^^^^^^^
    ...<14 lines>...
        str(game.config_path) if game.config_path else None,
        ^^^^^^^^^^^^^^^^^^^^^^^^^^^^^^^^^^^^^^^^^^^^^^^^^^^^
    ))
    ^^
sqlite3.ProgrammingError: Error binding parameter 1: type 'Platform' is not supported
2026-08-18 02:04:02,225 [ERROR] xenia_manager: Failed to add game: Xbox360Game(game_id='534307E0', title='Kane and Lynch Dead Men', platform=<Platform.XBOX360: 'Xbox360'>, config_path=WindowsPath('Emulators/Xenia Canary/config/Kane and Lynch Dead Men.config.toml'), favourite=False, last_played=None, play_count=0, play_time=0, emulator='xenia', emulator_version='Canary', discs=[GameDisc(media_id='6095B29C', file_path=WindowsPath('D:/roms/xbox360/Kane & Lynch - Dead Men (World) (En,Fr,De,Es,It).zar'), disc_count=1, disc_type='DVD', disc_swap_required=False, disc_number=1, label=None)])
Error: Error binding parameter 1: type 'Platform' is not supported
Traceback (most recent call last):
  File "C:\PycharmProjects\xenia-game-manager\src\db.py", line 1049, in import_games_from_source
    self.add_game(game)
    ~~~~~~~~~~~~~^^^^^^
  File "C:\PycharmProjects\xenia-game-manager\src\db.py", line 1081, in add_game
    con.execute("""
    ~~~~~~~~~~~^^^^
        INSERT INTO games (
        ^^^^^^^^^^^^^^^^^^^
    ...<14 lines>...
        str(game.config_path) if game.config_path else None,
        ^^^^^^^^^^^^^^^^^^^^^^^^^^^^^^^^^^^^^^^^^^^^^^^^^^^^
    ))
    ^^
sqlite3.ProgrammingError: Error binding parameter 1: type 'Platform' is not supported
2026-08-18 02:04:02,227 [ERROR] xenia_manager: Failed to add game: Xbox360Game(game_id='41560926', title='Kings Quest The Complete Collection', platform=<Platform.XBOX360: 'Xbox360'>, config_path=WindowsPath('Emulators/Xenia Canary/config/Kings Quest The Complete Collection.config.toml'), favourite=False, last_played=None, play_count=0, play_time=0, emulator='xenia', emulator_version='Canary', discs=[GameDisc(media_id='5C2E5879', file_path=WindowsPath('F:/xbox360/Kings Quest The Complete Collection/Compatibility & TU7/41560926/00007000/9E5ED855D30A8B2A08E88C9623FCDD5E41'), disc_count=1, disc_type='XBLA', disc_swap_required=False, disc_number=1, label=None)])
Error: Error binding parameter 1: type 'Platform' is not supported
Traceback (most recent call last):
  File "C:\PycharmProjects\xenia-game-manager\src\db.py", line 1049, in import_games_from_source
    self.add_game(game)
    ~~~~~~~~~~~~~^^^^^^
  File "C:\PycharmProjects\xenia-game-manager\src\db.py", line 1081, in add_game
    con.execute("""
    ~~~~~~~~~~~^^^^
        INSERT INTO games (
        ^^^^^^^^^^^^^^^^^^^
    ...<14 lines>...
        str(game.config_path) if game.config_path else None,
        ^^^^^^^^^^^^^^^^^^^^^^^^^^^^^^^^^^^^^^^^^^^^^^^^^^^^
    ))
    ^^
sqlite3.ProgrammingError: Error binding parameter 1: type 'Platform' is not supported
2026-08-18 02:04:02,231 [ERROR] xenia_manager: Failed to add game: Xbox360Game(game_id='575207F1', title="Legend of the Guardians - The Owls of Ga'Hoole", platform=<Platform.XBOX360: 'Xbox360'>, config_path=WindowsPath("Emulators/Xenia Canary/config/Legend of the Guardians - The Owls of Ga'Hoole.config.toml"), favourite=False, last_played=None, play_count=0, play_time=0, emulator='xenia', emulator_version='Canary', discs=[GameDisc(media_id='0223928C', file_path=WindowsPath("H:/roms/xbox360/Legend of the Guardians - The Owls of Ga'Hoole (USA, Europe).zar"), disc_count=1, disc_type='DVD', disc_swap_required=False, disc_number=1, label=None)])
Error: Error binding parameter 1: type 'Platform' is not supported
Traceback (most recent call last):
  File "C:\PycharmProjects\xenia-game-manager\src\db.py", line 1049, in import_games_from_source
    self.add_game(game)
    ~~~~~~~~~~~~~^^^^^^
  File "C:\PycharmProjects\xenia-game-manager\src\db.py", line 1081, in add_game
    con.execute("""
    ~~~~~~~~~~~^^^^
        INSERT INTO games (
        ^^^^^^^^^^^^^^^^^^^
    ...<14 lines>...
        str(game.config_path) if game.config_path else None,
        ^^^^^^^^^^^^^^^^^^^^^^^^^^^^^^^^^^^^^^^^^^^^^^^^^^^^
    ))
    ^^
sqlite3.ProgrammingError: Error binding parameter 1: type 'Platform' is not supported
2026-08-18 02:04:02,234 [ERROR] xenia_manager: Failed to add game: Xbox360Game(game_id='4D530888', title='Lips', platform=<Platform.XBOX360: 'Xbox360'>, config_path=WindowsPath('Emulators/Xenia Canary/config/Lips.config.toml'), favourite=False, last_played=None, play_count=0, play_time=0, emulator='xenia', emulator_version='Canary', discs=[GameDisc(media_id='39B3E0D7', file_path=WindowsPath('D:/roms/xbox360/Lips - I Love the 80s (Europe).zar'), disc_count=1, disc_type='DVD', disc_swap_required=False, disc_number=1, label=None)])
Error: Error binding parameter 1: type 'Platform' is not supported
Traceback (most recent call last):
  File "C:\PycharmProjects\xenia-game-manager\src\db.py", line 1049, in import_games_from_source
    self.add_game(game)
    ~~~~~~~~~~~~~^^^^^^
  File "C:\PycharmProjects\xenia-game-manager\src\db.py", line 1081, in add_game
    con.execute("""
    ~~~~~~~~~~~^^^^
        INSERT INTO games (
        ^^^^^^^^^^^^^^^^^^^
    ...<14 lines>...
        str(game.config_path) if game.config_path else None,
        ^^^^^^^^^^^^^^^^^^^^^^^^^^^^^^^^^^^^^^^^^^^^^^^^^^^^
    ))
    ^^
sqlite3.ProgrammingError: Error binding parameter 1: type 'Platform' is not supported
2026-08-18 02:04:02,237 [ERROR] xenia_manager: Failed to add game: Xbox360Game(game_id='565707D0', title='Lollipop Chainsaw', platform=<Platform.XBOX360: 'Xbox360'>, config_path=WindowsPath('Emulators/Xenia Canary/config/Lollipop Chainsaw.config.toml'), favourite=False, last_played=None, play_count=0, play_time=0, emulator='xenia', emulator_version='Canary', discs=[GameDisc(media_id='31BE13D9', file_path=WindowsPath('H:/roms/xbox360/Lollipop Chainsaw (USA, Europe) (En,Fr,De,Es,It,Pt,Ru).zar'), disc_count=1, disc_type='DVD', disc_swap_required=False, disc_number=1, label=None)])
Error: Error binding parameter 1: type 'Platform' is not supported
Traceback (most recent call last):
  File "C:\PycharmProjects\xenia-game-manager\src\db.py", line 1049, in import_games_from_source
    self.add_game(game)
    ~~~~~~~~~~~~~^^^^^^
  File "C:\PycharmProjects\xenia-game-manager\src\db.py", line 1081, in add_game
    con.execute("""
    ~~~~~~~~~~~^^^^
        INSERT INTO games (
        ^^^^^^^^^^^^^^^^^^^
    ...<14 lines>...
        str(game.config_path) if game.config_path else None,
        ^^^^^^^^^^^^^^^^^^^^^^^^^^^^^^^^^^^^^^^^^^^^^^^^^^^^
    ))
    ^^
sqlite3.ProgrammingError: Error binding parameter 1: type 'Platform' is not supported
2026-08-18 02:04:02,240 [ERROR] xenia_manager: Failed to add game: Xbox360Game(game_id='575207D5', title='Looney Tunes - Acme Arsenal', platform=<Platform.XBOX360: 'Xbox360'>, config_path=WindowsPath('Emulators/Xenia Canary/config/Looney Tunes - Acme Arsenal.config.toml'), favourite=False, last_played=None, play_count=0, play_time=0, emulator='xenia', emulator_version='Canary', discs=[GameDisc(media_id='34690674', file_path=WindowsPath('D:/roms/xbox360/Looney Tunes - Acme Arsenal (Europe).iso'), disc_count=1, disc_type='DVD', disc_swap_required=False, disc_number=1, label=None)])
Error: Error binding parameter 1: type 'Platform' is not supported
Traceback (most recent call last):
  File "C:\PycharmProjects\xenia-game-manager\src\db.py", line 1049, in import_games_from_source
    self.add_game(game)
    ~~~~~~~~~~~~~^^^^^^
  File "C:\PycharmProjects\xenia-game-manager\src\db.py", line 1081, in add_game
    con.execute("""
    ~~~~~~~~~~~^^^^
        INSERT INTO games (
        ^^^^^^^^^^^^^^^^^^^
    ...<14 lines>...
        str(game.config_path) if game.config_path else None,
        ^^^^^^^^^^^^^^^^^^^^^^^^^^^^^^^^^^^^^^^^^^^^^^^^^^^^
    ))
    ^^
sqlite3.ProgrammingError: Error binding parameter 1: type 'Platform' is not supported
2026-08-18 02:04:02,244 [ERROR] xenia_manager: Failed to add game: Xbox360Game(game_id='5553080F', title='Lost - Via Domus', platform=<Platform.XBOX360: 'Xbox360'>, config_path=WindowsPath('Emulators/Xenia Canary/config/Lost - Via Domus.config.toml'), favourite=False, last_played=None, play_count=0, play_time=59.0159991, emulator='xenia', emulator_version='Canary', discs=[GameDisc(media_id='77FA3439', file_path=WindowsPath('D:/roms/xbox360/Lost - Via Domus (USA, Europe) (En,Fr,De,Es,It).iso'), disc_count=1, disc_type='DVD', disc_swap_required=False, disc_number=1, label=None)])
Error: Error binding parameter 1: type 'Platform' is not supported
Traceback (most recent call last):
  File "C:\PycharmProjects\xenia-game-manager\src\db.py", line 1049, in import_games_from_source
    self.add_game(game)
    ~~~~~~~~~~~~~^^^^^^
  File "C:\PycharmProjects\xenia-game-manager\src\db.py", line 1081, in add_game
    con.execute("""
    ~~~~~~~~~~~^^^^
        INSERT INTO games (
        ^^^^^^^^^^^^^^^^^^^
    ...<14 lines>...
        str(game.config_path) if game.config_path else None,
        ^^^^^^^^^^^^^^^^^^^^^^^^^^^^^^^^^^^^^^^^^^^^^^^^^^^^
    ))
    ^^
sqlite3.ProgrammingError: Error binding parameter 1: type 'Platform' is not supported
2026-08-18 02:04:02,247 [ERROR] xenia_manager: Failed to add game: Xbox360Game(game_id='4D5307FA', title='Lost Odyssey', platform=<Platform.XBOX360: 'Xbox360'>, config_path=WindowsPath('Emulators/Xenia Canary/config/Lost Odyssey (Disc 1).config.toml'), favourite=False, last_played=None, play_count=0, play_time=0, emulator='xenia', emulator_version='Canary', discs=[GameDisc(media_id='368DE6DD', file_path=WindowsPath('D:/roms/xbox360/Lost Odyssey (USA, Europe) (En,Ja,Fr,De,Es,It) (Disc 1).iso'), disc_count=1, disc_type='DVD', disc_swap_required=False, disc_number=1, label=None)])
Error: Error binding parameter 1: type 'Platform' is not supported
Traceback (most recent call last):
  File "C:\PycharmProjects\xenia-game-manager\src\db.py", line 1049, in import_games_from_source
    self.add_game(game)
    ~~~~~~~~~~~~~^^^^^^
  File "C:\PycharmProjects\xenia-game-manager\src\db.py", line 1081, in add_game
    con.execute("""
    ~~~~~~~~~~~^^^^
        INSERT INTO games (
        ^^^^^^^^^^^^^^^^^^^
    ...<14 lines>...
        str(game.config_path) if game.config_path else None,
        ^^^^^^^^^^^^^^^^^^^^^^^^^^^^^^^^^^^^^^^^^^^^^^^^^^^^
    ))
    ^^
sqlite3.ProgrammingError: Error binding parameter 1: type 'Platform' is not supported
2026-08-18 02:04:02,250 [ERROR] xenia_manager: Failed to add game: Xbox360Game(game_id='545407E6', title='Mafia II', platform=<Platform.XBOX360: 'Xbox360'>, config_path=WindowsPath('Emulators/Xenia Canary/config/Mafia II.config.toml'), favourite=False, last_played=None, play_count=0, play_time=67.49653325333334, emulator='xenia', emulator_version='Canary', discs=[GameDisc(media_id='03DFE3C7', file_path=WindowsPath('H:/roms/xbox360/Mafia II (Europe) (En,De,It).zar'), disc_count=1, disc_type='DVD', disc_swap_required=False, disc_number=1, label=None)])
Error: Error binding parameter 1: type 'Platform' is not supported
Traceback (most recent call last):
  File "C:\PycharmProjects\xenia-game-manager\src\db.py", line 1049, in import_games_from_source
    self.add_game(game)
    ~~~~~~~~~~~~~^^^^^^
  File "C:\PycharmProjects\xenia-game-manager\src\db.py", line 1081, in add_game
    con.execute("""
    ~~~~~~~~~~~^^^^
        INSERT INTO games (
        ^^^^^^^^^^^^^^^^^^^
    ...<14 lines>...
        str(game.config_path) if game.config_path else None,
        ^^^^^^^^^^^^^^^^^^^^^^^^^^^^^^^^^^^^^^^^^^^^^^^^^^^^
    ))
    ^^
sqlite3.ProgrammingError: Error binding parameter 1: type 'Platform' is not supported
2026-08-18 02:04:02,253 [ERROR] xenia_manager: Failed to add game: Xbox360Game(game_id='4B4E085E', title='Metal Gear Solid V - The Phantom Pain', platform=<Platform.XBOX360: 'Xbox360'>, config_path=WindowsPath('Emulators/Xenia Canary/config/Metal Gear Solid V - The Phantom Pain (Disc 1).config.toml'), favourite=False, last_played=None, play_count=0, play_time=0, emulator='xenia', emulator_version='Canary', discs=[GameDisc(media_id='1FF1D358', file_path=WindowsPath('D:/roms/xbox360/Metal Gear Solid V - The Phantom Pain (USA, Europe) (En,Ja,Fr,De,Es,It,Pt,Ru) (Disc 1).zar'), disc_count=1, disc_type='DVD', disc_swap_required=False, disc_number=1, label=None)])
Error: Error binding parameter 1: type 'Platform' is not supported
Traceback (most recent call last):
  File "C:\PycharmProjects\xenia-game-manager\src\db.py", line 1049, in import_games_from_source
    self.add_game(game)
    ~~~~~~~~~~~~~^^^^^^
  File "C:\PycharmProjects\xenia-game-manager\src\db.py", line 1081, in add_game
    con.execute("""
    ~~~~~~~~~~~^^^^
        INSERT INTO games (
        ^^^^^^^^^^^^^^^^^^^
    ...<14 lines>...
        str(game.config_path) if game.config_path else None,
        ^^^^^^^^^^^^^^^^^^^^^^^^^^^^^^^^^^^^^^^^^^^^^^^^^^^^
    ))
    ^^
sqlite3.ProgrammingError: Error binding parameter 1: type 'Platform' is not supported
2026-08-18 02:04:02,255 [ERROR] xenia_manager: Failed to add game: Xbox360Game(game_id='4B4D07F5', title='Metro Last Light', platform=<Platform.XBOX360: 'Xbox360'>, config_path=WindowsPath('Emulators/Xenia Canary/config/Metro Last Light.config.toml'), favourite=False, last_played=None, play_count=0, play_time=0, emulator='xenia', emulator_version='Canary', discs=[GameDisc(media_id='654E69E5', file_path=WindowsPath('H:/roms/xbox360/Metro - Last Light (World) (En,Fr,De,Es,It,Nl,Pl,Ru,Cs).zar'), disc_count=1, disc_type='DVD', disc_swap_required=False, disc_number=1, label=None)])
Error: Error binding parameter 1: type 'Platform' is not supported
Traceback (most recent call last):
  File "C:\PycharmProjects\xenia-game-manager\src\db.py", line 1049, in import_games_from_source
    self.add_game(game)
    ~~~~~~~~~~~~~^^^^^^
  File "C:\PycharmProjects\xenia-game-manager\src\db.py", line 1081, in add_game
    con.execute("""
    ~~~~~~~~~~~^^^^
        INSERT INTO games (
        ^^^^^^^^^^^^^^^^^^^
    ...<14 lines>...
        str(game.config_path) if game.config_path else None,
        ^^^^^^^^^^^^^^^^^^^^^^^^^^^^^^^^^^^^^^^^^^^^^^^^^^^^
    ))
    ^^
sqlite3.ProgrammingError: Error binding parameter 1: type 'Platform' is not supported
2026-08-18 02:04:02,258 [ERROR] xenia_manager: Failed to add game: Xbox360Game(game_id='415608D3', title='MIB - Alien Crisis', platform=<Platform.XBOX360: 'Xbox360'>, config_path=WindowsPath('Emulators/Xenia Canary/config/MIB - Alien Crisis.config.toml'), favourite=False, last_played=None, play_count=0, play_time=0, emulator='xenia', emulator_version='Canary', discs=[GameDisc(media_id='5C2D0F09', file_path=WindowsPath('H:/roms/xbox360/MIB - Alien Crisis (USA, Europe) (En,Fr,De,Es,It).iso'), disc_count=1, disc_type='DVD', disc_swap_required=False, disc_number=1, label=None)])
Error: Error binding parameter 1: type 'Platform' is not supported
Traceback (most recent call last):
  File "C:\PycharmProjects\xenia-game-manager\src\db.py", line 1049, in import_games_from_source
    self.add_game(game)
    ~~~~~~~~~~~~~^^^^^^
  File "C:\PycharmProjects\xenia-game-manager\src\db.py", line 1081, in add_game
    con.execute("""
    ~~~~~~~~~~~^^^^
        INSERT INTO games (
        ^^^^^^^^^^^^^^^^^^^
    ...<14 lines>...
        str(game.config_path) if game.config_path else None,
        ^^^^^^^^^^^^^^^^^^^^^^^^^^^^^^^^^^^^^^^^^^^^^^^^^^^^
    ))
    ^^
sqlite3.ProgrammingError: Error binding parameter 1: type 'Platform' is not supported
2026-08-18 02:04:02,261 [ERROR] xenia_manager: Failed to add game: Xbox360Game(game_id='545407F8', title='Midnight Club Los Angeles Complete', platform=<Platform.XBOX360: 'Xbox360'>, config_path=WindowsPath('Emulators/Xenia Canary/config/Midnight Club Los Angeles Complete.config.toml'), favourite=False, last_played=None, play_count=0, play_time=0, emulator='xenia', emulator_version='Canary', discs=[GameDisc(media_id='5940C9DB', file_path=WindowsPath('D:/roms/xbox360/Midnight Club - Los Angeles - Complete Edition (USA, Europe).iso'), disc_count=1, disc_type='DVD', disc_swap_required=False, disc_number=1, label=None)])
Error: Error binding parameter 1: type 'Platform' is not supported
Traceback (most recent call last):
  File "C:\PycharmProjects\xenia-game-manager\src\db.py", line 1049, in import_games_from_source
    self.add_game(game)
    ~~~~~~~~~~~~~^^^^^^
  File "C:\PycharmProjects\xenia-game-manager\src\db.py", line 1081, in add_game
    con.execute("""
    ~~~~~~~~~~~^^^^
        INSERT INTO games (
        ^^^^^^^^^^^^^^^^^^^
    ...<14 lines>...
        str(game.config_path) if game.config_path else None,
        ^^^^^^^^^^^^^^^^^^^^^^^^^^^^^^^^^^^^^^^^^^^^^^^^^^^^
    ))
    ^^
sqlite3.ProgrammingError: Error binding parameter 1: type 'Platform' is not supported
2026-08-18 02:04:02,263 [ERROR] xenia_manager: Failed to add game: Xbox360Game(game_id='58410A19', title='Might Magic Clash of Heroes', platform=<Platform.XBOX360: 'Xbox360'>, config_path=WindowsPath('Emulators/Xenia Canary/config/Might Magic Clash of Heroes.config.toml'), favourite=False, last_played=None, play_count=0, play_time=0, emulator='xenia', emulator_version='Canary', discs=[GameDisc(media_id='00A147F4', file_path=WindowsPath('D:/roms/xbox360/000D0000/F39732706B59E86B7DB12EDBC19E1D2EFB13C34F58'), disc_count=1, disc_type='DVD', disc_swap_required=False, disc_number=1, label=None)])
Error: Error binding parameter 1: type 'Platform' is not supported
Traceback (most recent call last):
  File "C:\PycharmProjects\xenia-game-manager\src\db.py", line 1049, in import_games_from_source
    self.add_game(game)
    ~~~~~~~~~~~~~^^^^^^
  File "C:\PycharmProjects\xenia-game-manager\src\db.py", line 1081, in add_game
    con.execute("""
    ~~~~~~~~~~~^^^^
        INSERT INTO games (
        ^^^^^^^^^^^^^^^^^^^
    ...<14 lines>...
        str(game.config_path) if game.config_path else None,
        ^^^^^^^^^^^^^^^^^^^^^^^^^^^^^^^^^^^^^^^^^^^^^^^^^^^^
    ))
    ^^
sqlite3.ProgrammingError: Error binding parameter 1: type 'Platform' is not supported
2026-08-18 02:04:02,266 [ERROR] xenia_manager: Failed to add game: Xbox360Game(game_id='464F07D7', title='MorphX', platform=<Platform.XBOX360: 'Xbox360'>, config_path=WindowsPath('Emulators/Xenia Canary/config/MorphX.config.toml'), favourite=False, last_played=None, play_count=0, play_time=0, emulator='xenia', emulator_version='Canary', discs=[GameDisc(media_id='686650A7', file_path=WindowsPath('D:/roms/xbox360/MorphX (USA, Europe).iso'), disc_count=1, disc_type='DVD', disc_swap_required=False, disc_number=1, label=None)])
Error: Error binding parameter 1: type 'Platform' is not supported
Traceback (most recent call last):
  File "C:\PycharmProjects\xenia-game-manager\src\db.py", line 1049, in import_games_from_source
    self.add_game(game)
    ~~~~~~~~~~~~~^^^^^^
  File "C:\PycharmProjects\xenia-game-manager\src\db.py", line 1081, in add_game
    con.execute("""
    ~~~~~~~~~~~^^^^
        INSERT INTO games (
        ^^^^^^^^^^^^^^^^^^^
    ...<14 lines>...
        str(game.config_path) if game.config_path else None,
        ^^^^^^^^^^^^^^^^^^^^^^^^^^^^^^^^^^^^^^^^^^^^^^^^^^^^
    ))
    ^^
sqlite3.ProgrammingError: Error binding parameter 1: type 'Platform' is not supported
2026-08-18 02:04:02,269 [ERROR] xenia_manager: Failed to add game: Xbox360Game(game_id='573607E0', title='Motorcycle Club', platform=<Platform.XBOX360: 'Xbox360'>, config_path=WindowsPath('Emulators/Xenia Canary/config/Motorcycle Club.config.toml'), favourite=False, last_played=None, play_count=0, play_time=0, emulator='xenia', emulator_version='Canary', discs=[GameDisc(media_id='426D6368', file_path=WindowsPath('D:/roms/xbox360/Motorcycle Club (Europe).iso'), disc_count=1, disc_type='DVD', disc_swap_required=False, disc_number=1, label=None)])
Error: Error binding parameter 1: type 'Platform' is not supported
Traceback (most recent call last):
  File "C:\PycharmProjects\xenia-game-manager\src\db.py", line 1049, in import_games_from_source
    self.add_game(game)
    ~~~~~~~~~~~~~^^^^^^
  File "C:\PycharmProjects\xenia-game-manager\src\db.py", line 1081, in add_game
    con.execute("""
    ~~~~~~~~~~~^^^^
        INSERT INTO games (
        ^^^^^^^^^^^^^^^^^^^
    ...<14 lines>...
        str(game.config_path) if game.config_path else None,
        ^^^^^^^^^^^^^^^^^^^^^^^^^^^^^^^^^^^^^^^^^^^^^^^^^^^^
    ))
    ^^
sqlite3.ProgrammingError: Error binding parameter 1: type 'Platform' is not supported
2026-08-18 02:04:02,271 [ERROR] xenia_manager: Failed to add game: Xbox360Game(game_id='58410837', title='Ms PAC-MAN', platform=<Platform.XBOX360: 'Xbox360'>, config_path=WindowsPath('Emulators/Xenia Canary/config/Ms PAC-MAN.config.toml'), favourite=False, last_played=None, play_count=0, play_time=0, emulator='xenia', emulator_version='Canary', discs=[GameDisc(media_id='00000000', file_path=WindowsPath('D:/roms/xbox360/58410837/000D0000/16CDE0861522E9FBC23FBC157CF82EEC049E25DC58'), disc_count=1, disc_type='XBLA', disc_swap_required=False, disc_number=1, label=None)])
Error: Error binding parameter 1: type 'Platform' is not supported
Traceback (most recent call last):
  File "C:\PycharmProjects\xenia-game-manager\src\db.py", line 1049, in import_games_from_source
    self.add_game(game)
    ~~~~~~~~~~~~~^^^^^^
  File "C:\PycharmProjects\xenia-game-manager\src\db.py", line 1081, in add_game
    con.execute("""
    ~~~~~~~~~~~^^^^
        INSERT INTO games (
        ^^^^^^^^^^^^^^^^^^^
    ...<14 lines>...
        str(game.config_path) if game.config_path else None,
        ^^^^^^^^^^^^^^^^^^^^^^^^^^^^^^^^^^^^^^^^^^^^^^^^^^^^
    ))
    ^^
sqlite3.ProgrammingError: Error binding parameter 1: type 'Platform' is not supported
2026-08-18 02:04:02,274 [ERROR] xenia_manager: Failed to add game: Xbox360Game(game_id='5841085C', title='N', platform=<Platform.XBOX360: 'Xbox360'>, config_path=WindowsPath('Emulators/Xenia Canary/config/N.config.toml'), favourite=False, last_played=None, play_count=0, play_time=0, emulator='xenia', emulator_version='Canary', discs=[GameDisc(media_id='6F676B1B', file_path=WindowsPath('D:/roms/xbox360/000D0000/6AC90DB8C28AD3284860400B801F8A8C825095C058'), disc_count=1, disc_type='DVD', disc_swap_required=False, disc_number=1, label=None)])
Error: Error binding parameter 1: type 'Platform' is not supported
Traceback (most recent call last):
  File "C:\PycharmProjects\xenia-game-manager\src\db.py", line 1049, in import_games_from_source
    self.add_game(game)
    ~~~~~~~~~~~~~^^^^^^
  File "C:\PycharmProjects\xenia-game-manager\src\db.py", line 1081, in add_game
    con.execute("""
    ~~~~~~~~~~~^^^^
        INSERT INTO games (
        ^^^^^^^^^^^^^^^^^^^
    ...<14 lines>...
        str(game.config_path) if game.config_path else None,
        ^^^^^^^^^^^^^^^^^^^^^^^^^^^^^^^^^^^^^^^^^^^^^^^^^^^^
    ))
    ^^
sqlite3.ProgrammingError: Error binding parameter 1: type 'Platform' is not supported
2026-08-18 02:04:02,276 [ERROR] xenia_manager: Failed to add game: Xbox360Game(game_id='4B4D07E0', title="Nail'd", platform=<Platform.XBOX360: 'Xbox360'>, config_path=WindowsPath("Emulators/Xenia Canary/config/Nail'd.config.toml"), favourite=False, last_played=None, play_count=0, play_time=0, emulator='xenia', emulator_version='Canary', discs=[GameDisc(media_id='38252BA4', file_path=WindowsPath("D:/roms/xbox360/Nail'd.zar"), disc_count=1, disc_type='DVD', disc_swap_required=False, disc_number=1, label=None)])
Error: Error binding parameter 1: type 'Platform' is not supported
Traceback (most recent call last):
  File "C:\PycharmProjects\xenia-game-manager\src\db.py", line 1049, in import_games_from_source
    self.add_game(game)
    ~~~~~~~~~~~~~^^^^^^
  File "C:\PycharmProjects\xenia-game-manager\src\db.py", line 1081, in add_game
    con.execute("""
    ~~~~~~~~~~~^^^^
        INSERT INTO games (
        ^^^^^^^^^^^^^^^^^^^
    ...<14 lines>...
        str(game.config_path) if game.config_path else None,
        ^^^^^^^^^^^^^^^^^^^^^^^^^^^^^^^^^^^^^^^^^^^^^^^^^^^^
    ))
    ^^
sqlite3.ProgrammingError: Error binding parameter 1: type 'Platform' is not supported
2026-08-18 02:04:02,279 [ERROR] xenia_manager: Failed to add game: Xbox360Game(game_id='4E4D87F3', title='Namco Museum - Virtual Arcade', platform=<Platform.XBOX360: 'Xbox360'>, config_path=WindowsPath('Emulators/Xenia Canary/config/Namco Museum - Virtual Arcade.config.toml'), favourite=False, last_played=None, play_count=0, play_time=0, emulator='xenia', emulator_version='Canary', discs=[GameDisc(media_id='5B640B4F', file_path=WindowsPath('D:/roms/xbox360/Namco Museum - Virtual Arcade (USA) (En,Fr) (Rev 1).iso'), disc_count=1, disc_type='DVD', disc_swap_required=False, disc_number=1, label=None)])
Error: Error binding parameter 1: type 'Platform' is not supported
Traceback (most recent call last):
  File "C:\PycharmProjects\xenia-game-manager\src\db.py", line 1049, in import_games_from_source
    self.add_game(game)
    ~~~~~~~~~~~~~^^^^^^
  File "C:\PycharmProjects\xenia-game-manager\src\db.py", line 1081, in add_game
    con.execute("""
    ~~~~~~~~~~~^^^^
        INSERT INTO games (
        ^^^^^^^^^^^^^^^^^^^
    ...<14 lines>...
        str(game.config_path) if game.config_path else None,
        ^^^^^^^^^^^^^^^^^^^^^^^^^^^^^^^^^^^^^^^^^^^^^^^^^^^^
    ))
    ^^
sqlite3.ProgrammingError: Error binding parameter 1: type 'Platform' is not supported
2026-08-18 02:04:02,281 [ERROR] xenia_manager: Failed to add game: Xbox360Game(game_id='4E4D0842', title='Naruto Shippuden Ultimate Ninja Storm Generations', platform=<Platform.XBOX360: 'Xbox360'>, config_path=WindowsPath('Emulators/Xenia Canary/config/NARUTO SHIPPUDEN Ultimate Ninja STORM Generations.config.toml'), favourite=False, last_played=None, play_count=0, play_time=0, emulator='xenia', emulator_version='Canary', discs=[GameDisc(media_id='38C12502', file_path=WindowsPath('D:/roms/xbox360/Naruto Shippuden - Ultimate Ninja Storm Generations.zar'), disc_count=1, disc_type='DVD', disc_swap_required=False, disc_number=1, label=None)])
Error: Error binding parameter 1: type 'Platform' is not supported
Traceback (most recent call last):
  File "C:\PycharmProjects\xenia-game-manager\src\db.py", line 1049, in import_games_from_source
    self.add_game(game)
    ~~~~~~~~~~~~~^^^^^^
  File "C:\PycharmProjects\xenia-game-manager\src\db.py", line 1081, in add_game
    con.execute("""
    ~~~~~~~~~~~^^^^
        INSERT INTO games (
        ^^^^^^^^^^^^^^^^^^^
    ...<14 lines>...
        str(game.config_path) if game.config_path else None,
        ^^^^^^^^^^^^^^^^^^^^^^^^^^^^^^^^^^^^^^^^^^^^^^^^^^^^
    ))
    ^^
sqlite3.ProgrammingError: Error binding parameter 1: type 'Platform' is not supported
2026-08-18 02:04:02,283 [ERROR] xenia_manager: Failed to add game: Xbox360Game(game_id='464F07D8', title='Naughty Bear', platform=<Platform.XBOX360: 'Xbox360'>, config_path=WindowsPath('Emulators/Xenia Canary/config/Naughty Bear.config.toml'), favourite=False, last_played=None, play_count=0, play_time=0, emulator='xenia', emulator_version='Canary', discs=[GameDisc(media_id='11D21D75', file_path=WindowsPath('H:/roms/xbox360/Naughty Bear Gold Edition [PAL][NTSCU].iso'), disc_count=1, disc_type='DVD', disc_swap_required=False, disc_number=1, label=None)])
Error: Error binding parameter 1: type 'Platform' is not supported
Traceback (most recent call last):
  File "C:\PycharmProjects\xenia-game-manager\src\db.py", line 1049, in import_games_from_source
    self.add_game(game)
    ~~~~~~~~~~~~~^^^^^^
  File "C:\PycharmProjects\xenia-game-manager\src\db.py", line 1081, in add_game
    con.execute("""
    ~~~~~~~~~~~^^^^
        INSERT INTO games (
        ^^^^^^^^^^^^^^^^^^^
    ...<14 lines>...
        str(game.config_path) if game.config_path else None,
        ^^^^^^^^^^^^^^^^^^^^^^^^^^^^^^^^^^^^^^^^^^^^^^^^^^^^
    ))
    ^^
sqlite3.ProgrammingError: Error binding parameter 1: type 'Platform' is not supported
2026-08-18 02:04:02,285 [ERROR] xenia_manager: Failed to add game: Xbox360Game(game_id='454107EC', title='Need for Speed Carbon', platform=<Platform.XBOX360: 'Xbox360'>, config_path=WindowsPath('Emulators/Xenia Canary/config/Need for Speed Carbon.config.toml'), favourite=False, last_played=None, play_count=0, play_time=12.930819075, emulator='xenia', emulator_version='Canary', discs=[GameDisc(media_id='5E74E60D', file_path=WindowsPath('H:/roms/xbox360/Need for Speed Carbon Collectors Edition [PAL].ISO'), disc_count=1, disc_type='DVD', disc_swap_required=False, disc_number=1, label=None)])
Error: Error binding parameter 1: type 'Platform' is not supported
Traceback (most recent call last):
  File "C:\PycharmProjects\xenia-game-manager\src\db.py", line 1049, in import_games_from_source
    self.add_game(game)
    ~~~~~~~~~~~~~^^^^^^
  File "C:\PycharmProjects\xenia-game-manager\src\db.py", line 1081, in add_game
    con.execute("""
    ~~~~~~~~~~~^^^^
        INSERT INTO games (
        ^^^^^^^^^^^^^^^^^^^
    ...<14 lines>...
        str(game.config_path) if game.config_path else None,
        ^^^^^^^^^^^^^^^^^^^^^^^^^^^^^^^^^^^^^^^^^^^^^^^^^^^^
    ))
    ^^
sqlite3.ProgrammingError: Error binding parameter 1: type 'Platform' is not supported
2026-08-18 02:04:02,287 [ERROR] xenia_manager: Failed to add game: Xbox360Game(game_id='454109C6', title='Need for Speed Rivals', platform=<Platform.XBOX360: 'Xbox360'>, config_path=WindowsPath('Emulators/Xenia Canary/config/Need for Speed Rivals.config.toml'), favourite=False, last_played=None, play_count=0, play_time=1.28078019, emulator='xenia', emulator_version='Canary', discs=[GameDisc(media_id='603CD4F9', file_path=WindowsPath('H:/roms/xbox360/Need for Speed - Rivals (USA, Europe) (En,Ja,Fr,De,Es,It,Nl,Pt,Zh,Pl,Ru).zar'), disc_count=1, disc_type='DVD', disc_swap_required=False, disc_number=1, label=None)])
Error: Error binding parameter 1: type 'Platform' is not supported
Traceback (most recent call last):
  File "C:\PycharmProjects\xenia-game-manager\src\db.py", line 1049, in import_games_from_source
    self.add_game(game)
    ~~~~~~~~~~~~~^^^^^^
  File "C:\PycharmProjects\xenia-game-manager\src\db.py", line 1081, in add_game
    con.execute("""
    ~~~~~~~~~~~^^^^
        INSERT INTO games (
        ^^^^^^^^^^^^^^^^^^^
    ...<14 lines>...
        str(game.config_path) if game.config_path else None,
        ^^^^^^^^^^^^^^^^^^^^^^^^^^^^^^^^^^^^^^^^^^^^^^^^^^^^
    ))
    ^^
sqlite3.ProgrammingError: Error binding parameter 1: type 'Platform' is not supported
2026-08-18 02:04:02,289 [ERROR] xenia_manager: Failed to add game: Xbox360Game(game_id='4541094A', title='Need For Speed The Run', platform=<Platform.XBOX360: 'Xbox360'>, config_path=WindowsPath('Emulators/Xenia Canary/config/NEED FOR SPEED THE RUN.config.toml'), favourite=False, last_played=None, play_count=0, play_time=0, emulator='xenia', emulator_version='Canary', discs=[GameDisc(media_id='7ADE6DD0', file_path=WindowsPath('H:/roms/xbox360/Need for Speed - The Run (USA) (En,Fr,Es).zar'), disc_count=1, disc_type='DVD', disc_swap_required=False, disc_number=1, label=None)])
Error: Error binding parameter 1: type 'Platform' is not supported
Traceback (most recent call last):
  File "C:\PycharmProjects\xenia-game-manager\src\db.py", line 1049, in import_games_from_source
    self.add_game(game)
    ~~~~~~~~~~~~~^^^^^^
  File "C:\PycharmProjects\xenia-game-manager\src\db.py", line 1081, in add_game
    con.execute("""
    ~~~~~~~~~~~^^^^
        INSERT INTO games (
        ^^^^^^^^^^^^^^^^^^^
    ...<14 lines>...
        str(game.config_path) if game.config_path else None,
        ^^^^^^^^^^^^^^^^^^^^^^^^^^^^^^^^^^^^^^^^^^^^^^^^^^^^
    ))
    ^^
sqlite3.ProgrammingError: Error binding parameter 1: type 'Platform' is not supported
2026-08-18 02:04:02,292 [ERROR] xenia_manager: Failed to add game: Xbox360Game(game_id='454107D9', title='NFS Most Wanted', platform=<Platform.XBOX360: 'Xbox360'>, config_path=WindowsPath('Emulators/Xenia Canary/config/NFS Most Wanted.config.toml'), favourite=False, last_played=None, play_count=0, play_time=0, emulator='xenia', emulator_version='Canary', discs=[GameDisc(media_id='00000000', file_path=WindowsPath('D:/roms/xbox360/Need for Speed - Most Wanted (USA).iso'), disc_count=1, disc_type='DVD', disc_swap_required=False, disc_number=1, label=None)])
Error: Error binding parameter 1: type 'Platform' is not supported
Traceback (most recent call last):
  File "C:\PycharmProjects\xenia-game-manager\src\db.py", line 1049, in import_games_from_source
    self.add_game(game)
    ~~~~~~~~~~~~~^^^^^^
  File "C:\PycharmProjects\xenia-game-manager\src\db.py", line 1081, in add_game
    con.execute("""
    ~~~~~~~~~~~^^^^
        INSERT INTO games (
        ^^^^^^^^^^^^^^^^^^^
    ...<14 lines>...
        str(game.config_path) if game.config_path else None,
        ^^^^^^^^^^^^^^^^^^^^^^^^^^^^^^^^^^^^^^^^^^^^^^^^^^^^
    ))
    ^^
sqlite3.ProgrammingError: Error binding parameter 1: type 'Platform' is not supported
2026-08-18 02:04:02,294 [ERROR] xenia_manager: Failed to add game: Xbox360Game(game_id='4D4A07D5', title='Night at the Museum 2', platform=<Platform.XBOX360: 'Xbox360'>, config_path=WindowsPath('Emulators/Xenia Canary/config/Night at the Museum\xa02.config.toml'), favourite=False, last_played=None, play_count=0, play_time=0, emulator='xenia', emulator_version='Canary', discs=[GameDisc(media_id='10A4C729', file_path=WindowsPath('D:/roms/xbox360/Night at the Museum - Battle of the Smithsonian - The Video Game (USA, Europe) (En,Fr,De).iso'), disc_count=1, disc_type='DVD', disc_swap_required=False, disc_number=1, label=None)])
Error: Error binding parameter 1: type 'Platform' is not supported
Traceback (most recent call last):
  File "C:\PycharmProjects\xenia-game-manager\src\db.py", line 1049, in import_games_from_source
    self.add_game(game)
    ~~~~~~~~~~~~~^^^^^^
  File "C:\PycharmProjects\xenia-game-manager\src\db.py", line 1081, in add_game
    con.execute("""
    ~~~~~~~~~~~^^^^
        INSERT INTO games (
        ^^^^^^^^^^^^^^^^^^^
    ...<14 lines>...
        str(game.config_path) if game.config_path else None,
        ^^^^^^^^^^^^^^^^^^^^^^^^^^^^^^^^^^^^^^^^^^^^^^^^^^^^
    ))
    ^^
sqlite3.ProgrammingError: Error binding parameter 1: type 'Platform' is not supported
2026-08-18 02:04:02,296 [ERROR] xenia_manager: Failed to add game: Xbox360Game(game_id='4B5907E5', title='Omerta - City of Gangsters', platform=<Platform.XBOX360: 'Xbox360'>, config_path=WindowsPath('Emulators/Xenia Canary/config/Omerta - City of Gangsters.config.toml'), favourite=False, last_played=None, play_count=0, play_time=3.1159068983333333, emulator='xenia', emulator_version='Canary', discs=[GameDisc(media_id='70A2E689', file_path=WindowsPath('D:/roms/xbox360/Omerta - City of Gangsters (USA, Europe).iso'), disc_count=1, disc_type='DVD', disc_swap_required=False, disc_number=1, label=None)])
Error: Error binding parameter 1: type 'Platform' is not supported
Traceback (most recent call last):
  File "C:\PycharmProjects\xenia-game-manager\src\db.py", line 1049, in import_games_from_source
    self.add_game(game)
    ~~~~~~~~~~~~~^^^^^^
  File "C:\PycharmProjects\xenia-game-manager\src\db.py", line 1081, in add_game
    con.execute("""
    ~~~~~~~~~~~^^^^
        INSERT INTO games (
        ^^^^^^^^^^^^^^^^^^^
    ...<14 lines>...
        str(game.config_path) if game.config_path else None,
        ^^^^^^^^^^^^^^^^^^^^^^^^^^^^^^^^^^^^^^^^^^^^^^^^^^^^
    ))
    ^^
sqlite3.ProgrammingError: Error binding parameter 1: type 'Platform' is not supported
2026-08-18 02:04:02,299 [ERROR] xenia_manager: Failed to add game: Xbox360Game(game_id='445007EA', title='Onechanbara - Bikini Samurai Squad', platform=<Platform.XBOX360: 'Xbox360'>, config_path=WindowsPath('Emulators/Xenia Canary/config/Onechanbara - Bikini Samurai Squad.config.toml'), favourite=False, last_played=None, play_count=0, play_time=0, emulator='xenia', emulator_version='Canary', discs=[GameDisc(media_id='31A55A84', file_path=WindowsPath('D:/roms/xbox360/Onechanbara - Bikini Samurai Squad (USA, Europe) (En,Fr).iso'), disc_count=1, disc_type='DVD', disc_swap_required=False, disc_number=1, label=None)])
Error: Error binding parameter 1: type 'Platform' is not supported
Traceback (most recent call last):
  File "C:\PycharmProjects\xenia-game-manager\src\db.py", line 1049, in import_games_from_source
    self.add_game(game)
    ~~~~~~~~~~~~~^^^^^^
  File "C:\PycharmProjects\xenia-game-manager\src\db.py", line 1081, in add_game
    con.execute("""
    ~~~~~~~~~~~^^^^
        INSERT INTO games (
        ^^^^^^^^^^^^^^^^^^^
    ...<14 lines>...
        str(game.config_path) if game.config_path else None,
        ^^^^^^^^^^^^^^^^^^^^^^^^^^^^^^^^^^^^^^^^^^^^^^^^^^^^
    ))
    ^^
sqlite3.ProgrammingError: Error binding parameter 1: type 'Platform' is not supported
2026-08-18 02:04:02,301 [ERROR] xenia_manager: Failed to add game: Xbox360Game(game_id='4B4E083A', title='Otomedius Excellent', platform=<Platform.XBOX360: 'Xbox360'>, config_path=WindowsPath('Emulators/Xenia Canary/config/Otomedius Excellent.config.toml'), favourite=False, last_played=None, play_count=0, play_time=0, emulator='xenia', emulator_version='Canary', discs=[GameDisc(media_id='244A2C90', file_path=WindowsPath('D:/roms/xbox360/Otomedius Excellent (USA, Canada).iso'), disc_count=1, disc_type='DVD', disc_swap_required=False, disc_number=1, label=None)])
Error: Error binding parameter 1: type 'Platform' is not supported
Traceback (most recent call last):
  File "C:\PycharmProjects\xenia-game-manager\src\db.py", line 1049, in import_games_from_source
    self.add_game(game)
    ~~~~~~~~~~~~~^^^^^^
  File "C:\PycharmProjects\xenia-game-manager\src\db.py", line 1081, in add_game
    con.execute("""
    ~~~~~~~~~~~^^^^
        INSERT INTO games (
        ^^^^^^^^^^^^^^^^^^^
    ...<14 lines>...
        str(game.config_path) if game.config_path else None,
        ^^^^^^^^^^^^^^^^^^^^^^^^^^^^^^^^^^^^^^^^^^^^^^^^^^^^
    ))
    ^^
sqlite3.ProgrammingError: Error binding parameter 1: type 'Platform' is not supported
2026-08-18 02:04:02,302 [ERROR] xenia_manager: Failed to add game: Xbox360Game(game_id='4B4E07EE', title='Otomedius Gorgeous!', platform=<Platform.XBOX360: 'Xbox360'>, config_path=WindowsPath('Emulators/Xenia Canary/config/Otomedius Gorgeous!.config.toml'), favourite=False, last_played=None, play_count=0, play_time=13.942277838333334, emulator='xenia', emulator_version='Canary', discs=[GameDisc(media_id='1EA01EB1', file_path=WindowsPath('D:/roms/xbox360/Otomedius Gorgeous! (Japan).iso'), disc_count=1, disc_type='DVD', disc_swap_required=False, disc_number=1, label=None)])
Error: Error binding parameter 1: type 'Platform' is not supported
Traceback (most recent call last):
  File "C:\PycharmProjects\xenia-game-manager\src\db.py", line 1049, in import_games_from_source
    self.add_game(game)
    ~~~~~~~~~~~~~^^^^^^
  File "C:\PycharmProjects\xenia-game-manager\src\db.py", line 1081, in add_game
    con.execute("""
    ~~~~~~~~~~~^^^^
        INSERT INTO games (
        ^^^^^^^^^^^^^^^^^^^
    ...<14 lines>...
        str(game.config_path) if game.config_path else None,
        ^^^^^^^^^^^^^^^^^^^^^^^^^^^^^^^^^^^^^^^^^^^^^^^^^^^^
    ))
    ^^
sqlite3.ProgrammingError: Error binding parameter 1: type 'Platform' is not supported
2026-08-18 02:04:02,304 [ERROR] xenia_manager: Failed to add game: Xbox360Game(game_id='58410811', title='PAC-MAN', platform=<Platform.XBOX360: 'Xbox360'>, config_path=WindowsPath('Emulators/Xenia Canary/config/PAC-MAN.config.toml'), favourite=False, last_played=None, play_count=0, play_time=0, emulator='xenia', emulator_version='Canary', discs=[GameDisc(media_id='00000000', file_path=WindowsPath('D:/roms/xbox360/58410811/000D0000/AE2EAEAF0A68E40EA6B04C46A1B5729B29068CDC58'), disc_count=1, disc_type='XBLA', disc_swap_required=False, disc_number=1, label=None)])
Error: Error binding parameter 1: type 'Platform' is not supported
Traceback (most recent call last):
  File "C:\PycharmProjects\xenia-game-manager\src\db.py", line 1049, in import_games_from_source
    self.add_game(game)
    ~~~~~~~~~~~~~^^^^^^
  File "C:\PycharmProjects\xenia-game-manager\src\db.py", line 1081, in add_game
    con.execute("""
    ~~~~~~~~~~~^^^^
        INSERT INTO games (
        ^^^^^^^^^^^^^^^^^^^
    ...<14 lines>...
        str(game.config_path) if game.config_path else None,
        ^^^^^^^^^^^^^^^^^^^^^^^^^^^^^^^^^^^^^^^^^^^^^^^^^^^^
    ))
    ^^
sqlite3.ProgrammingError: Error binding parameter 1: type 'Platform' is not supported
2026-08-18 02:04:02,306 [ERROR] xenia_manager: Failed to add game: Xbox360Game(game_id='58410A8C', title='PAC-MAN Championship Edition DX', platform=<Platform.XBOX360: 'Xbox360'>, config_path=WindowsPath('Emulators/Xenia Canary/config/PAC-MAN Championship Edition DX.config.toml'), favourite=False, last_played=None, play_count=0, play_time=0, emulator='xenia', emulator_version='Canary', discs=[GameDisc(media_id='491BC35A', file_path=WindowsPath('D:/roms/xbox360/58410A8C/000D0000/38D034D6344630EE7876DF7742227F9ED065219058'), disc_count=1, disc_type='XBLA', disc_swap_required=False, disc_number=1, label=None)])
Error: Error binding parameter 1: type 'Platform' is not supported
Traceback (most recent call last):
  File "C:\PycharmProjects\xenia-game-manager\src\db.py", line 1049, in import_games_from_source
    self.add_game(game)
    ~~~~~~~~~~~~~^^^^^^
  File "C:\PycharmProjects\xenia-game-manager\src\db.py", line 1081, in add_game
    con.execute("""
    ~~~~~~~~~~~^^^^
        INSERT INTO games (
        ^^^^^^^^^^^^^^^^^^^
    ...<14 lines>...
        str(game.config_path) if game.config_path else None,
        ^^^^^^^^^^^^^^^^^^^^^^^^^^^^^^^^^^^^^^^^^^^^^^^^^^^^
    ))
    ^^
sqlite3.ProgrammingError: Error binding parameter 1: type 'Platform' is not supported
2026-08-18 02:04:02,497 [ERROR] xenia_manager: Failed to add game: Xbox360Game(game_id='464F0800', title='Payday 2', platform=<Platform.XBOX360: 'Xbox360'>, config_path=WindowsPath('Emulators/Xenia Canary/config/PAYDAY 2.config.toml'), favourite=False, last_played=None, play_count=0, play_time=0, emulator='xenia', emulator_version='Canary', discs=[GameDisc(media_id='53E88EFA', file_path=WindowsPath('D:/roms/xbox360/Payday 2.zar'), disc_count=1, disc_type='DVD', disc_swap_required=False, disc_number=1, label=None)])
Error: Error binding parameter 1: type 'Platform' is not supported
Traceback (most recent call last):
  File "C:\PycharmProjects\xenia-game-manager\src\db.py", line 1049, in import_games_from_source
    self.add_game(game)
    ~~~~~~~~~~~~~^^^^^^
  File "C:\PycharmProjects\xenia-game-manager\src\db.py", line 1081, in add_game
    con.execute("""
    ~~~~~~~~~~~^^^^
        INSERT INTO games (
        ^^^^^^^^^^^^^^^^^^^
    ...<14 lines>...
        str(game.config_path) if game.config_path else None,
        ^^^^^^^^^^^^^^^^^^^^^^^^^^^^^^^^^^^^^^^^^^^^^^^^^^^^
    ))
    ^^
sqlite3.ProgrammingError: Error binding parameter 1: type 'Platform' is not supported
2026-08-18 02:04:02,500 [ERROR] xenia_manager: Failed to add game: Xbox360Game(game_id='415407E2', title='Persona 4 Arena Ultimax', platform=<Platform.XBOX360: 'Xbox360'>, config_path=WindowsPath('Emulators/Xenia Canary/config/Persona 4 Arena Ultimax.config.toml'), favourite=False, last_played=None, play_count=0, play_time=0, emulator='xenia', emulator_version='Canary', discs=[GameDisc(media_id='46D5242F', file_path=WindowsPath('D:/roms/xbox360/Persona 4 Arena Ultimax (Europe).iso'), disc_count=1, disc_type='DVD', disc_swap_required=False, disc_number=1, label=None)])
Error: Error binding parameter 1: type 'Platform' is not supported
Traceback (most recent call last):
  File "C:\PycharmProjects\xenia-game-manager\src\db.py", line 1049, in import_games_from_source
    self.add_game(game)
    ~~~~~~~~~~~~~^^^^^^
  File "C:\PycharmProjects\xenia-game-manager\src\db.py", line 1081, in add_game
    con.execute("""
    ~~~~~~~~~~~^^^^
        INSERT INTO games (
        ^^^^^^^^^^^^^^^^^^^
    ...<14 lines>...
        str(game.config_path) if game.config_path else None,
        ^^^^^^^^^^^^^^^^^^^^^^^^^^^^^^^^^^^^^^^^^^^^^^^^^^^^
    ))
    ^^
sqlite3.ProgrammingError: Error binding parameter 1: type 'Platform' is not supported
2026-08-18 02:04:02,503 [ERROR] xenia_manager: Failed to add game: Xbox360Game(game_id='555307D3', title='Peter Jacksons King Kong', platform=<Platform.XBOX360: 'Xbox360'>, config_path=WindowsPath('Emulators/Xenia Mousehook/config/Peter Jacksons King Kong.config.toml'), favourite=False, last_played=None, play_count=0, play_time=8.627778276666668, emulator='xenia', emulator_version='Mousehook', discs=[GameDisc(media_id='00000000', file_path=WindowsPath("D:/roms/xbox360/Peter Jackson's King Kong - The Official Game of the Movie (USA, Europe) (En,Fr,De,Es,It,Nl,Sv,No,Da,Fi).iso"), disc_count=1, disc_type='DVD', disc_swap_required=False, disc_number=1, label=None)])
Error: Error binding parameter 1: type 'Platform' is not supported
Traceback (most recent call last):
  File "C:\PycharmProjects\xenia-game-manager\src\db.py", line 1049, in import_games_from_source
    self.add_game(game)
    ~~~~~~~~~~~~~^^^^^^
  File "C:\PycharmProjects\xenia-game-manager\src\db.py", line 1081, in add_game
    con.execute("""
    ~~~~~~~~~~~^^^^
        INSERT INTO games (
        ^^^^^^^^^^^^^^^^^^^
    ...<14 lines>...
        str(game.config_path) if game.config_path else None,
        ^^^^^^^^^^^^^^^^^^^^^^^^^^^^^^^^^^^^^^^^^^^^^^^^^^^^
    ))
    ^^
sqlite3.ProgrammingError: Error binding parameter 1: type 'Platform' is not supported
2026-08-18 02:04:02,506 [ERROR] xenia_manager: Failed to add game: Xbox360Game(game_id='435607D7', title='Pinball Hall of Fame', platform=<Platform.XBOX360: 'Xbox360'>, config_path=WindowsPath('Emulators/Xenia Canary/config/Pinball Hall of Fame.config.toml'), favourite=False, last_played=None, play_count=0, play_time=0, emulator='xenia', emulator_version='Canary', discs=[GameDisc(media_id='7A939E11', file_path=WindowsPath('D:/roms/xbox360/Pinball Hall of Fame - The Williams Collection (USA).iso'), disc_count=1, disc_type='DVD', disc_swap_required=False, disc_number=1, label=None)])
Error: Error binding parameter 1: type 'Platform' is not supported
Traceback (most recent call last):
  File "C:\PycharmProjects\xenia-game-manager\src\db.py", line 1049, in import_games_from_source
    self.add_game(game)
    ~~~~~~~~~~~~~^^^^^^
  File "C:\PycharmProjects\xenia-game-manager\src\db.py", line 1081, in add_game
    con.execute("""
    ~~~~~~~~~~~^^^^
        INSERT INTO games (
        ^^^^^^^^^^^^^^^^^^^
    ...<14 lines>...
        str(game.config_path) if game.config_path else None,
        ^^^^^^^^^^^^^^^^^^^^^^^^^^^^^^^^^^^^^^^^^^^^^^^^^^^^
    ))
    ^^
sqlite3.ProgrammingError: Error binding parameter 1: type 'Platform' is not supported
2026-08-18 02:04:02,509 [ERROR] xenia_manager: Failed to add game: Xbox360Game(game_id='504707D1', title='PopCap Arcade Vol 1 (USA)', platform=<Platform.XBOX360: 'Xbox360'>, config_path=WindowsPath('Emulators/Xenia Canary/config/PopCap Arcade Vol 1 (USA).config.toml'), favourite=False, last_played=None, play_count=0, play_time=0.28926775666666665, emulator='xenia', emulator_version='Canary', discs=[GameDisc(media_id='5ED353BF', file_path=WindowsPath('D:/roms/xbox360/PopCap Arcade Vol 1 (USA).iso'), disc_count=1, disc_type='DVD', disc_swap_required=False, disc_number=1, label=None)])
Error: Error binding parameter 1: type 'Platform' is not supported
Traceback (most recent call last):
  File "C:\PycharmProjects\xenia-game-manager\src\db.py", line 1049, in import_games_from_source
    self.add_game(game)
    ~~~~~~~~~~~~~^^^^^^
  File "C:\PycharmProjects\xenia-game-manager\src\db.py", line 1081, in add_game
    con.execute("""
    ~~~~~~~~~~~^^^^
        INSERT INTO games (
        ^^^^^^^^^^^^^^^^^^^
    ...<14 lines>...
        str(game.config_path) if game.config_path else None,
        ^^^^^^^^^^^^^^^^^^^^^^^^^^^^^^^^^^^^^^^^^^^^^^^^^^^^
    ))
    ^^
sqlite3.ProgrammingError: Error binding parameter 1: type 'Platform' is not supported
2026-08-18 02:04:02,512 [ERROR] xenia_manager: Failed to add game: Xbox360Game(game_id='45410912', title='Portal 2', platform=<Platform.XBOX360: 'Xbox360'>, config_path=WindowsPath('Emulators/Xenia Canary/config/Portal 2.config.toml'), favourite=False, last_played=None, play_count=0, play_time=0, emulator='xenia', emulator_version='Canary', discs=[GameDisc(media_id='0E7A7EB3', file_path=WindowsPath('H:/roms/xbox360/Portal 2 [RF].iso'), disc_count=1, disc_type='DVD', disc_swap_required=False, disc_number=1, label=None)])
Error: Error binding parameter 1: type 'Platform' is not supported
Traceback (most recent call last):
  File "C:\PycharmProjects\xenia-game-manager\src\db.py", line 1049, in import_games_from_source
    self.add_game(game)
    ~~~~~~~~~~~~~^^^^^^
  File "C:\PycharmProjects\xenia-game-manager\src\db.py", line 1081, in add_game
    con.execute("""
    ~~~~~~~~~~~^^^^
        INSERT INTO games (
        ^^^^^^^^^^^^^^^^^^^
    ...<14 lines>...
        str(game.config_path) if game.config_path else None,
        ^^^^^^^^^^^^^^^^^^^^^^^^^^^^^^^^^^^^^^^^^^^^^^^^^^^^
    ))
    ^^
sqlite3.ProgrammingError: Error binding parameter 1: type 'Platform' is not supported
2026-08-18 02:04:02,514 [ERROR] xenia_manager: Failed to add game: Xbox360Game(game_id='535107D4', title='Project Sylpheed - Arc of Deception', platform=<Platform.XBOX360: 'Xbox360'>, config_path=WindowsPath('Emulators/Xenia Canary/config/Project Sylpheed - Arc of Deception.config.toml'), favourite=False, last_played=None, play_count=0, play_time=0, emulator='xenia', emulator_version='Canary', discs=[GameDisc(media_id='2D2E2EEB', file_path=WindowsPath('D:/roms/xbox360/Project Sylpheed - Arc of Deception (USA, Europe) (En,Ja).iso'), disc_count=1, disc_type='DVD', disc_swap_required=False, disc_number=1, label=None)])
Error: Error binding parameter 1: type 'Platform' is not supported
Traceback (most recent call last):
  File "C:\PycharmProjects\xenia-game-manager\src\db.py", line 1049, in import_games_from_source
    self.add_game(game)
    ~~~~~~~~~~~~~^^^^^^
  File "C:\PycharmProjects\xenia-game-manager\src\db.py", line 1081, in add_game
    con.execute("""
    ~~~~~~~~~~~^^^^
        INSERT INTO games (
        ^^^^^^^^^^^^^^^^^^^
    ...<14 lines>...
        str(game.config_path) if game.config_path else None,
        ^^^^^^^^^^^^^^^^^^^^^^^^^^^^^^^^^^^^^^^^^^^^^^^^^^^^
    ))
    ^^
sqlite3.ProgrammingError: Error binding parameter 1: type 'Platform' is not supported
2026-08-18 02:04:02,517 [ERROR] xenia_manager: Failed to add game: Xbox360Game(game_id='4156084E', title='Prototype', platform=<Platform.XBOX360: 'Xbox360'>, config_path=WindowsPath('Emulators/Xenia Canary/config/PROTOTYPE.config.toml'), favourite=False, last_played=None, play_count=0, play_time=0, emulator='xenia', emulator_version='Canary', discs=[GameDisc(media_id='32211A45', file_path=WindowsPath('D:/roms/xbox360/Prototype (World) (En,Fr,Es,It).zar'), disc_count=1, disc_type='DVD', disc_swap_required=False, disc_number=1, label=None)])
Error: Error binding parameter 1: type 'Platform' is not supported
Traceback (most recent call last):
  File "C:\PycharmProjects\xenia-game-manager\src\db.py", line 1049, in import_games_from_source
    self.add_game(game)
    ~~~~~~~~~~~~~^^^^^^
  File "C:\PycharmProjects\xenia-game-manager\src\db.py", line 1081, in add_game
    con.execute("""
    ~~~~~~~~~~~^^^^
        INSERT INTO games (
        ^^^^^^^^^^^^^^^^^^^
    ...<14 lines>...
        str(game.config_path) if game.config_path else None,
        ^^^^^^^^^^^^^^^^^^^^^^^^^^^^^^^^^^^^^^^^^^^^^^^^^^^^
    ))
    ^^
sqlite3.ProgrammingError: Error binding parameter 1: type 'Platform' is not supported
2026-08-18 02:04:02,519 [ERROR] xenia_manager: Failed to add game: Xbox360Game(game_id='415607D2', title='Quake 4', platform=<Platform.XBOX360: 'Xbox360'>, config_path=WindowsPath('Emulators/Xenia Canary/config/QUAKE 4.config.toml'), favourite=False, last_played=None, play_count=0, play_time=0, emulator='xenia', emulator_version='Canary', discs=[GameDisc(media_id='00000000', file_path=WindowsPath('D:/roms/xbox360/Quake 4.zar'), disc_count=1, disc_type='DVD', disc_swap_required=False, disc_number=1, label=None)])
Error: Error binding parameter 1: type 'Platform' is not supported
Traceback (most recent call last):
  File "C:\PycharmProjects\xenia-game-manager\src\db.py", line 1049, in import_games_from_source
    self.add_game(game)
    ~~~~~~~~~~~~~^^^^^^
  File "C:\PycharmProjects\xenia-game-manager\src\db.py", line 1081, in add_game
    con.execute("""
    ~~~~~~~~~~~^^^^
        INSERT INTO games (
        ^^^^^^^^^^^^^^^^^^^
    ...<14 lines>...
        str(game.config_path) if game.config_path else None,
        ^^^^^^^^^^^^^^^^^^^^^^^^^^^^^^^^^^^^^^^^^^^^^^^^^^^^
    ))
    ^^
sqlite3.ProgrammingError: Error binding parameter 1: type 'Platform' is not supported
2026-08-18 02:04:02,522 [ERROR] xenia_manager: Failed to add game: Xbox360Game(game_id='584108AD', title='R-Type Dimensions', platform=<Platform.XBOX360: 'Xbox360'>, config_path=WindowsPath('Emulators/Xenia Canary/config/R-Type Dimensions.config.toml'), favourite=False, last_played=None, play_count=0, play_time=5.226080146666667, emulator='xenia', emulator_version='Canary', discs=[GameDisc(media_id='57E2F642', file_path=WindowsPath('F:/xbox360/584108AD/000D0000/79A4BF150EBD4C60FBEAC4C50C0D4DE217E723EF'), disc_count=1, disc_type='XBLA', disc_swap_required=False, disc_number=1, label=None)])
Error: Error binding parameter 1: type 'Platform' is not supported
Traceback (most recent call last):
  File "C:\PycharmProjects\xenia-game-manager\src\db.py", line 1049, in import_games_from_source
    self.add_game(game)
    ~~~~~~~~~~~~~^^^^^^
  File "C:\PycharmProjects\xenia-game-manager\src\db.py", line 1081, in add_game
    con.execute("""
    ~~~~~~~~~~~^^^^
        INSERT INTO games (
        ^^^^^^^^^^^^^^^^^^^
    ...<14 lines>...
        str(game.config_path) if game.config_path else None,
        ^^^^^^^^^^^^^^^^^^^^^^^^^^^^^^^^^^^^^^^^^^^^^^^^^^^^
    ))
    ^^
sqlite3.ProgrammingError: Error binding parameter 1: type 'Platform' is not supported
2026-08-18 02:04:02,525 [ERROR] xenia_manager: Failed to add game: Xbox360Game(game_id='425307EC', title='Rage', platform=<Platform.XBOX360: 'Xbox360'>, config_path=WindowsPath('Emulators/Xenia Canary/config/Rage (Disc 1).config.toml'), favourite=False, last_played=None, play_count=0, play_time=0, emulator='xenia', emulator_version='Canary', discs=[GameDisc(media_id='0A5883E2', file_path=WindowsPath('H:/roms/xbox360/Rage (Europe) (Disc 1).iso'), disc_count=1, disc_type='DVD', disc_swap_required=False, disc_number=1, label=None)])
Error: Error binding parameter 1: type 'Platform' is not supported
Traceback (most recent call last):
  File "C:\PycharmProjects\xenia-game-manager\src\db.py", line 1049, in import_games_from_source
    self.add_game(game)
    ~~~~~~~~~~~~~^^^^^^
  File "C:\PycharmProjects\xenia-game-manager\src\db.py", line 1081, in add_game
    con.execute("""
    ~~~~~~~~~~~^^^^
        INSERT INTO games (
        ^^^^^^^^^^^^^^^^^^^
    ...<14 lines>...
        str(game.config_path) if game.config_path else None,
        ^^^^^^^^^^^^^^^^^^^^^^^^^^^^^^^^^^^^^^^^^^^^^^^^^^^^
    ))
    ^^
sqlite3.ProgrammingError: Error binding parameter 1: type 'Platform' is not supported
2026-08-18 02:04:02,528 [ERROR] xenia_manager: Failed to add game: Xbox360Game(game_id='425307EC', title='Rage', platform=<Platform.XBOX360: 'Xbox360'>, config_path=WindowsPath('Emulators/Xenia Canary/config/Rage (Disc 2).config.toml'), favourite=False, last_played=None, play_count=0, play_time=0, emulator='xenia', emulator_version='Canary', discs=[GameDisc(media_id='3277646A', file_path=WindowsPath('H:/roms/xbox360/Rage (Europe) (Fr,De,Es,It) (Disc 2).iso'), disc_count=1, disc_type='DVD', disc_swap_required=False, disc_number=2, label=None)])
Error: Error binding parameter 1: type 'Platform' is not supported
Traceback (most recent call last):
  File "C:\PycharmProjects\xenia-game-manager\src\db.py", line 1049, in import_games_from_source
    self.add_game(game)
    ~~~~~~~~~~~~~^^^^^^
  File "C:\PycharmProjects\xenia-game-manager\src\db.py", line 1081, in add_game
    con.execute("""
    ~~~~~~~~~~~^^^^
        INSERT INTO games (
        ^^^^^^^^^^^^^^^^^^^
    ...<14 lines>...
        str(game.config_path) if game.config_path else None,
        ^^^^^^^^^^^^^^^^^^^^^^^^^^^^^^^^^^^^^^^^^^^^^^^^^^^^
    ))
    ^^
sqlite3.ProgrammingError: Error binding parameter 1: type 'Platform' is not supported
2026-08-18 02:04:02,530 [ERROR] xenia_manager: Failed to add game: Xbox360Game(game_id='425307EC', title='Rage', platform=<Platform.XBOX360: 'Xbox360'>, config_path=WindowsPath('Emulators/Xenia Canary/config/Rage (Disc 3).config.toml'), favourite=False, last_played=None, play_count=0, play_time=0, emulator='xenia', emulator_version='Canary', discs=[GameDisc(media_id='4D174B43', file_path=WindowsPath('H:/roms/xbox360/Rage (Europe) (Fr,De,Es,It) (Disc 3).iso'), disc_count=1, disc_type='DVD', disc_swap_required=False, disc_number=3, label=None)])
Error: Error binding parameter 1: type 'Platform' is not supported
Traceback (most recent call last):
  File "C:\PycharmProjects\xenia-game-manager\src\db.py", line 1049, in import_games_from_source
    self.add_game(game)
    ~~~~~~~~~~~~~^^^^^^
  File "C:\PycharmProjects\xenia-game-manager\src\db.py", line 1081, in add_game
    con.execute("""
    ~~~~~~~~~~~^^^^
        INSERT INTO games (
        ^^^^^^^^^^^^^^^^^^^
    ...<14 lines>...
        str(game.config_path) if game.config_path else None,
        ^^^^^^^^^^^^^^^^^^^^^^^^^^^^^^^^^^^^^^^^^^^^^^^^^^^^
    ))
    ^^
sqlite3.ProgrammingError: Error binding parameter 1: type 'Platform' is not supported
2026-08-18 02:04:02,533 [ERROR] xenia_manager: Failed to add game: Xbox360Game(game_id='584111E0', title='REAL STEEL', platform=<Platform.XBOX360: 'Xbox360'>, config_path=WindowsPath('Emulators/Xenia Canary/config/REAL STEEL.config.toml'), favourite=False, last_played=None, play_count=0, play_time=0, emulator='xenia', emulator_version='Canary', discs=[GameDisc(media_id='5283ED50', file_path=WindowsPath('F:/xbox360/584111E0/000D0000/62939F79719792E4C7A3023F3C63E17428928B4D58'), disc_count=1, disc_type='XBLA', disc_swap_required=False, disc_number=1, label=None)])
Error: Error binding parameter 1: type 'Platform' is not supported
Traceback (most recent call last):
  File "C:\PycharmProjects\xenia-game-manager\src\db.py", line 1049, in import_games_from_source
    self.add_game(game)
    ~~~~~~~~~~~~~^^^^^^
  File "C:\PycharmProjects\xenia-game-manager\src\db.py", line 1081, in add_game
    con.execute("""
    ~~~~~~~~~~~^^^^
        INSERT INTO games (
        ^^^^^^^^^^^^^^^^^^^
    ...<14 lines>...
        str(game.config_path) if game.config_path else None,
        ^^^^^^^^^^^^^^^^^^^^^^^^^^^^^^^^^^^^^^^^^^^^^^^^^^^^
    ))
    ^^
sqlite3.ProgrammingError: Error binding parameter 1: type 'Platform' is not supported
2026-08-18 02:04:02,537 [ERROR] xenia_manager: Failed to add game: Xbox360Game(game_id='5454082B', title='Red Dead Redemption - Game of the Year Edition (Disc 1) (Red Dead Redemption Single Player)', platform=<Platform.XBOX360: 'Xbox360'>, config_path=WindowsPath('Emulators/Xenia Canary/config/Red Dead Redemption - Game of the Year Edition (Disc 1) (Red Dead Redemption Single Player).config.toml'), favourite=False, last_played=None, play_count=0, play_time=0, emulator='xenia', emulator_version='Canary', discs=[GameDisc(media_id='3EE87B76', file_path=WindowsPath('D:/roms/xbox360/Red Dead Redemption - Game of the Year Edition (USA, Europe) (En,Fr,De,Es,It) (Disc 1) (Red Dead Redemption Single Player).zar'), disc_count=1, disc_type='DVD', disc_swap_required=False, disc_number=1, label=None)])
Error: Error binding parameter 1: type 'Platform' is not supported
Traceback (most recent call last):
  File "C:\PycharmProjects\xenia-game-manager\src\db.py", line 1049, in import_games_from_source
    self.add_game(game)
    ~~~~~~~~~~~~~^^^^^^
  File "C:\PycharmProjects\xenia-game-manager\src\db.py", line 1081, in add_game
    con.execute("""
    ~~~~~~~~~~~^^^^
        INSERT INTO games (
        ^^^^^^^^^^^^^^^^^^^
    ...<14 lines>...
        str(game.config_path) if game.config_path else None,
        ^^^^^^^^^^^^^^^^^^^^^^^^^^^^^^^^^^^^^^^^^^^^^^^^^^^^
    ))
    ^^
sqlite3.ProgrammingError: Error binding parameter 1: type 'Platform' is not supported
2026-08-18 02:04:02,540 [ERROR] xenia_manager: Failed to add game: Xbox360Game(game_id='43430833', title='Resident Evil - Revelations ~ Biohazard - Revelations - Unveiled Edition', platform=<Platform.XBOX360: 'Xbox360'>, config_path=WindowsPath('Emulators/Xenia Canary/config/Resident Evil - Revelations ~ Biohazard - Revelations - Unveiled Edition.config.toml'), favourite=False, last_played=None, play_count=0, play_time=0, emulator='xenia', emulator_version='Canary', discs=[GameDisc(media_id='09767E37', file_path=WindowsPath('D:/roms/xbox360/Resident Evil Revelations [RF].iso'), disc_count=1, disc_type='DVD', disc_swap_required=False, disc_number=1, label=None)])
Error: Error binding parameter 1: type 'Platform' is not supported
Traceback (most recent call last):
  File "C:\PycharmProjects\xenia-game-manager\src\db.py", line 1049, in import_games_from_source
    self.add_game(game)
    ~~~~~~~~~~~~~^^^^^^
  File "C:\PycharmProjects\xenia-game-manager\src\db.py", line 1081, in add_game
    con.execute("""
    ~~~~~~~~~~~^^^^
        INSERT INTO games (
        ^^^^^^^^^^^^^^^^^^^
    ...<14 lines>...
        str(game.config_path) if game.config_path else None,
        ^^^^^^^^^^^^^^^^^^^^^^^^^^^^^^^^^^^^^^^^^^^^^^^^^^^^
    ))
    ^^
sqlite3.ProgrammingError: Error binding parameter 1: type 'Platform' is not supported
2026-08-18 02:04:02,543 [ERROR] xenia_manager: Failed to add game: Xbox360Game(game_id='4343081C', title='Resident Evil 4', platform=<Platform.XBOX360: 'Xbox360'>, config_path=WindowsPath('Emulators/Xenia Canary/config/Resident Evil 4.config.toml'), favourite=False, last_played=None, play_count=0, play_time=0, emulator='xenia', emulator_version='Canary', discs=[GameDisc(media_id='50C2E4F8', file_path=WindowsPath('D:/roms/xbox360/4343081C/00007000/148121D3F5566CE330DDCCB0790C9BEA43'), disc_count=1, disc_type='XBLA', disc_swap_required=False, disc_number=1, label=None)])
Error: Error binding parameter 1: type 'Platform' is not supported
Traceback (most recent call last):
  File "C:\PycharmProjects\xenia-game-manager\src\db.py", line 1049, in import_games_from_source
    self.add_game(game)
    ~~~~~~~~~~~~~^^^^^^
  File "C:\PycharmProjects\xenia-game-manager\src\db.py", line 1081, in add_game
    con.execute("""
    ~~~~~~~~~~~^^^^
        INSERT INTO games (
        ^^^^^^^^^^^^^^^^^^^
    ...<14 lines>...
        str(game.config_path) if game.config_path else None,
        ^^^^^^^^^^^^^^^^^^^^^^^^^^^^^^^^^^^^^^^^^^^^^^^^^^^^
    ))
    ^^
sqlite3.ProgrammingError: Error binding parameter 1: type 'Platform' is not supported
2026-08-18 02:04:02,545 [ERROR] xenia_manager: Failed to add game: Xbox360Game(game_id='434307D4', title='Resident Evil 5', platform=<Platform.XBOX360: 'Xbox360'>, config_path=WindowsPath('Emulators/Xenia Canary/config/Resident Evil 5.config.toml'), favourite=False, last_played=None, play_count=0, play_time=109.43723687833334, emulator='xenia', emulator_version='Canary', discs=[GameDisc(media_id='5B2A79D5', file_path=WindowsPath('D:/roms/xbox360/Resident Evil 5 (World) (En,Ja,Fr,De,Es,It).zar'), disc_count=1, disc_type='DVD', disc_swap_required=False, disc_number=1, label=None)])
Error: Error binding parameter 1: type 'Platform' is not supported
Traceback (most recent call last):
  File "C:\PycharmProjects\xenia-game-manager\src\db.py", line 1049, in import_games_from_source
    self.add_game(game)
    ~~~~~~~~~~~~~^^^^^^
  File "C:\PycharmProjects\xenia-game-manager\src\db.py", line 1081, in add_game
    con.execute("""
    ~~~~~~~~~~~^^^^
        INSERT INTO games (
        ^^^^^^^^^^^^^^^^^^^
    ...<14 lines>...
        str(game.config_path) if game.config_path else None,
        ^^^^^^^^^^^^^^^^^^^^^^^^^^^^^^^^^^^^^^^^^^^^^^^^^^^^
    ))
    ^^
sqlite3.ProgrammingError: Error binding parameter 1: type 'Platform' is not supported
2026-08-18 02:04:02,548 [ERROR] xenia_manager: Failed to add game: Xbox360Game(game_id='43430819', title='Resident Evil 6', platform=<Platform.XBOX360: 'Xbox360'>, config_path=WindowsPath('Emulators/Xenia Canary/config/Resident Evil 6.config.toml'), favourite=False, last_played=None, play_count=0, play_time=18.661226691666666, emulator='xenia', emulator_version='Canary', discs=[GameDisc(media_id='4EA1CC2E', file_path=WindowsPath('D:/roms/xbox360/Resident Evil 6 (World) (En,Ja,Fr,De,Es,It,Pt,Pl,Ru) (Disc 1) (Game).zar'), disc_count=1, disc_type='DVD', disc_swap_required=False, disc_number=1, label=None)])
Error: Error binding parameter 1: type 'Platform' is not supported
Traceback (most recent call last):
  File "C:\PycharmProjects\xenia-game-manager\src\db.py", line 1049, in import_games_from_source
    self.add_game(game)
    ~~~~~~~~~~~~~^^^^^^
  File "C:\PycharmProjects\xenia-game-manager\src\db.py", line 1081, in add_game
    con.execute("""
    ~~~~~~~~~~~^^^^
        INSERT INTO games (
        ^^^^^^^^^^^^^^^^^^^
    ...<14 lines>...
        str(game.config_path) if game.config_path else None,
        ^^^^^^^^^^^^^^^^^^^^^^^^^^^^^^^^^^^^^^^^^^^^^^^^^^^^
    ))
    ^^
sqlite3.ProgrammingError: Error binding parameter 1: type 'Platform' is not supported
2026-08-18 02:04:02,550 [ERROR] xenia_manager: Failed to add game: Xbox360Game(game_id='4343081D', title='Resident Evil Operation Raccoon City', platform=<Platform.XBOX360: 'Xbox360'>, config_path=WindowsPath('Emulators/Xenia Canary/config/Resident Evil Operation Raccoon City.config.toml'), favourite=False, last_played=None, play_count=0, play_time=0, emulator='xenia', emulator_version='Canary', discs=[GameDisc(media_id='335F4A76', file_path=WindowsPath('D:/roms/xbox360/Resident Evil - Operation Raccoon City (USA, Europe) (En,Fr,De,Es,It,Pl,Ru).zar'), disc_count=1, disc_type='DVD', disc_swap_required=False, disc_number=1, label=None)])
Error: Error binding parameter 1: type 'Platform' is not supported
Traceback (most recent call last):
  File "C:\PycharmProjects\xenia-game-manager\src\db.py", line 1049, in import_games_from_source
    self.add_game(game)
    ~~~~~~~~~~~~~^^^^^^
  File "C:\PycharmProjects\xenia-game-manager\src\db.py", line 1081, in add_game
    con.execute("""
    ~~~~~~~~~~~^^^^
        INSERT INTO games (
        ^^^^^^^^^^^^^^^^^^^
    ...<14 lines>...
        str(game.config_path) if game.config_path else None,
        ^^^^^^^^^^^^^^^^^^^^^^^^^^^^^^^^^^^^^^^^^^^^^^^^^^^^
    ))
    ^^
sqlite3.ProgrammingError: Error binding parameter 1: type 'Platform' is not supported
2026-08-18 02:04:02,553 [ERROR] xenia_manager: Failed to add game: Xbox360Game(game_id='43430840', title='Resident Evil Revelations 2', platform=<Platform.XBOX360: 'Xbox360'>, config_path=WindowsPath('Emulators/Xenia Canary/config/Resident Evil Revelations 2.config.toml'), favourite=False, last_played=None, play_count=0, play_time=0, emulator='xenia', emulator_version='Canary', discs=[GameDisc(media_id='4D8D9CDE', file_path=WindowsPath('D:/roms/xbox360/Resident Evil - Revelations 2 (USA, Europe) (En,Ja,Fr,De,Es,It,Pt,Zh,Ko,Pl,Ru).zar'), disc_count=1, disc_type='DVD', disc_swap_required=False, disc_number=1, label=None)])
Error: Error binding parameter 1: type 'Platform' is not supported
Traceback (most recent call last):
  File "C:\PycharmProjects\xenia-game-manager\src\db.py", line 1049, in import_games_from_source
    self.add_game(game)
    ~~~~~~~~~~~~~^^^^^^
  File "C:\PycharmProjects\xenia-game-manager\src\db.py", line 1081, in add_game
    con.execute("""
    ~~~~~~~~~~~^^^^
        INSERT INTO games (
        ^^^^^^^^^^^^^^^^^^^
    ...<14 lines>...
        str(game.config_path) if game.config_path else None,
        ^^^^^^^^^^^^^^^^^^^^^^^^^^^^^^^^^^^^^^^^^^^^^^^^^^^^
    ))
    ^^
sqlite3.ProgrammingError: Error binding parameter 1: type 'Platform' is not supported
2026-08-18 02:04:02,556 [ERROR] xenia_manager: Failed to add game: Xbox360Game(game_id='53450839', title='Resonance of Fate', platform=<Platform.XBOX360: 'Xbox360'>, config_path=WindowsPath('Emulators/Xenia Canary/config/Resonance of Fate.config.toml'), favourite=False, last_played=None, play_count=0, play_time=0, emulator='xenia', emulator_version='Canary', discs=[GameDisc(media_id='4389B19F', file_path=WindowsPath('H:/roms/xbox360/Resonance of Fate (USA, Europe) (En,Ja,Fr,De,Es,It).iso'), disc_count=1, disc_type='DVD', disc_swap_required=False, disc_number=1, label=None)])
Error: Error binding parameter 1: type 'Platform' is not supported
Traceback (most recent call last):
  File "C:\PycharmProjects\xenia-game-manager\src\db.py", line 1049, in import_games_from_source
    self.add_game(game)
    ~~~~~~~~~~~~~^^^^^^
  File "C:\PycharmProjects\xenia-game-manager\src\db.py", line 1081, in add_game
    con.execute("""
    ~~~~~~~~~~~^^^^
        INSERT INTO games (
        ^^^^^^^^^^^^^^^^^^^
    ...<14 lines>...
        str(game.config_path) if game.config_path else None,
        ^^^^^^^^^^^^^^^^^^^^^^^^^^^^^^^^^^^^^^^^^^^^^^^^^^^^
    ))
    ^^
sqlite3.ProgrammingError: Error binding parameter 1: type 'Platform' is not supported
2026-08-18 02:04:02,559 [ERROR] xenia_manager: Failed to add game: Xbox360Game(game_id='4B4D07E9', title='Ride to Hell - Retribution', platform=<Platform.XBOX360: 'Xbox360'>, config_path=WindowsPath('Emulators/Xenia Canary/config/Ride to Hell - Retribution.config.toml'), favourite=False, last_played=None, play_count=0, play_time=13.926902905, emulator='xenia', emulator_version='Canary', discs=[GameDisc(media_id='17FAF9F9', file_path=WindowsPath('D:/roms/xbox360/Ride to Hell - Retribution (USA, Europe).iso'), disc_count=1, disc_type='DVD', disc_swap_required=False, disc_number=1, label=None)])
Error: Error binding parameter 1: type 'Platform' is not supported
Traceback (most recent call last):
  File "C:\PycharmProjects\xenia-game-manager\src\db.py", line 1049, in import_games_from_source
    self.add_game(game)
    ~~~~~~~~~~~~~^^^^^^
  File "C:\PycharmProjects\xenia-game-manager\src\db.py", line 1081, in add_game
    con.execute("""
    ~~~~~~~~~~~^^^^
        INSERT INTO games (
        ^^^^^^^^^^^^^^^^^^^
    ...<14 lines>...
        str(game.config_path) if game.config_path else None,
        ^^^^^^^^^^^^^^^^^^^^^^^^^^^^^^^^^^^^^^^^^^^^^^^^^^^^
    ))
    ^^
sqlite3.ProgrammingError: Error binding parameter 1: type 'Platform' is not supported
2026-08-18 02:04:02,561 [ERROR] xenia_manager: Failed to add game: Xbox360Game(game_id='4E4D07D3', title='Ridge Racer 6', platform=<Platform.XBOX360: 'Xbox360'>, config_path=WindowsPath('Emulators/Xenia Canary/config/Ridge Racer 6.config.toml'), favourite=False, last_played=None, play_count=0, play_time=10.67522053, emulator='xenia', emulator_version='Canary', discs=[GameDisc(media_id='00000000', file_path=WindowsPath('D:/roms/xbox360/Ridge Racer 6 (USA) (En,Ja,Fr,De,Es,It).zar'), disc_count=1, disc_type='DVD', disc_swap_required=False, disc_number=1, label=None)])
Error: Error binding parameter 1: type 'Platform' is not supported
Traceback (most recent call last):
  File "C:\PycharmProjects\xenia-game-manager\src\db.py", line 1049, in import_games_from_source
    self.add_game(game)
    ~~~~~~~~~~~~~^^^^^^
  File "C:\PycharmProjects\xenia-game-manager\src\db.py", line 1081, in add_game
    con.execute("""
    ~~~~~~~~~~~^^^^
        INSERT INTO games (
        ^^^^^^^^^^^^^^^^^^^
    ...<14 lines>...
        str(game.config_path) if game.config_path else None,
        ^^^^^^^^^^^^^^^^^^^^^^^^^^^^^^^^^^^^^^^^^^^^^^^^^^^^
    ))
    ^^
sqlite3.ProgrammingError: Error binding parameter 1: type 'Platform' is not supported
2026-08-18 02:04:02,564 [ERROR] xenia_manager: Failed to add game: Xbox360Game(game_id='4E4D083E', title='Ridge Racer Unbounded', platform=<Platform.XBOX360: 'Xbox360'>, config_path=WindowsPath('Emulators/Xenia Canary/config/Ridge Racer Unbounded.config.toml'), favourite=False, last_played=None, play_count=0, play_time=24.610863593333335, emulator='xenia', emulator_version='Canary', discs=[GameDisc(media_id='63C44162', file_path=WindowsPath('D:/roms/xbox360/Ridge Racer Unbounded (World).iso'), disc_count=1, disc_type='DVD', disc_swap_required=False, disc_number=1, label=None)])
Error: Error binding parameter 1: type 'Platform' is not supported
Traceback (most recent call last):
  File "C:\PycharmProjects\xenia-game-manager\src\db.py", line 1049, in import_games_from_source
    self.add_game(game)
    ~~~~~~~~~~~~~^^^^^^
  File "C:\PycharmProjects\xenia-game-manager\src\db.py", line 1081, in add_game
    con.execute("""
    ~~~~~~~~~~~^^^^
        INSERT INTO games (
        ^^^^^^^^^^^^^^^^^^^
    ...<14 lines>...
        str(game.config_path) if game.config_path else None,
        ^^^^^^^^^^^^^^^^^^^^^^^^^^^^^^^^^^^^^^^^^^^^^^^^^^^^
    ))
    ^^
sqlite3.ProgrammingError: Error binding parameter 1: type 'Platform' is not supported
2026-08-18 02:04:02,568 [ERROR] xenia_manager: Failed to add game: Xbox360Game(game_id='54510875', title='Rio', platform=<Platform.XBOX360: 'Xbox360'>, config_path=WindowsPath('Emulators/Xenia Canary/config/Rio.config.toml'), favourite=False, last_played=None, play_count=0, play_time=0, emulator='xenia', emulator_version='Canary', discs=[GameDisc(media_id='25024284', file_path=WindowsPath('H:/roms/xbox360/Rio [RF].iso'), disc_count=1, disc_type='DVD', disc_swap_required=False, disc_number=1, label=None)])
Error: Error binding parameter 1: type 'Platform' is not supported
Traceback (most recent call last):
  File "C:\PycharmProjects\xenia-game-manager\src\db.py", line 1049, in import_games_from_source
    self.add_game(game)
    ~~~~~~~~~~~~~^^^^^^
  File "C:\PycharmProjects\xenia-game-manager\src\db.py", line 1081, in add_game
    con.execute("""
    ~~~~~~~~~~~^^^^
        INSERT INTO games (
        ^^^^^^^^^^^^^^^^^^^
    ...<14 lines>...
        str(game.config_path) if game.config_path else None,
        ^^^^^^^^^^^^^^^^^^^^^^^^^^^^^^^^^^^^^^^^^^^^^^^^^^^^
    ))
    ^^
sqlite3.ProgrammingError: Error binding parameter 1: type 'Platform' is not supported
2026-08-18 02:04:02,571 [ERROR] xenia_manager: Failed to add game: Xbox360Game(game_id='53510823', title='Rise of the Tomb Raider', platform=<Platform.XBOX360: 'Xbox360'>, config_path=WindowsPath('Emulators/Xenia Canary/config/Rise of the Tomb Raider.config.toml'), favourite=False, last_played=None, play_count=0, play_time=19.730641676666664, emulator='xenia', emulator_version='Canary', discs=[GameDisc(media_id='68A2BDCD', file_path=WindowsPath('D:/roms/xbox360/Rise of the Tomb Raider (Europe) (En,De,It,Nl).iso'), disc_count=1, disc_type='DVD', disc_swap_required=False, disc_number=1, label=None)])
Error: Error binding parameter 1: type 'Platform' is not supported
Traceback (most recent call last):
  File "C:\PycharmProjects\xenia-game-manager\src\db.py", line 1049, in import_games_from_source
    self.add_game(game)
    ~~~~~~~~~~~~~^^^^^^
  File "C:\PycharmProjects\xenia-game-manager\src\db.py", line 1081, in add_game
    con.execute("""
    ~~~~~~~~~~~^^^^
        INSERT INTO games (
        ^^^^^^^^^^^^^^^^^^^
    ...<14 lines>...
        str(game.config_path) if game.config_path else None,
        ^^^^^^^^^^^^^^^^^^^^^^^^^^^^^^^^^^^^^^^^^^^^^^^^^^^^
    ))
    ^^
sqlite3.ProgrammingError: Error binding parameter 1: type 'Platform' is not supported
2026-08-18 02:04:02,574 [ERROR] xenia_manager: Failed to add game: Xbox360Game(game_id='565507D4', title="Robert Ludlum's The Bourne Conspiracy", platform=<Platform.XBOX360: 'Xbox360'>, config_path=WindowsPath("Emulators/Xenia Canary/config/Robert Ludlum's The Bourne Conspiracy.config.toml"), favourite=False, last_played=None, play_count=0, play_time=0, emulator='xenia', emulator_version='Canary', discs=[GameDisc(media_id='36BCBAA4', file_path=WindowsPath("D:/roms/xbox360/Robert Ludlum's The Bourne Conspiracy (USA, Europe) (En,Fr,De,Es,It).iso"), disc_count=1, disc_type='DVD', disc_swap_required=False, disc_number=1, label=None)])
Error: Error binding parameter 1: type 'Platform' is not supported
Traceback (most recent call last):
  File "C:\PycharmProjects\xenia-game-manager\src\db.py", line 1049, in import_games_from_source
    self.add_game(game)
    ~~~~~~~~~~~~~^^^^^^
  File "C:\PycharmProjects\xenia-game-manager\src\db.py", line 1081, in add_game
    con.execute("""
    ~~~~~~~~~~~^^^^
        INSERT INTO games (
        ^^^^^^^^^^^^^^^^^^^
    ...<14 lines>...
        str(game.config_path) if game.config_path else None,
        ^^^^^^^^^^^^^^^^^^^^^^^^^^^^^^^^^^^^^^^^^^^^^^^^^^^^
    ))
    ^^
sqlite3.ProgrammingError: Error binding parameter 1: type 'Platform' is not supported
2026-08-18 02:04:02,578 [ERROR] xenia_manager: Failed to add game: Xbox360Game(game_id='584107E0', title='Robotron 2084', platform=<Platform.XBOX360: 'Xbox360'>, config_path=WindowsPath('Emulators/Xenia Canary/config/Robotron 2084.config.toml'), favourite=False, last_played=None, play_count=0, play_time=0, emulator='xenia', emulator_version='Canary', discs=[GameDisc(media_id='00000000', file_path=WindowsPath('D:/roms/xbox360/584107E0/000D0000/990DE8BDC1201BABB4C05C0E7236DE0DD876B2C758'), disc_count=1, disc_type='XBLA', disc_swap_required=False, disc_number=1, label=None)])
Error: Error binding parameter 1: type 'Platform' is not supported
Traceback (most recent call last):
  File "C:\PycharmProjects\xenia-game-manager\src\db.py", line 1049, in import_games_from_source
    self.add_game(game)
    ~~~~~~~~~~~~~^^^^^^
  File "C:\PycharmProjects\xenia-game-manager\src\db.py", line 1081, in add_game
    con.execute("""
    ~~~~~~~~~~~^^^^
        INSERT INTO games (
        ^^^^^^^^^^^^^^^^^^^
    ...<14 lines>...
        str(game.config_path) if game.config_path else None,
        ^^^^^^^^^^^^^^^^^^^^^^^^^^^^^^^^^^^^^^^^^^^^^^^^^^^^
    ))
    ^^
sqlite3.ProgrammingError: Error binding parameter 1: type 'Platform' is not supported
2026-08-18 02:04:02,581 [ERROR] xenia_manager: Failed to add game: Xbox360Game(game_id='545407DF', title='Rockstar Table Tennis', platform=<Platform.XBOX360: 'Xbox360'>, config_path=WindowsPath('Emulators/Xenia Canary/config/Rockstar Table Tennis.config.toml'), favourite=False, last_played=None, play_count=0, play_time=0, emulator='xenia', emulator_version='Canary', discs=[GameDisc(media_id='434C4803', file_path=WindowsPath('D:/roms/xbox360/Rockstar Games Presents Table Tennis.zar'), disc_count=1, disc_type='DVD', disc_swap_required=False, disc_number=1, label=None)])
Error: Error binding parameter 1: type 'Platform' is not supported
Traceback (most recent call last):
  File "C:\PycharmProjects\xenia-game-manager\src\db.py", line 1049, in import_games_from_source
    self.add_game(game)
    ~~~~~~~~~~~~~^^^^^^
  File "C:\PycharmProjects\xenia-game-manager\src\db.py", line 1081, in add_game
    con.execute("""
    ~~~~~~~~~~~^^^^
        INSERT INTO games (
        ^^^^^^^^^^^^^^^^^^^
    ...<14 lines>...
        str(game.config_path) if game.config_path else None,
        ^^^^^^^^^^^^^^^^^^^^^^^^^^^^^^^^^^^^^^^^^^^^^^^^^^^^
    ))
    ^^
sqlite3.ProgrammingError: Error binding parameter 1: type 'Platform' is not supported
2026-08-18 02:04:02,584 [ERROR] xenia_manager: Failed to add game: Xbox360Game(game_id='5841082D', title='ROOT BEER TAPPER', platform=<Platform.XBOX360: 'Xbox360'>, config_path=WindowsPath('Emulators/Xenia Canary/config/ROOT BEER TAPPER.config.toml'), favourite=False, last_played=None, play_count=0, play_time=0, emulator='xenia', emulator_version='Canary', discs=[GameDisc(media_id='00000000', file_path=WindowsPath('D:/roms/xbox360/5841082D/000D0000/94BAD36BA7284B5CA2E9F73F0EE84A1C788A9A3158'), disc_count=1, disc_type='XBLA', disc_swap_required=False, disc_number=1, label=None)])
Error: Error binding parameter 1: type 'Platform' is not supported
Traceback (most recent call last):
  File "C:\PycharmProjects\xenia-game-manager\src\db.py", line 1049, in import_games_from_source
    self.add_game(game)
    ~~~~~~~~~~~~~^^^^^^
  File "C:\PycharmProjects\xenia-game-manager\src\db.py", line 1081, in add_game
    con.execute("""
    ~~~~~~~~~~~^^^^
        INSERT INTO games (
        ^^^^^^^^^^^^^^^^^^^
    ...<14 lines>...
        str(game.config_path) if game.config_path else None,
        ^^^^^^^^^^^^^^^^^^^^^^^^^^^^^^^^^^^^^^^^^^^^^^^^^^^^
    ))
    ^^
sqlite3.ProgrammingError: Error binding parameter 1: type 'Platform' is not supported
2026-08-18 02:04:02,587 [ERROR] xenia_manager: Failed to add game: Xbox360Game(game_id='4B4D07D1', title='Sacred 2 Fallen Angel', platform=<Platform.XBOX360: 'Xbox360'>, config_path=WindowsPath('Emulators/Xenia Canary/config/Sacred 2 Fallen Angel.config.toml'), favourite=False, last_played=None, play_count=0, play_time=3.2316715316666667, emulator='xenia', emulator_version='Canary', discs=[GameDisc(media_id='4B7323D7', file_path=WindowsPath('H:/roms/xbox360/Sacred 2 - Fallen Angel (Europe) (Fr,De).iso'), disc_count=1, disc_type='DVD', disc_swap_required=False, disc_number=1, label=None)])
Error: Error binding parameter 1: type 'Platform' is not supported
Traceback (most recent call last):
  File "C:\PycharmProjects\xenia-game-manager\src\db.py", line 1049, in import_games_from_source
    self.add_game(game)
    ~~~~~~~~~~~~~^^^^^^
  File "C:\PycharmProjects\xenia-game-manager\src\db.py", line 1081, in add_game
    con.execute("""
    ~~~~~~~~~~~^^^^
        INSERT INTO games (
        ^^^^^^^^^^^^^^^^^^^
    ...<14 lines>...
        str(game.config_path) if game.config_path else None,
        ^^^^^^^^^^^^^^^^^^^^^^^^^^^^^^^^^^^^^^^^^^^^^^^^^^^^
    ))
    ^^
sqlite3.ProgrammingError: Error binding parameter 1: type 'Platform' is not supported
2026-08-18 02:04:02,590 [ERROR] xenia_manager: Failed to add game: Xbox360Game(game_id='58410B87', title="Saint's Row Moneyshot", platform=<Platform.XBOX360: 'Xbox360'>, config_path=WindowsPath("Emulators/Xenia Canary/config/Saint's Row Moneyshot.config.toml"), favourite=False, last_played=None, play_count=0, play_time=1.9597241833333334, emulator='xenia', emulator_version='Canary', discs=[GameDisc(media_id='00000000', file_path=WindowsPath('D:/roms/xbox360/58410B87/000D0000/B6833B4073B17738BA2206A31D55A51EF214F8DF58'), disc_count=1, disc_type='XBLA', disc_swap_required=False, disc_number=1, label=None)])
Error: Error binding parameter 1: type 'Platform' is not supported
Traceback (most recent call last):
  File "C:\PycharmProjects\xenia-game-manager\src\db.py", line 1049, in import_games_from_source
    self.add_game(game)
    ~~~~~~~~~~~~~^^^^^^
  File "C:\PycharmProjects\xenia-game-manager\src\db.py", line 1081, in add_game
    con.execute("""
    ~~~~~~~~~~~^^^^
        INSERT INTO games (
        ^^^^^^^^^^^^^^^^^^^
    ...<14 lines>...
        str(game.config_path) if game.config_path else None,
        ^^^^^^^^^^^^^^^^^^^^^^^^^^^^^^^^^^^^^^^^^^^^^^^^^^^^
    ))
    ^^
sqlite3.ProgrammingError: Error binding parameter 1: type 'Platform' is not supported
2026-08-18 02:04:02,593 [ERROR] xenia_manager: Failed to add game: Xbox360Game(game_id='545107D1', title='Saints Row', platform=<Platform.XBOX360: 'Xbox360'>, config_path=WindowsPath('Emulators/Xenia Mousehook/config/Saints Row.config.toml'), favourite=False, last_played=None, play_count=0, play_time=310.5119247733333, emulator='xenia', emulator_version='Mousehook', discs=[GameDisc(media_id='24367742', file_path=WindowsPath('D:/roms/xbox360/Saints Row (World) (En,Fr,De,Es,It).iso'), disc_count=1, disc_type='DVD', disc_swap_required=False, disc_number=1, label=None)])
Error: Error binding parameter 1: type 'Platform' is not supported
Traceback (most recent call last):
  File "C:\PycharmProjects\xenia-game-manager\src\db.py", line 1049, in import_games_from_source
    self.add_game(game)
    ~~~~~~~~~~~~~^^^^^^
  File "C:\PycharmProjects\xenia-game-manager\src\db.py", line 1081, in add_game
    con.execute("""
    ~~~~~~~~~~~^^^^
        INSERT INTO games (
        ^^^^^^^^^^^^^^^^^^^
    ...<14 lines>...
        str(game.config_path) if game.config_path else None,
        ^^^^^^^^^^^^^^^^^^^^^^^^^^^^^^^^^^^^^^^^^^^^^^^^^^^^
    ))
    ^^
sqlite3.ProgrammingError: Error binding parameter 1: type 'Platform' is not supported
2026-08-18 02:04:02,596 [ERROR] xenia_manager: Failed to add game: Xbox360Game(game_id='545107FC', title='Saints Row 2', platform=<Platform.XBOX360: 'Xbox360'>, config_path=WindowsPath('Emulators/Xenia Canary/config/Saints Row 2.config.toml'), favourite=False, last_played=None, play_count=0, play_time=0, emulator='xenia', emulator_version='Canary', discs=[GameDisc(media_id='4E854E4B', file_path=WindowsPath('D:/roms/xbox360/Saints Row 2 (USA, Europe) (En,Fr,De,Es,It,Nl,Sv,Da).iso'), disc_count=1, disc_type='DVD', disc_swap_required=False, disc_number=1, label=None)])
Error: Error binding parameter 1: type 'Platform' is not supported
Traceback (most recent call last):
  File "C:\PycharmProjects\xenia-game-manager\src\db.py", line 1049, in import_games_from_source
    self.add_game(game)
    ~~~~~~~~~~~~~^^^^^^
  File "C:\PycharmProjects\xenia-game-manager\src\db.py", line 1081, in add_game
    con.execute("""
    ~~~~~~~~~~~^^^^
        INSERT INTO games (
        ^^^^^^^^^^^^^^^^^^^
    ...<14 lines>...
        str(game.config_path) if game.config_path else None,
        ^^^^^^^^^^^^^^^^^^^^^^^^^^^^^^^^^^^^^^^^^^^^^^^^^^^^
    ))
    ^^
sqlite3.ProgrammingError: Error binding parameter 1: type 'Platform' is not supported
2026-08-18 02:04:02,599 [ERROR] xenia_manager: Failed to add game: Xbox360Game(game_id='4B4D0800', title='Saints Row Gat Out of Hell', platform=<Platform.XBOX360: 'Xbox360'>, config_path=WindowsPath('Emulators/Xenia Canary/config/Saints Row Gat Out of Hell.config.toml'), favourite=False, last_played=None, play_count=0, play_time=0, emulator='xenia', emulator_version='Canary', discs=[GameDisc(media_id='77CC9074', file_path=WindowsPath('D:/roms/xbox360/Saints Row - Gat out of Hell (USA, Europe) (En,Fr,De,Es,It,Pl,Ru).zar'), disc_count=1, disc_type='DVD', disc_swap_required=False, disc_number=1, label=None)])
Error: Error binding parameter 1: type 'Platform' is not supported
Traceback (most recent call last):
  File "C:\PycharmProjects\xenia-game-manager\src\db.py", line 1049, in import_games_from_source
    self.add_game(game)
    ~~~~~~~~~~~~~^^^^^^
  File "C:\PycharmProjects\xenia-game-manager\src\db.py", line 1081, in add_game
    con.execute("""
    ~~~~~~~~~~~^^^^
        INSERT INTO games (
        ^^^^^^^^^^^^^^^^^^^
    ...<14 lines>...
        str(game.config_path) if game.config_path else None,
        ^^^^^^^^^^^^^^^^^^^^^^^^^^^^^^^^^^^^^^^^^^^^^^^^^^^^
    ))
    ^^
sqlite3.ProgrammingError: Error binding parameter 1: type 'Platform' is not supported
2026-08-18 02:04:02,602 [ERROR] xenia_manager: Failed to add game: Xbox360Game(game_id='4B4D07F6', title='Saints Row Iv', platform=<Platform.XBOX360: 'Xbox360'>, config_path=WindowsPath('Emulators/Xenia Canary/config/Saints Row IV.config.toml'), favourite=False, last_played=None, play_count=0, play_time=0, emulator='xenia', emulator_version='Canary', discs=[GameDisc(media_id='483CE82F', file_path=WindowsPath('D:/roms/xbox360/Saints Row IV - National Treasure Edition.zar'), disc_count=1, disc_type='DVD', disc_swap_required=False, disc_number=1, label=None)])
Error: Error binding parameter 1: type 'Platform' is not supported
Traceback (most recent call last):
  File "C:\PycharmProjects\xenia-game-manager\src\db.py", line 1049, in import_games_from_source
    self.add_game(game)
    ~~~~~~~~~~~~~^^^^^^
  File "C:\PycharmProjects\xenia-game-manager\src\db.py", line 1081, in add_game
    con.execute("""
    ~~~~~~~~~~~^^^^
        INSERT INTO games (
        ^^^^^^^^^^^^^^^^^^^
    ...<14 lines>...
        str(game.config_path) if game.config_path else None,
        ^^^^^^^^^^^^^^^^^^^^^^^^^^^^^^^^^^^^^^^^^^^^^^^^^^^^
    ))
    ^^
sqlite3.ProgrammingError: Error binding parameter 1: type 'Platform' is not supported
2026-08-18 02:04:02,605 [ERROR] xenia_manager: Failed to add game: Xbox360Game(game_id='5451086D', title='Saints Row The Third', platform=<Platform.XBOX360: 'Xbox360'>, config_path=WindowsPath('Emulators/Xenia Canary/config/Saints Row The Third.config.toml'), favourite=False, last_played=None, play_count=0, play_time=0, emulator='xenia', emulator_version='Canary', discs=[GameDisc(media_id='4F438D81', file_path=WindowsPath('D:/roms/xbox360/Saints Row - The Third (USA, Europe) (En,Fr,De,Es,It,Nl,Pl,Ru).zar'), disc_count=1, disc_type='DVD', disc_swap_required=False, disc_number=1, label=None)])
Error: Error binding parameter 1: type 'Platform' is not supported
Traceback (most recent call last):
  File "C:\PycharmProjects\xenia-game-manager\src\db.py", line 1049, in import_games_from_source
    self.add_game(game)
    ~~~~~~~~~~~~~^^^^^^
  File "C:\PycharmProjects\xenia-game-manager\src\db.py", line 1081, in add_game
    con.execute("""
    ~~~~~~~~~~~^^^^
        INSERT INTO games (
        ^^^^^^^^^^^^^^^^^^^
    ...<14 lines>...
        str(game.config_path) if game.config_path else None,
        ^^^^^^^^^^^^^^^^^^^^^^^^^^^^^^^^^^^^^^^^^^^^^^^^^^^^
    ))
    ^^
sqlite3.ProgrammingError: Error binding parameter 1: type 'Platform' is not supported
2026-08-18 02:04:02,607 [ERROR] xenia_manager: Failed to add game: Xbox360Game(game_id='58410814', title='Scramble', platform=<Platform.XBOX360: 'Xbox360'>, config_path=WindowsPath('Emulators/Xenia Canary/config/Scramble.config.toml'), favourite=False, last_played=None, play_count=0, play_time=0, emulator='xenia', emulator_version='Canary', discs=[GameDisc(media_id='00000000', file_path=WindowsPath('D:/roms/xbox360/58410814/000D0000/D7D77CCD24011AD72C20282ECDAB8B9E9D64432258'), disc_count=1, disc_type='XBLA', disc_swap_required=False, disc_number=24011, label=None)])
Error: Error binding parameter 1: type 'Platform' is not supported
Traceback (most recent call last):
  File "C:\PycharmProjects\xenia-game-manager\src\db.py", line 1049, in import_games_from_source
    self.add_game(game)
    ~~~~~~~~~~~~~^^^^^^
  File "C:\PycharmProjects\xenia-game-manager\src\db.py", line 1081, in add_game
    con.execute("""
    ~~~~~~~~~~~^^^^
        INSERT INTO games (
        ^^^^^^^^^^^^^^^^^^^
    ...<14 lines>...
        str(game.config_path) if game.config_path else None,
        ^^^^^^^^^^^^^^^^^^^^^^^^^^^^^^^^^^^^^^^^^^^^^^^^^^^^
    ))
    ^^
sqlite3.ProgrammingError: Error binding parameter 1: type 'Platform' is not supported
2026-08-18 02:04:02,610 [ERROR] xenia_manager: Failed to add game: Xbox360Game(game_id='4D530AA6', title='ScreamRide', platform=<Platform.XBOX360: 'Xbox360'>, config_path=WindowsPath('Emulators/Xenia Canary/config/ScreamRide.config.toml'), favourite=False, last_played=None, play_count=0, play_time=0, emulator='xenia', emulator_version='Canary', discs=[GameDisc(media_id='343186B2', file_path=WindowsPath('D:/roms/xbox360/ScreamRide.zar'), disc_count=1, disc_type='DVD', disc_swap_required=False, disc_number=1, label=None)])
Error: Error binding parameter 1: type 'Platform' is not supported
Traceback (most recent call last):
  File "C:\PycharmProjects\xenia-game-manager\src\db.py", line 1049, in import_games_from_source
    self.add_game(game)
    ~~~~~~~~~~~~~^^^^^^
  File "C:\PycharmProjects\xenia-game-manager\src\db.py", line 1081, in add_game
    con.execute("""
    ~~~~~~~~~~~^^^^
        INSERT INTO games (
        ^^^^^^^^^^^^^^^^^^^
    ...<14 lines>...
        str(game.config_path) if game.config_path else None,
        ^^^^^^^^^^^^^^^^^^^^^^^^^^^^^^^^^^^^^^^^^^^^^^^^^^^^
    ))
    ^^
sqlite3.ProgrammingError: Error binding parameter 1: type 'Platform' is not supported
2026-08-18 02:04:02,613 [ERROR] xenia_manager: Failed to add game: Xbox360Game(game_id='4D530AA6', title='ScreamRide (1)', platform=<Platform.XBOX360: 'Xbox360'>, config_path=WindowsPath('Emulators/Xenia Canary/config/ScreamRide (1).config.toml'), favourite=False, last_played=None, play_count=0, play_time=0, emulator='xenia', emulator_version='Canary', discs=[GameDisc(media_id='343186B2', file_path=WindowsPath('H:/roms/xbox360/ScreamRide (USA, Europe) (En,Ja,Fr,De,Es,It,Pt,Pl,Ru).iso'), disc_count=1, disc_type='DVD', disc_swap_required=False, disc_number=1, label=None)])
Error: Error binding parameter 1: type 'Platform' is not supported
Traceback (most recent call last):
  File "C:\PycharmProjects\xenia-game-manager\src\db.py", line 1049, in import_games_from_source
    self.add_game(game)
    ~~~~~~~~~~~~~^^^^^^
  File "C:\PycharmProjects\xenia-game-manager\src\db.py", line 1081, in add_game
    con.execute("""
    ~~~~~~~~~~~^^^^
        INSERT INTO games (
        ^^^^^^^^^^^^^^^^^^^
    ...<14 lines>...
        str(game.config_path) if game.config_path else None,
        ^^^^^^^^^^^^^^^^^^^^^^^^^^^^^^^^^^^^^^^^^^^^^^^^^^^^
    ))
    ^^
sqlite3.ProgrammingError: Error binding parameter 1: type 'Platform' is not supported
2026-08-18 02:04:02,616 [ERROR] xenia_manager: Failed to add game: Xbox360Game(game_id='58410B45', title='Section 8 Prejudice', platform=<Platform.XBOX360: 'Xbox360'>, config_path=WindowsPath('Emulators/Xenia Canary/config/Section 8 Prejudice.config.toml'), favourite=False, last_played=None, play_count=0, play_time=0, emulator='xenia', emulator_version='Canary', discs=[GameDisc(media_id='083F8E41', file_path=WindowsPath('D:/roms/xbox360/58410B45/000D0000/CD0E5DF6A17270F4A4059C88BC8E15C0990ECC3E58'), disc_count=1, disc_type='XBLA', disc_swap_required=False, disc_number=0, label=None)])
Error: Error binding parameter 1: type 'Platform' is not supported
Traceback (most recent call last):
  File "C:\PycharmProjects\xenia-game-manager\src\db.py", line 1049, in import_games_from_source
    self.add_game(game)
    ~~~~~~~~~~~~~^^^^^^
  File "C:\PycharmProjects\xenia-game-manager\src\db.py", line 1081, in add_game
    con.execute("""
    ~~~~~~~~~~~^^^^
        INSERT INTO games (
        ^^^^^^^^^^^^^^^^^^^
    ...<14 lines>...
        str(game.config_path) if game.config_path else None,
        ^^^^^^^^^^^^^^^^^^^^^^^^^^^^^^^^^^^^^^^^^^^^^^^^^^^^
    ))
    ^^
sqlite3.ProgrammingError: Error binding parameter 1: type 'Platform' is not supported
2026-08-18 02:04:02,618 [ERROR] xenia_manager: Failed to add game: Xbox360Game(game_id='534507E6', title='Sega Rally', platform=<Platform.XBOX360: 'Xbox360'>, config_path=WindowsPath('Emulators/Xenia Canary/config/SEGA Rally.config.toml'), favourite=False, last_played=None, play_count=0, play_time=0, emulator='xenia', emulator_version='Canary', discs=[GameDisc(media_id='70E7E7E3', file_path=WindowsPath('H:/roms/xbox360/Sega Rally Revo (USA, Europe) (En,Fr,De,Es,It).zar'), disc_count=1, disc_type='DVD', disc_swap_required=False, disc_number=1, label=None)])
Error: Error binding parameter 1: type 'Platform' is not supported
Traceback (most recent call last):
  File "C:\PycharmProjects\xenia-game-manager\src\db.py", line 1049, in import_games_from_source
    self.add_game(game)
    ~~~~~~~~~~~~~^^^^^^
  File "C:\PycharmProjects\xenia-game-manager\src\db.py", line 1081, in add_game
    con.execute("""
    ~~~~~~~~~~~^^^^
        INSERT INTO games (
        ^^^^^^^^^^^^^^^^^^^
    ...<14 lines>...
        str(game.config_path) if game.config_path else None,
        ^^^^^^^^^^^^^^^^^^^^^^^^^^^^^^^^^^^^^^^^^^^^^^^^^^^^
    ))
    ^^
sqlite3.ProgrammingError: Error binding parameter 1: type 'Platform' is not supported
2026-08-18 02:04:02,620 [ERROR] xenia_manager: Failed to add game: Xbox360Game(game_id='58410AC2', title='SEGA Rally Online Arcade', platform=<Platform.XBOX360: 'Xbox360'>, config_path=WindowsPath('Emulators/Xenia Canary/config/SEGA Rally Online Arcade.config.toml'), favourite=False, last_played=None, play_count=0, play_time=1.2571992283333333, emulator='xenia', emulator_version='Canary', discs=[GameDisc(media_id='210F5728', file_path=WindowsPath('F:/xbox360/58410AC2/000D0000/5FEAE487C70212733742EF3F0EBD39ECA9D4AE3858'), disc_count=1, disc_type='XBLA', disc_swap_required=False, disc_number=1, label=None)])
Error: Error binding parameter 1: type 'Platform' is not supported
Traceback (most recent call last):
  File "C:\PycharmProjects\xenia-game-manager\src\db.py", line 1049, in import_games_from_source
    self.add_game(game)
    ~~~~~~~~~~~~~^^^^^^
  File "C:\PycharmProjects\xenia-game-manager\src\db.py", line 1081, in add_game
    con.execute("""
    ~~~~~~~~~~~^^^^
        INSERT INTO games (
        ^^^^^^^^^^^^^^^^^^^
    ...<14 lines>...
        str(game.config_path) if game.config_path else None,
        ^^^^^^^^^^^^^^^^^^^^^^^^^^^^^^^^^^^^^^^^^^^^^^^^^^^^
    ))
    ^^
sqlite3.ProgrammingError: Error binding parameter 1: type 'Platform' is not supported
2026-08-18 02:04:02,622 [ERROR] xenia_manager: Failed to add game: Xbox360Game(game_id='45410934', title='Shift 2 Unleashed', platform=<Platform.XBOX360: 'Xbox360'>, config_path=WindowsPath('Emulators/Xenia Canary/config/SHIFT 2 UNLEASHED.config.toml'), favourite=False, last_played=None, play_count=0, play_time=0, emulator='xenia', emulator_version='Canary', discs=[GameDisc(media_id='739C7DC0', file_path=WindowsPath('D:/roms/xbox360/Need For Speed Shift 2 Unleashed [RF].zar'), disc_count=1, disc_type='DVD', disc_swap_required=False, disc_number=1, label=None)])
Error: Error binding parameter 1: type 'Platform' is not supported
Traceback (most recent call last):
  File "C:\PycharmProjects\xenia-game-manager\src\db.py", line 1049, in import_games_from_source
    self.add_game(game)
    ~~~~~~~~~~~~~^^^^^^
  File "C:\PycharmProjects\xenia-game-manager\src\db.py", line 1081, in add_game
    con.execute("""
    ~~~~~~~~~~~^^^^
        INSERT INTO games (
        ^^^^^^^^^^^^^^^^^^^
    ...<14 lines>...
        str(game.config_path) if game.config_path else None,
        ^^^^^^^^^^^^^^^^^^^^^^^^^^^^^^^^^^^^^^^^^^^^^^^^^^^^
    ))
    ^^
sqlite3.ProgrammingError: Error binding parameter 1: type 'Platform' is not supported
2026-08-18 02:04:02,625 [ERROR] xenia_manager: Failed to add game: Xbox360Game(game_id='58410879', title='Shred Nebula', platform=<Platform.XBOX360: 'Xbox360'>, config_path=WindowsPath('Emulators/Xenia Canary/config/Shred Nebula.config.toml'), favourite=False, last_played=None, play_count=0, play_time=0, emulator='xenia', emulator_version='Canary', discs=[GameDisc(media_id='3B148E2F', file_path=WindowsPath('D:/roms/xbox360/58410879/000D0000/DE2DED2C62ED7BF9E06D33AC97A327E5B510FC1258'), disc_count=1, disc_type='XBLA', disc_swap_required=False, disc_number=1, label=None)])
Error: Error binding parameter 1: type 'Platform' is not supported
Traceback (most recent call last):
  File "C:\PycharmProjects\xenia-game-manager\src\db.py", line 1049, in import_games_from_source
    self.add_game(game)
    ~~~~~~~~~~~~~^^^^^^
  File "C:\PycharmProjects\xenia-game-manager\src\db.py", line 1081, in add_game
    con.execute("""
    ~~~~~~~~~~~^^^^
        INSERT INTO games (
        ^^^^^^^^^^^^^^^^^^^
    ...<14 lines>...
        str(game.config_path) if game.config_path else None,
        ^^^^^^^^^^^^^^^^^^^^^^^^^^^^^^^^^^^^^^^^^^^^^^^^^^^^
    ))
    ^^
sqlite3.ProgrammingError: Error binding parameter 1: type 'Platform' is not supported
2026-08-18 02:04:02,627 [ERROR] xenia_manager: Failed to add game: Xbox360Game(game_id='4B4E0823', title='Silent Hill - Downpour', platform=<Platform.XBOX360: 'Xbox360'>, config_path=WindowsPath('Emulators/Xenia Canary/config/Silent Hill - Downpour.config.toml'), favourite=False, last_played=None, play_count=0, play_time=0, emulator='xenia', emulator_version='Canary', discs=[GameDisc(media_id='7D387D17', file_path=WindowsPath('D:/roms/xbox360/Silent Hill - Downpour (USA, Europe) (En,Fr,De,Es,It,Pt).iso'), disc_count=1, disc_type='DVD', disc_swap_required=False, disc_number=1, label=None)])
Error: Error binding parameter 1: type 'Platform' is not supported
Traceback (most recent call last):
  File "C:\PycharmProjects\xenia-game-manager\src\db.py", line 1049, in import_games_from_source
    self.add_game(game)
    ~~~~~~~~~~~~~^^^^^^
  File "C:\PycharmProjects\xenia-game-manager\src\db.py", line 1081, in add_game
    con.execute("""
    ~~~~~~~~~~~^^^^
        INSERT INTO games (
        ^^^^^^^^^^^^^^^^^^^
    ...<14 lines>...
        str(game.config_path) if game.config_path else None,
        ^^^^^^^^^^^^^^^^^^^^^^^^^^^^^^^^^^^^^^^^^^^^^^^^^^^^
    ))
    ^^
sqlite3.ProgrammingError: Error binding parameter 1: type 'Platform' is not supported
2026-08-18 02:04:02,630 [ERROR] xenia_manager: Failed to add game: Xbox360Game(game_id='4B4E07E5', title='Silent Hill - Homecoming', platform=<Platform.XBOX360: 'Xbox360'>, config_path=WindowsPath('Emulators/Xenia Canary/config/Silent Hill - Homecoming.config.toml'), favourite=False, last_played=None, play_count=0, play_time=4.1870357616666665, emulator='xenia', emulator_version='Canary', discs=[GameDisc(media_id='61FBCD98', file_path=WindowsPath('D:/roms/xbox360/Silent Hill - Homecoming (USA) (En,Fr,De,Es,It).iso'), disc_count=1, disc_type='DVD', disc_swap_required=False, disc_number=1, label=None)])
Error: Error binding parameter 1: type 'Platform' is not supported
Traceback (most recent call last):
  File "C:\PycharmProjects\xenia-game-manager\src\db.py", line 1049, in import_games_from_source
    self.add_game(game)
    ~~~~~~~~~~~~~^^^^^^
  File "C:\PycharmProjects\xenia-game-manager\src\db.py", line 1081, in add_game
    con.execute("""
    ~~~~~~~~~~~^^^^
        INSERT INTO games (
        ^^^^^^^^^^^^^^^^^^^
    ...<14 lines>...
        str(game.config_path) if game.config_path else None,
        ^^^^^^^^^^^^^^^^^^^^^^^^^^^^^^^^^^^^^^^^^^^^^^^^^^^^
    ))
    ^^
sqlite3.ProgrammingError: Error binding parameter 1: type 'Platform' is not supported
2026-08-18 02:04:02,632 [ERROR] xenia_manager: Failed to add game: Xbox360Game(game_id='454108E6', title='Skate 3', platform=<Platform.XBOX360: 'Xbox360'>, config_path=WindowsPath('Emulators/Xenia Canary/config/Skate 3.config.toml'), favourite=False, last_played=None, play_count=0, play_time=0, emulator='xenia', emulator_version='Canary', discs=[GameDisc(media_id='5C087C2C', file_path=WindowsPath('H:/roms/xbox360/Skate 3 (USA, Europe) (En,Fr,De,Es,It,Nl).zar'), disc_count=1, disc_type='DVD', disc_swap_required=False, disc_number=1, label=None)])
Error: Error binding parameter 1: type 'Platform' is not supported
Traceback (most recent call last):
  File "C:\PycharmProjects\xenia-game-manager\src\db.py", line 1049, in import_games_from_source
    self.add_game(game)
    ~~~~~~~~~~~~~^^^^^^
  File "C:\PycharmProjects\xenia-game-manager\src\db.py", line 1081, in add_game
    con.execute("""
    ~~~~~~~~~~~^^^^
        INSERT INTO games (
        ^^^^^^^^^^^^^^^^^^^
    ...<14 lines>...
        str(game.config_path) if game.config_path else None,
        ^^^^^^^^^^^^^^^^^^^^^^^^^^^^^^^^^^^^^^^^^^^^^^^^^^^^
    ))
    ^^
sqlite3.ProgrammingError: Error binding parameter 1: type 'Platform' is not supported
2026-08-18 02:04:02,634 [ERROR] xenia_manager: Failed to add game: Xbox360Game(game_id='5345085D', title='Sonic & All-Stars Racing Transformed', platform=<Platform.XBOX360: 'Xbox360'>, config_path=WindowsPath('Emulators/Xenia Canary/config/Sonic & All-Stars Racing Transformed.config.toml'), favourite=False, last_played=None, play_count=0, play_time=2.476130645, emulator='xenia', emulator_version='Canary', discs=[GameDisc(media_id='1A24E92E', file_path=WindowsPath('D:/roms/xbox360/Sonic & All-Stars Racing Transformed (World) (En,Fr,De,Es,It).iso'), disc_count=1, disc_type='DVD', disc_swap_required=False, disc_number=1, label=None)])
Error: Error binding parameter 1: type 'Platform' is not supported
Traceback (most recent call last):
  File "C:\PycharmProjects\xenia-game-manager\src\db.py", line 1049, in import_games_from_source
    self.add_game(game)
    ~~~~~~~~~~~~~^^^^^^
  File "C:\PycharmProjects\xenia-game-manager\src\db.py", line 1081, in add_game
    con.execute("""
    ~~~~~~~~~~~^^^^
        INSERT INTO games (
        ^^^^^^^^^^^^^^^^^^^
    ...<14 lines>...
        str(game.config_path) if game.config_path else None,
        ^^^^^^^^^^^^^^^^^^^^^^^^^^^^^^^^^^^^^^^^^^^^^^^^^^^^
    ))
    ^^
sqlite3.ProgrammingError: Error binding parameter 1: type 'Platform' is not supported
2026-08-18 02:04:02,637 [ERROR] xenia_manager: Failed to add game: Xbox360Game(game_id='53450848', title='Sonic Generations', platform=<Platform.XBOX360: 'Xbox360'>, config_path=WindowsPath('Emulators/Xenia Canary/config/Sonic Generations.config.toml'), favourite=False, last_played=None, play_count=0, play_time=0, emulator='xenia', emulator_version='Canary', discs=[GameDisc(media_id='6BD87620', file_path=WindowsPath('D:/roms/xbox360/Sonic Generations.zar'), disc_count=1, disc_type='DVD', disc_swap_required=False, disc_number=1, label=None)])
Error: Error binding parameter 1: type 'Platform' is not supported
Traceback (most recent call last):
  File "C:\PycharmProjects\xenia-game-manager\src\db.py", line 1049, in import_games_from_source
    self.add_game(game)
    ~~~~~~~~~~~~~^^^^^^
  File "C:\PycharmProjects\xenia-game-manager\src\db.py", line 1081, in add_game
    con.execute("""
    ~~~~~~~~~~~^^^^
        INSERT INTO games (
        ^^^^^^^^^^^^^^^^^^^
    ...<14 lines>...
        str(game.config_path) if game.config_path else None,
        ^^^^^^^^^^^^^^^^^^^^^^^^^^^^^^^^^^^^^^^^^^^^^^^^^^^^
    ))
    ^^
sqlite3.ProgrammingError: Error binding parameter 1: type 'Platform' is not supported
2026-08-18 02:04:02,639 [ERROR] xenia_manager: Failed to add game: Xbox360Game(game_id='534507D6', title='Sonic The Hedgehog', platform=<Platform.XBOX360: 'Xbox360'>, config_path=WindowsPath('Emulators/Xenia Canary/config/SONIC THE HEDGEHOG.config.toml'), favourite=False, last_played=None, play_count=0, play_time=0, emulator='xenia', emulator_version='Canary', discs=[GameDisc(media_id='7709C3E8', file_path=WindowsPath('H:/roms/xbox360/Sonic the Hedgehog (USA, Europe) (En,Ja,Fr,De,Es,It).zar'), disc_count=1, disc_type='DVD', disc_swap_required=False, disc_number=1, label=None)])
Error: Error binding parameter 1: type 'Platform' is not supported
Traceback (most recent call last):
  File "C:\PycharmProjects\xenia-game-manager\src\db.py", line 1049, in import_games_from_source
    self.add_game(game)
    ~~~~~~~~~~~~~^^^^^^
  File "C:\PycharmProjects\xenia-game-manager\src\db.py", line 1081, in add_game
    con.execute("""
    ~~~~~~~~~~~^^^^
        INSERT INTO games (
        ^^^^^^^^^^^^^^^^^^^
    ...<14 lines>...
        str(game.config_path) if game.config_path else None,
        ^^^^^^^^^^^^^^^^^^^^^^^^^^^^^^^^^^^^^^^^^^^^^^^^^^^^
    ))
    ^^
sqlite3.ProgrammingError: Error binding parameter 1: type 'Platform' is not supported
2026-08-18 02:04:02,641 [ERROR] xenia_manager: Failed to add game: Xbox360Game(game_id='53450812', title='Sonic Unleashed', platform=<Platform.XBOX360: 'Xbox360'>, config_path=WindowsPath('Emulators/Xenia Canary/config/SONIC UNLEASHED.config.toml'), favourite=False, last_played=None, play_count=0, play_time=239.35352053000003, emulator='xenia', emulator_version='Canary', discs=[GameDisc(media_id='77A0CF1B', file_path=WindowsPath('D:/roms/xbox360/Sonic Unleashed.zar'), disc_count=1, disc_type='DVD', disc_swap_required=False, disc_number=1, label=None)])
Error: Error binding parameter 1: type 'Platform' is not supported
Traceback (most recent call last):
  File "C:\PycharmProjects\xenia-game-manager\src\db.py", line 1049, in import_games_from_source
    self.add_game(game)
    ~~~~~~~~~~~~~^^^^^^
  File "C:\PycharmProjects\xenia-game-manager\src\db.py", line 1081, in add_game
    con.execute("""
    ~~~~~~~~~~~^^^^
        INSERT INTO games (
        ^^^^^^^^^^^^^^^^^^^
    ...<14 lines>...
        str(game.config_path) if game.config_path else None,
        ^^^^^^^^^^^^^^^^^^^^^^^^^^^^^^^^^^^^^^^^^^^^^^^^^^^^
    ))
    ^^
sqlite3.ProgrammingError: Error binding parameter 1: type 'Platform' is not supported
2026-08-18 02:04:02,644 [ERROR] xenia_manager: Failed to add game: Xbox360Game(game_id='53450810', title='Sonics UGC', platform=<Platform.XBOX360: 'Xbox360'>, config_path=WindowsPath('Emulators/Xenia Canary/config/Sonics UGC.config.toml'), favourite=False, last_played=None, play_count=0, play_time=0, emulator='xenia', emulator_version='Canary', discs=[GameDisc(media_id='5E3A0B77', file_path=WindowsPath("D:/roms/xbox360/Sonic's Ultimate Genesis Collection (USA).zar"), disc_count=1, disc_type='DVD', disc_swap_required=False, disc_number=1, label=None)])
Error: Error binding parameter 1: type 'Platform' is not supported
Traceback (most recent call last):
  File "C:\PycharmProjects\xenia-game-manager\src\db.py", line 1049, in import_games_from_source
    self.add_game(game)
    ~~~~~~~~~~~~~^^^^^^
  File "C:\PycharmProjects\xenia-game-manager\src\db.py", line 1081, in add_game
    con.execute("""
    ~~~~~~~~~~~^^^^
        INSERT INTO games (
        ^^^^^^^^^^^^^^^^^^^
    ...<14 lines>...
        str(game.config_path) if game.config_path else None,
        ^^^^^^^^^^^^^^^^^^^^^^^^^^^^^^^^^^^^^^^^^^^^^^^^^^^^
    ))
    ^^
sqlite3.ProgrammingError: Error binding parameter 1: type 'Platform' is not supported
2026-08-18 02:04:02,647 [ERROR] xenia_manager: Failed to add game: Xbox360Game(game_id='5841080C', title='Space Giraffe', platform=<Platform.XBOX360: 'Xbox360'>, config_path=WindowsPath('Emulators/Xenia Canary/config/Space Giraffe.config.toml'), favourite=False, last_played=None, play_count=0, play_time=0, emulator='xenia', emulator_version='Canary', discs=[GameDisc(media_id='3DC63151', file_path=WindowsPath('D:/roms/xbox360/5841080C/000D0000/5B340CF9CCDDEC28B0810E99A01D0877D960B42358'), disc_count=1, disc_type='XBLA', disc_swap_required=False, disc_number=1, label=None)])
Error: Error binding parameter 1: type 'Platform' is not supported
Traceback (most recent call last):
  File "C:\PycharmProjects\xenia-game-manager\src\db.py", line 1049, in import_games_from_source
    self.add_game(game)
    ~~~~~~~~~~~~~^^^^^^
  File "C:\PycharmProjects\xenia-game-manager\src\db.py", line 1081, in add_game
    con.execute("""
    ~~~~~~~~~~~^^^^
        INSERT INTO games (
        ^^^^^^^^^^^^^^^^^^^
    ...<14 lines>...
        str(game.config_path) if game.config_path else None,
        ^^^^^^^^^^^^^^^^^^^^^^^^^^^^^^^^^^^^^^^^^^^^^^^^^^^^
    ))
    ^^
sqlite3.ProgrammingError: Error binding parameter 1: type 'Platform' is not supported
2026-08-18 02:04:02,650 [ERROR] xenia_manager: Failed to add game: Xbox360Game(game_id='41560881', title='Spider-Man - Shattered Dimensions', platform=<Platform.XBOX360: 'Xbox360'>, config_path=WindowsPath('Emulators/Xenia Canary/config/Spider-Man - Shattered Dimensions.config.toml'), favourite=False, last_played=None, play_count=0, play_time=0, emulator='xenia', emulator_version='Canary', discs=[GameDisc(media_id='06AAF6AB', file_path=WindowsPath('D:/roms/xbox360/Spider-Man - Shattered Dimensions (USA) (En,Fr,De,Es,It).zar'), disc_count=1, disc_type='DVD', disc_swap_required=False, disc_number=1, label=None)])
Error: Error binding parameter 1: type 'Platform' is not supported
Traceback (most recent call last):
  File "C:\PycharmProjects\xenia-game-manager\src\db.py", line 1049, in import_games_from_source
    self.add_game(game)
    ~~~~~~~~~~~~~^^^^^^
  File "C:\PycharmProjects\xenia-game-manager\src\db.py", line 1081, in add_game
    con.execute("""
    ~~~~~~~~~~~^^^^
        INSERT INTO games (
        ^^^^^^^^^^^^^^^^^^^
    ...<14 lines>...
        str(game.config_path) if game.config_path else None,
        ^^^^^^^^^^^^^^^^^^^^^^^^^^^^^^^^^^^^^^^^^^^^^^^^^^^^
    ))
    ^^
sqlite3.ProgrammingError: Error binding parameter 1: type 'Platform' is not supported
2026-08-18 02:04:02,652 [ERROR] xenia_manager: Failed to add game: Xbox360Game(game_id='535107DD', title='Star Ocean - The Last Hope', platform=<Platform.XBOX360: 'Xbox360'>, config_path=WindowsPath('Emulators/Xenia Canary/config/Star Ocean - The Last Hope (Disc 1).config.toml'), favourite=False, last_played=None, play_count=0, play_time=0, emulator='xenia', emulator_version='Canary', discs=[GameDisc(media_id='6E6174B0', file_path=WindowsPath('D:/roms/xbox360/Star Ocean - The Last Hope (USA) (Disc 1).iso'), disc_count=1, disc_type='DVD', disc_swap_required=False, disc_number=1, label=None)])
Error: Error binding parameter 1: type 'Platform' is not supported
Traceback (most recent call last):
  File "C:\PycharmProjects\xenia-game-manager\src\db.py", line 1049, in import_games_from_source
    self.add_game(game)
    ~~~~~~~~~~~~~^^^^^^
  File "C:\PycharmProjects\xenia-game-manager\src\db.py", line 1081, in add_game
    con.execute("""
    ~~~~~~~~~~~^^^^
        INSERT INTO games (
        ^^^^^^^^^^^^^^^^^^^
    ...<14 lines>...
        str(game.config_path) if game.config_path else None,
        ^^^^^^^^^^^^^^^^^^^^^^^^^^^^^^^^^^^^^^^^^^^^^^^^^^^^
    ))
    ^^
sqlite3.ProgrammingError: Error binding parameter 1: type 'Platform' is not supported
2026-08-18 02:04:02,654 [ERROR] xenia_manager: Failed to add game: Xbox360Game(game_id='535107DD', title='Star Ocean - The Last Hope', platform=<Platform.XBOX360: 'Xbox360'>, config_path=WindowsPath('Emulators/Xenia Canary/config/Star Ocean - The Last Hope (Disc 2).config.toml'), favourite=False, last_played=None, play_count=0, play_time=0, emulator='xenia', emulator_version='Canary', discs=[GameDisc(media_id='7569E6AB', file_path=WindowsPath('D:/roms/xbox360/Star Ocean - The Last Hope (USA) (Disc 2).iso'), disc_count=1, disc_type='DVD', disc_swap_required=False, disc_number=2, label=None)])
Error: Error binding parameter 1: type 'Platform' is not supported
Traceback (most recent call last):
  File "C:\PycharmProjects\xenia-game-manager\src\db.py", line 1049, in import_games_from_source
    self.add_game(game)
    ~~~~~~~~~~~~~^^^^^^
  File "C:\PycharmProjects\xenia-game-manager\src\db.py", line 1081, in add_game
    con.execute("""
    ~~~~~~~~~~~^^^^
        INSERT INTO games (
        ^^^^^^^^^^^^^^^^^^^
    ...<14 lines>...
        str(game.config_path) if game.config_path else None,
        ^^^^^^^^^^^^^^^^^^^^^^^^^^^^^^^^^^^^^^^^^^^^^^^^^^^^
    ))
    ^^
sqlite3.ProgrammingError: Error binding parameter 1: type 'Platform' is not supported
2026-08-18 02:04:02,656 [ERROR] xenia_manager: Failed to add game: Xbox360Game(game_id='535107DD', title='Star Ocean - The Last Hope', platform=<Platform.XBOX360: 'Xbox360'>, config_path=WindowsPath('Emulators/Xenia Canary/config/Star Ocean - The Last Hope (Disc 3).config.toml'), favourite=False, last_played=None, play_count=0, play_time=0, emulator='xenia', emulator_version='Canary', discs=[GameDisc(media_id='13BB8E0E', file_path=WindowsPath('D:/roms/xbox360/Star Ocean - The Last Hope (USA) (Disc 3).iso'), disc_count=1, disc_type='DVD', disc_swap_required=False, disc_number=3, label=None)])
Error: Error binding parameter 1: type 'Platform' is not supported
Traceback (most recent call last):
  File "C:\PycharmProjects\xenia-game-manager\src\db.py", line 1049, in import_games_from_source
    self.add_game(game)
    ~~~~~~~~~~~~~^^^^^^
  File "C:\PycharmProjects\xenia-game-manager\src\db.py", line 1081, in add_game
    con.execute("""
    ~~~~~~~~~~~^^^^
        INSERT INTO games (
        ^^^^^^^^^^^^^^^^^^^
    ...<14 lines>...
        str(game.config_path) if game.config_path else None,
        ^^^^^^^^^^^^^^^^^^^^^^^^^^^^^^^^^^^^^^^^^^^^^^^^^^^^
    ))
    ^^
sqlite3.ProgrammingError: Error binding parameter 1: type 'Platform' is not supported
2026-08-18 02:04:02,658 [ERROR] xenia_manager: Failed to add game: Xbox360Game(game_id='4C4107D2', title='Star Wars - The Force Unleashed', platform=<Platform.XBOX360: 'Xbox360'>, config_path=WindowsPath('Emulators/Xenia Canary/config/Star Wars - The Force Unleashed.config.toml'), favourite=False, last_played=None, play_count=0, play_time=0, emulator='xenia', emulator_version='Canary', discs=[GameDisc(media_id='6CD9E482', file_path=WindowsPath('D:/roms/xbox360/Star Wars - The Force Unleashed (World) (En,Fr,De,Es,It).iso'), disc_count=1, disc_type='DVD', disc_swap_required=False, disc_number=1, label=None)])
Error: Error binding parameter 1: type 'Platform' is not supported
Traceback (most recent call last):
  File "C:\PycharmProjects\xenia-game-manager\src\db.py", line 1049, in import_games_from_source
    self.add_game(game)
    ~~~~~~~~~~~~~^^^^^^
  File "C:\PycharmProjects\xenia-game-manager\src\db.py", line 1081, in add_game
    con.execute("""
    ~~~~~~~~~~~^^^^
        INSERT INTO games (
        ^^^^^^^^^^^^^^^^^^^
    ...<14 lines>...
        str(game.config_path) if game.config_path else None,
        ^^^^^^^^^^^^^^^^^^^^^^^^^^^^^^^^^^^^^^^^^^^^^^^^^^^^
    ))
    ^^
sqlite3.ProgrammingError: Error binding parameter 1: type 'Platform' is not supported
2026-08-18 02:04:02,660 [ERROR] xenia_manager: Failed to add game: Xbox360Game(game_id='4C4107D2', title='Star Wars - The Force Unleashed - Ultimate Sith Edition', platform=<Platform.XBOX360: 'Xbox360'>, config_path=WindowsPath('Emulators/Xenia Canary/config/Star Wars - The Force Unleashed - Ultimate Sith Edition (Disc 1).config.toml'), favourite=False, last_played=None, play_count=0, play_time=0, emulator='xenia', emulator_version='Canary', discs=[GameDisc(media_id='158BC286', file_path=WindowsPath('D:/roms/xbox360/Star Wars - The Force Unleashed - Ultimate Sith Edition (USA, Europe) (En,Fr,De,Es,It) (Disc 1).iso'), disc_count=1, disc_type='DVD', disc_swap_required=False, disc_number=1, label=None)])
Error: Error binding parameter 1: type 'Platform' is not supported
Traceback (most recent call last):
  File "C:\PycharmProjects\xenia-game-manager\src\db.py", line 1049, in import_games_from_source
    self.add_game(game)
    ~~~~~~~~~~~~~^^^^^^
  File "C:\PycharmProjects\xenia-game-manager\src\db.py", line 1081, in add_game
    con.execute("""
    ~~~~~~~~~~~^^^^
        INSERT INTO games (
        ^^^^^^^^^^^^^^^^^^^
    ...<14 lines>...
        str(game.config_path) if game.config_path else None,
        ^^^^^^^^^^^^^^^^^^^^^^^^^^^^^^^^^^^^^^^^^^^^^^^^^^^^
    ))
    ^^
sqlite3.ProgrammingError: Error binding parameter 1: type 'Platform' is not supported
2026-08-18 02:04:02,663 [ERROR] xenia_manager: Failed to add game: Xbox360Game(game_id='4C4107D2', title='Star Wars - The Force Unleashed - Ultimate Sith Edition', platform=<Platform.XBOX360: 'Xbox360'>, config_path=WindowsPath('Emulators/Xenia Canary/config/Star Wars - The Force Unleashed - Ultimate Sith Edition (Disc 2).config.toml'), favourite=False, last_played=None, play_count=0, play_time=0, emulator='xenia', emulator_version='Canary', discs=[GameDisc(media_id='36A31639', file_path=WindowsPath('D:/roms/xbox360/Star Wars - The Force Unleashed - Ultimate Sith Edition (USA, Europe) (En,Fr,De,Es,It) (Disc 2).iso'), disc_count=1, disc_type='DVD', disc_swap_required=False, disc_number=2, label=None)])
Error: Error binding parameter 1: type 'Platform' is not supported
Traceback (most recent call last):
  File "C:\PycharmProjects\xenia-game-manager\src\db.py", line 1049, in import_games_from_source
    self.add_game(game)
    ~~~~~~~~~~~~~^^^^^^
  File "C:\PycharmProjects\xenia-game-manager\src\db.py", line 1081, in add_game
    con.execute("""
    ~~~~~~~~~~~^^^^
        INSERT INTO games (
        ^^^^^^^^^^^^^^^^^^^
    ...<14 lines>...
        str(game.config_path) if game.config_path else None,
        ^^^^^^^^^^^^^^^^^^^^^^^^^^^^^^^^^^^^^^^^^^^^^^^^^^^^
    ))
    ^^
sqlite3.ProgrammingError: Error binding parameter 1: type 'Platform' is not supported
2026-08-18 02:04:02,665 [ERROR] xenia_manager: Failed to add game: Xbox360Game(game_id='53450806', title='Stormrise', platform=<Platform.XBOX360: 'Xbox360'>, config_path=WindowsPath('Emulators/Xenia Canary/config/Stormrise.config.toml'), favourite=False, last_played=None, play_count=0, play_time=0, emulator='xenia', emulator_version='Canary', discs=[GameDisc(media_id='5BA53A39', file_path=WindowsPath('D:/roms/xbox360/Stormrise (USA, Europe) (En,Fr,Es,It).iso'), disc_count=1, disc_type='DVD', disc_swap_required=False, disc_number=1, label=None)])
Error: Error binding parameter 1: type 'Platform' is not supported
Traceback (most recent call last):
  File "C:\PycharmProjects\xenia-game-manager\src\db.py", line 1049, in import_games_from_source
    self.add_game(game)
    ~~~~~~~~~~~~~^^^^^^
  File "C:\PycharmProjects\xenia-game-manager\src\db.py", line 1081, in add_game
    con.execute("""
    ~~~~~~~~~~~^^^^
        INSERT INTO games (
        ^^^^^^^^^^^^^^^^^^^
    ...<14 lines>...
        str(game.config_path) if game.config_path else None,
        ^^^^^^^^^^^^^^^^^^^^^^^^^^^^^^^^^^^^^^^^^^^^^^^^^^^^
    ))
    ^^
sqlite3.ProgrammingError: Error binding parameter 1: type 'Platform' is not supported
2026-08-18 02:04:02,668 [ERROR] xenia_manager: Failed to add game: Xbox360Game(game_id='4D5707D2', title='Stranglehold', platform=<Platform.XBOX360: 'Xbox360'>, config_path=WindowsPath('Emulators/Xenia Canary/config/Stranglehold.config.toml'), favourite=False, last_played=None, play_count=0, play_time=104.00674585333334, emulator='xenia', emulator_version='Canary', discs=[GameDisc(media_id='00A5CD57', file_path=WindowsPath('D:/roms/xbox360/John Woo Presents Stranglehold (USA) (En,Fr,De,Es,It).iso'), disc_count=1, disc_type='DVD', disc_swap_required=False, disc_number=1, label=None)])
Error: Error binding parameter 1: type 'Platform' is not supported
Traceback (most recent call last):
  File "C:\PycharmProjects\xenia-game-manager\src\db.py", line 1049, in import_games_from_source
    self.add_game(game)
    ~~~~~~~~~~~~~^^^^^^
  File "C:\PycharmProjects\xenia-game-manager\src\db.py", line 1081, in add_game
    con.execute("""
    ~~~~~~~~~~~^^^^
        INSERT INTO games (
        ^^^^^^^^^^^^^^^^^^^
    ...<14 lines>...
        str(game.config_path) if game.config_path else None,
        ^^^^^^^^^^^^^^^^^^^^^^^^^^^^^^^^^^^^^^^^^^^^^^^^^^^^
    ))
    ^^
sqlite3.ProgrammingError: Error binding parameter 1: type 'Platform' is not supported
2026-08-18 02:04:02,670 [ERROR] xenia_manager: Failed to add game: Xbox360Game(game_id='454107ED', title='Superman Returns', platform=<Platform.XBOX360: 'Xbox360'>, config_path=WindowsPath('Emulators/Xenia Canary/config/Superman Returns.config.toml'), favourite=False, last_played=None, play_count=0, play_time=0, emulator='xenia', emulator_version='Canary', discs=[GameDisc(media_id='64A4002A', file_path=WindowsPath('H:/roms/xbox360/Superman Returns (USA).zar'), disc_count=1, disc_type='DVD', disc_swap_required=False, disc_number=1, label=None)])
Error: Error binding parameter 1: type 'Platform' is not supported
Traceback (most recent call last):
  File "C:\PycharmProjects\xenia-game-manager\src\db.py", line 1049, in import_games_from_source
    self.add_game(game)
    ~~~~~~~~~~~~~^^^^^^
  File "C:\PycharmProjects\xenia-game-manager\src\db.py", line 1081, in add_game
    con.execute("""
    ~~~~~~~~~~~^^^^
        INSERT INTO games (
        ^^^^^^^^^^^^^^^^^^^
    ...<14 lines>...
        str(game.config_path) if game.config_path else None,
        ^^^^^^^^^^^^^^^^^^^^^^^^^^^^^^^^^^^^^^^^^^^^^^^^^^^^
    ))
    ^^
sqlite3.ProgrammingError: Error binding parameter 1: type 'Platform' is not supported
2026-08-18 02:04:02,672 [ERROR] xenia_manager: Failed to add game: Xbox360Game(game_id='4C5307D8', title='Superstars V8 Nc', platform=<Platform.XBOX360: 'Xbox360'>, config_path=WindowsPath('Emulators/Xenia Canary/config/Superstars V8 NC.config.toml'), favourite=False, last_played=None, play_count=0, play_time=0, emulator='xenia', emulator_version='Canary', discs=[GameDisc(media_id='1F0D0E41', file_path=WindowsPath('H:/roms/xbox360/Superstars V8 - Next Challenge (Europe).iso'), disc_count=1, disc_type='DVD', disc_swap_required=False, disc_number=1, label=None)])
Error: Error binding parameter 1: type 'Platform' is not supported
Traceback (most recent call last):
  File "C:\PycharmProjects\xenia-game-manager\src\db.py", line 1049, in import_games_from_source
    self.add_game(game)
    ~~~~~~~~~~~~~^^^^^^
  File "C:\PycharmProjects\xenia-game-manager\src\db.py", line 1081, in add_game
    con.execute("""
    ~~~~~~~~~~~^^^^
        INSERT INTO games (
        ^^^^^^^^^^^^^^^^^^^
    ...<14 lines>...
        str(game.config_path) if game.config_path else None,
        ^^^^^^^^^^^^^^^^^^^^^^^^^^^^^^^^^^^^^^^^^^^^^^^^^^^^
    ))
    ^^
sqlite3.ProgrammingError: Error binding parameter 1: type 'Platform' is not supported
2026-08-18 02:04:02,675 [ERROR] xenia_manager: Failed to add game: Xbox360Game(game_id='455607D5', title='Terminator Salvation', platform=<Platform.XBOX360: 'Xbox360'>, config_path=WindowsPath('Emulators/Xenia Canary/config/Terminator Salvation.config.toml'), favourite=False, last_played=None, play_count=0, play_time=0, emulator='xenia', emulator_version='Canary', discs=[GameDisc(media_id='2B7F4651', file_path=WindowsPath('D:/roms/xbox360/Terminator Salvation (USA, Europe) (En,Fr,De,Es,It,Pt).iso'), disc_count=1, disc_type='DVD', disc_swap_required=False, disc_number=1, label=None)])
Error: Error binding parameter 1: type 'Platform' is not supported
Traceback (most recent call last):
  File "C:\PycharmProjects\xenia-game-manager\src\db.py", line 1049, in import_games_from_source
    self.add_game(game)
    ~~~~~~~~~~~~~^^^^^^
  File "C:\PycharmProjects\xenia-game-manager\src\db.py", line 1081, in add_game
    con.execute("""
    ~~~~~~~~~~~^^^^
        INSERT INTO games (
        ^^^^^^^^^^^^^^^^^^^
    ...<14 lines>...
        str(game.config_path) if game.config_path else None,
        ^^^^^^^^^^^^^^^^^^^^^^^^^^^^^^^^^^^^^^^^^^^^^^^^^^^^
    ))
    ^^
sqlite3.ProgrammingError: Error binding parameter 1: type 'Platform' is not supported
2026-08-18 02:04:02,678 [ERROR] xenia_manager: Failed to add game: Xbox360Game(game_id='5841083B', title='Tetris Splash', platform=<Platform.XBOX360: 'Xbox360'>, config_path=WindowsPath('Emulators/Xenia Canary/config/Tetris Splash.config.toml'), favourite=False, last_played=None, play_count=0, play_time=0, emulator='xenia', emulator_version='Canary', discs=[GameDisc(media_id='551119DC', file_path=WindowsPath('D:/roms/xbox360/5841083B/000D0000/AC5A8FAAF149BA9EED8D24FA2690A4E1B0B0EC5A58'), disc_count=1, disc_type='XBLA', disc_swap_required=False, disc_number=1, label=None)])
Error: Error binding parameter 1: type 'Platform' is not supported
Traceback (most recent call last):
  File "C:\PycharmProjects\xenia-game-manager\src\db.py", line 1049, in import_games_from_source
    self.add_game(game)
    ~~~~~~~~~~~~~^^^^^^
  File "C:\PycharmProjects\xenia-game-manager\src\db.py", line 1081, in add_game
    con.execute("""
    ~~~~~~~~~~~^^^^
        INSERT INTO games (
        ^^^^^^^^^^^^^^^^^^^
    ...<14 lines>...
        str(game.config_path) if game.config_path else None,
        ^^^^^^^^^^^^^^^^^^^^^^^^^^^^^^^^^^^^^^^^^^^^^^^^^^^^
    ))
    ^^
sqlite3.ProgrammingError: Error binding parameter 1: type 'Platform' is not supported
2026-08-18 02:04:02,679 [ERROR] xenia_manager: Failed to add game: Xbox360Game(game_id='454108B1', title='The Beatles Rock Band', platform=<Platform.XBOX360: 'Xbox360'>, config_path=WindowsPath('Emulators/Xenia Canary/config/The Beatles Rock Band.config.toml'), favourite=False, last_played=None, play_count=0, play_time=0, emulator='xenia', emulator_version='Canary', discs=[GameDisc(media_id='40430A45', file_path=WindowsPath('H:/roms/xbox360/Beatles, The - Rock Band.iso'), disc_count=1, disc_type='DVD', disc_swap_required=False, disc_number=1, label=None)])
Error: Error binding parameter 1: type 'Platform' is not supported
Traceback (most recent call last):
  File "C:\PycharmProjects\xenia-game-manager\src\db.py", line 1049, in import_games_from_source
    self.add_game(game)
    ~~~~~~~~~~~~~^^^^^^
  File "C:\PycharmProjects\xenia-game-manager\src\db.py", line 1081, in add_game
    con.execute("""
    ~~~~~~~~~~~^^^^
        INSERT INTO games (
        ^^^^^^^^^^^^^^^^^^^
    ...<14 lines>...
        str(game.config_path) if game.config_path else None,
        ^^^^^^^^^^^^^^^^^^^^^^^^^^^^^^^^^^^^^^^^^^^^^^^^^^^^
    ))
    ^^
sqlite3.ProgrammingError: Error binding parameter 1: type 'Platform' is not supported
2026-08-18 02:04:02,682 [ERROR] xenia_manager: Failed to add game: Xbox360Game(game_id='545407EE', title='The Darkness', platform=<Platform.XBOX360: 'Xbox360'>, config_path=WindowsPath('Emulators/Xenia Canary/config/The Darkness.config.toml'), favourite=False, last_played=None, play_count=0, play_time=0, emulator='xenia', emulator_version='Canary', discs=[GameDisc(media_id='0F213645', file_path=WindowsPath('H:/roms/xbox360/Darkness, The (USA, Europe) (En,Fr,De,Es,It).iso'), disc_count=1, disc_type='DVD', disc_swap_required=False, disc_number=1, label=None)])
Error: Error binding parameter 1: type 'Platform' is not supported
Traceback (most recent call last):
  File "C:\PycharmProjects\xenia-game-manager\src\db.py", line 1049, in import_games_from_source
    self.add_game(game)
    ~~~~~~~~~~~~~^^^^^^
  File "C:\PycharmProjects\xenia-game-manager\src\db.py", line 1081, in add_game
    con.execute("""
    ~~~~~~~~~~~^^^^
        INSERT INTO games (
        ^^^^^^^^^^^^^^^^^^^
    ...<14 lines>...
        str(game.config_path) if game.config_path else None,
        ^^^^^^^^^^^^^^^^^^^^^^^^^^^^^^^^^^^^^^^^^^^^^^^^^^^^
    ))
    ^^
sqlite3.ProgrammingError: Error binding parameter 1: type 'Platform' is not supported
2026-08-18 02:04:02,685 [ERROR] xenia_manager: Failed to add game: Xbox360Game(game_id='4541080F', title='The Orange Box', platform=<Platform.XBOX360: 'Xbox360'>, config_path=WindowsPath('Emulators/Xenia Canary/config/The Orange Box.config.toml'), favourite=False, last_played=None, play_count=0, play_time=22.295211591666664, emulator='xenia', emulator_version='Canary', discs=[GameDisc(media_id='651A85DA', file_path=WindowsPath('D:/roms/xbox360/Orange Box, The (World) (En,Fr,De).zar'), disc_count=1, disc_type='DVD', disc_swap_required=False, disc_number=1, label=None)])
Error: Error binding parameter 1: type 'Platform' is not supported
Traceback (most recent call last):
  File "C:\PycharmProjects\xenia-game-manager\src\db.py", line 1049, in import_games_from_source
    self.add_game(game)
    ~~~~~~~~~~~~~^^^^^^
  File "C:\PycharmProjects\xenia-game-manager\src\db.py", line 1081, in add_game
    con.execute("""
    ~~~~~~~~~~~^^^^
        INSERT INTO games (
        ^^^^^^^^^^^^^^^^^^^
    ...<14 lines>...
        str(game.config_path) if game.config_path else None,
        ^^^^^^^^^^^^^^^^^^^^^^^^^^^^^^^^^^^^^^^^^^^^^^^^^^^^
    ))
    ^^
sqlite3.ProgrammingError: Error binding parameter 1: type 'Platform' is not supported
2026-08-18 02:04:02,688 [ERROR] xenia_manager: Failed to add game: Xbox360Game(game_id='45410809', title='The Simpsons Game (1)', platform=<Platform.XBOX360: 'Xbox360'>, config_path=WindowsPath('Emulators/Xenia Canary/config/The Simpsons Game (1).config.toml'), favourite=False, last_played=None, play_count=0, play_time=0, emulator='xenia', emulator_version='Canary', discs=[GameDisc(media_id='467C2924', file_path=WindowsPath('D:/roms/xbox360/Simpsons Game, The (Europe) (En,No,Da,Fi).iso'), disc_count=1, disc_type='DVD', disc_swap_required=False, disc_number=1, label=None)])
Error: Error binding parameter 1: type 'Platform' is not supported
Traceback (most recent call last):
  File "C:\PycharmProjects\xenia-game-manager\src\db.py", line 1049, in import_games_from_source
    self.add_game(game)
    ~~~~~~~~~~~~~^^^^^^
  File "C:\PycharmProjects\xenia-game-manager\src\db.py", line 1081, in add_game
    con.execute("""
    ~~~~~~~~~~~^^^^
        INSERT INTO games (
        ^^^^^^^^^^^^^^^^^^^
    ...<14 lines>...
        str(game.config_path) if game.config_path else None,
        ^^^^^^^^^^^^^^^^^^^^^^^^^^^^^^^^^^^^^^^^^^^^^^^^^^^^
    ))
    ^^
sqlite3.ProgrammingError: Error binding parameter 1: type 'Platform' is not supported
2026-08-18 02:04:02,690 [ERROR] xenia_manager: Failed to add game: Xbox360Game(game_id='454107F4', title='Tiger Woods PGA Tour 07', platform=<Platform.XBOX360: 'Xbox360'>, config_path=WindowsPath('Emulators/Xenia Canary/config/Tiger Woods PGA Tour 07.config.toml'), favourite=False, last_played=None, play_count=0, play_time=0, emulator='xenia', emulator_version='Canary', discs=[GameDisc(media_id='6C1D6641', file_path=WindowsPath('D:/roms/xbox360/Tiger Woods PGA Tour 07 (USA).iso'), disc_count=1, disc_type='DVD', disc_swap_required=False, disc_number=1, label=None)])
Error: Error binding parameter 1: type 'Platform' is not supported
Traceback (most recent call last):
  File "C:\PycharmProjects\xenia-game-manager\src\db.py", line 1049, in import_games_from_source
    self.add_game(game)
    ~~~~~~~~~~~~~^^^^^^
  File "C:\PycharmProjects\xenia-game-manager\src\db.py", line 1081, in add_game
    con.execute("""
    ~~~~~~~~~~~^^^^
        INSERT INTO games (
        ^^^^^^^^^^^^^^^^^^^
    ...<14 lines>...
        str(game.config_path) if game.config_path else None,
        ^^^^^^^^^^^^^^^^^^^^^^^^^^^^^^^^^^^^^^^^^^^^^^^^^^^^
    ))
    ^^
sqlite3.ProgrammingError: Error binding parameter 1: type 'Platform' is not supported
2026-08-18 02:04:02,693 [ERROR] xenia_manager: Failed to add game: Xbox360Game(game_id='454109A9', title='Tiger Woods PGA TOUR 14', platform=<Platform.XBOX360: 'Xbox360'>, config_path=WindowsPath('Emulators/Xenia Canary/config/Tiger Woods PGA TOUR 14.config.toml'), favourite=False, last_played=None, play_count=0, play_time=6.487378935, emulator='xenia', emulator_version='Canary', discs=[GameDisc(media_id='61075E7C', file_path=WindowsPath('D:/roms/xbox360/Tiger Woods PGA Tour 14 - Masters Historic Edition (USA, Europe).iso'), disc_count=1, disc_type='DVD', disc_swap_required=False, disc_number=1, label=None)])
Error: Error binding parameter 1: type 'Platform' is not supported
Traceback (most recent call last):
  File "C:\PycharmProjects\xenia-game-manager\src\db.py", line 1049, in import_games_from_source
    self.add_game(game)
    ~~~~~~~~~~~~~^^^^^^
  File "C:\PycharmProjects\xenia-game-manager\src\db.py", line 1081, in add_game
    con.execute("""
    ~~~~~~~~~~~^^^^
        INSERT INTO games (
        ^^^^^^^^^^^^^^^^^^^
    ...<14 lines>...
        str(game.config_path) if game.config_path else None,
        ^^^^^^^^^^^^^^^^^^^^^^^^^^^^^^^^^^^^^^^^^^^^^^^^^^^^
    ))
    ^^
sqlite3.ProgrammingError: Error binding parameter 1: type 'Platform' is not supported
2026-08-18 02:04:02,696 [ERROR] xenia_manager: Failed to add game: Xbox360Game(game_id='55530848', title="Tom Clancy's H.A.W.X. 2", platform=<Platform.XBOX360: 'Xbox360'>, config_path=WindowsPath("Emulators/Xenia Canary/config/Tom Clancy's H.A.W.X. 2.config.toml"), favourite=False, last_played=None, play_count=0, play_time=0, emulator='xenia', emulator_version='Canary', discs=[GameDisc(media_id='0251DC2D', file_path=WindowsPath("D:/roms/xbox360/Tom Clancy's H.A.W.X. 2 (USA, Europe) (En,Fr,De,Es,It,Pl).iso"), disc_count=1, disc_type='DVD', disc_swap_required=False, disc_number=1, label=None)])
Error: Error binding parameter 1: type 'Platform' is not supported
Traceback (most recent call last):
  File "C:\PycharmProjects\xenia-game-manager\src\db.py", line 1049, in import_games_from_source
    self.add_game(game)
    ~~~~~~~~~~~~~^^^^^^
  File "C:\PycharmProjects\xenia-game-manager\src\db.py", line 1081, in add_game
    con.execute("""
    ~~~~~~~~~~~^^^^
        INSERT INTO games (
        ^^^^^^^^^^^^^^^^^^^
    ...<14 lines>...
        str(game.config_path) if game.config_path else None,
        ^^^^^^^^^^^^^^^^^^^^^^^^^^^^^^^^^^^^^^^^^^^^^^^^^^^^
    ))
    ^^
sqlite3.ProgrammingError: Error binding parameter 1: type 'Platform' is not supported
2026-08-18 02:04:02,698 [ERROR] xenia_manager: Failed to add game: Xbox360Game(game_id='41560904', title='Transformers Rise of the Dark Spark', platform=<Platform.XBOX360: 'Xbox360'>, config_path=WindowsPath('Emulators/Xenia Canary/config/TRANSFORMERS Rise of the Dark Spark.config.toml'), favourite=False, last_played=None, play_count=0, play_time=0, emulator='xenia', emulator_version='Canary', discs=[GameDisc(media_id='50D83F2D', file_path=WindowsPath('D:/roms/xbox360/Transformers - Rise of the Dark Spark (USA) (En,Fr,De,Es,It).iso'), disc_count=1, disc_type='DVD', disc_swap_required=False, disc_number=1, label=None)])
Error: Error binding parameter 1: type 'Platform' is not supported
Traceback (most recent call last):
  File "C:\PycharmProjects\xenia-game-manager\src\db.py", line 1049, in import_games_from_source
    self.add_game(game)
    ~~~~~~~~~~~~~^^^^^^
  File "C:\PycharmProjects\xenia-game-manager\src\db.py", line 1081, in add_game
    con.execute("""
    ~~~~~~~~~~~^^^^
        INSERT INTO games (
        ^^^^^^^^^^^^^^^^^^^
    ...<14 lines>...
        str(game.config_path) if game.config_path else None,
        ^^^^^^^^^^^^^^^^^^^^^^^^^^^^^^^^^^^^^^^^^^^^^^^^^^^^
    ))
    ^^
sqlite3.ProgrammingError: Error binding parameter 1: type 'Platform' is not supported
2026-08-18 02:04:02,700 [ERROR] xenia_manager: Failed to add game: Xbox360Game(game_id='58410AAD', title='Trials Evolution', platform=<Platform.XBOX360: 'Xbox360'>, config_path=WindowsPath('Emulators/Xenia Canary/config/Trials Evolution.config.toml'), favourite=False, last_played=None, play_count=0, play_time=0, emulator='xenia', emulator_version='Canary', discs=[GameDisc(media_id='739182AD', file_path=WindowsPath('D:/roms/xbox360/58410AAD/000D0000/FB397172C4B4BDBE075DF758DAE196759A388B6958'), disc_count=1, disc_type='XBLA', disc_swap_required=False, disc_number=1, label=None)])
Error: Error binding parameter 1: type 'Platform' is not supported
Traceback (most recent call last):
  File "C:\PycharmProjects\xenia-game-manager\src\db.py", line 1049, in import_games_from_source
    self.add_game(game)
    ~~~~~~~~~~~~~^^^^^^
  File "C:\PycharmProjects\xenia-game-manager\src\db.py", line 1081, in add_game
    con.execute("""
    ~~~~~~~~~~~^^^^
        INSERT INTO games (
        ^^^^^^^^^^^^^^^^^^^
    ...<14 lines>...
        str(game.config_path) if game.config_path else None,
        ^^^^^^^^^^^^^^^^^^^^^^^^^^^^^^^^^^^^^^^^^^^^^^^^^^^^
    ))
    ^^
sqlite3.ProgrammingError: Error binding parameter 1: type 'Platform' is not supported
2026-08-18 02:04:02,702 [ERROR] xenia_manager: Failed to add game: Xbox360Game(game_id='5841095A', title='Trials HD', platform=<Platform.XBOX360: 'Xbox360'>, config_path=WindowsPath('Emulators/Xenia Canary/config/Trials HD.config.toml'), favourite=False, last_played=None, play_count=0, play_time=0, emulator='xenia', emulator_version='Canary', discs=[GameDisc(media_id='22E417BF', file_path=WindowsPath('D:/roms/xbox360/5841095A/000D0000/6E133151FC02CFA6D6653C9AAE46D1DC8014605158'), disc_count=1, disc_type='XBLA', disc_swap_required=False, disc_number=1, label=None)])
Error: Error binding parameter 1: type 'Platform' is not supported
Traceback (most recent call last):
  File "C:\PycharmProjects\xenia-game-manager\src\db.py", line 1049, in import_games_from_source
    self.add_game(game)
    ~~~~~~~~~~~~~^^^^^^
  File "C:\PycharmProjects\xenia-game-manager\src\db.py", line 1081, in add_game
    con.execute("""
    ~~~~~~~~~~~^^^^
        INSERT INTO games (
        ^^^^^^^^^^^^^^^^^^^
    ...<14 lines>...
        str(game.config_path) if game.config_path else None,
        ^^^^^^^^^^^^^^^^^^^^^^^^^^^^^^^^^^^^^^^^^^^^^^^^^^^^
    ))
    ^^
sqlite3.ProgrammingError: Error binding parameter 1: type 'Platform' is not supported
2026-08-18 02:04:02,704 [ERROR] xenia_manager: Failed to add game: Xbox360Game(game_id='425607ED', title='Tron Evolution', platform=<Platform.XBOX360: 'Xbox360'>, config_path=WindowsPath('Emulators/Xenia Canary/config/Tron Evolution.config.toml'), favourite=False, last_played=None, play_count=0, play_time=0, emulator='xenia', emulator_version='Canary', discs=[GameDisc(media_id='4BB00DF7', file_path=WindowsPath('D:/roms/xbox360/Disney TRON - Evolution (USA, Europe) (En,Fr,De,Es,It).zar'), disc_count=1, disc_type='DVD', disc_swap_required=False, disc_number=1, label=None)])
Error: Error binding parameter 1: type 'Platform' is not supported
Traceback (most recent call last):
  File "C:\PycharmProjects\xenia-game-manager\src\db.py", line 1049, in import_games_from_source
    self.add_game(game)
    ~~~~~~~~~~~~~^^^^^^
  File "C:\PycharmProjects\xenia-game-manager\src\db.py", line 1081, in add_game
    con.execute("""
    ~~~~~~~~~~~^^^^
        INSERT INTO games (
        ^^^^^^^^^^^^^^^^^^^
    ...<14 lines>...
        str(game.config_path) if game.config_path else None,
        ^^^^^^^^^^^^^^^^^^^^^^^^^^^^^^^^^^^^^^^^^^^^^^^^^^^^
    ))
    ^^
sqlite3.ProgrammingError: Error binding parameter 1: type 'Platform' is not supported
2026-08-18 02:04:02,706 [ERROR] xenia_manager: Failed to add game: Xbox360Game(game_id='4B5907DC', title='Tropico 4', platform=<Platform.XBOX360: 'Xbox360'>, config_path=WindowsPath('Emulators/Xenia Canary/config/Tropico 4.config.toml'), favourite=False, last_played=None, play_count=0, play_time=0, emulator='xenia', emulator_version='Canary', discs=[GameDisc(media_id='0AED38FE', file_path=WindowsPath('D:/roms/xbox360/Tropico 4 - Gold Edition (USA, Europe) (En,Ja,Fr,De,Es,It).iso'), disc_count=1, disc_type='DVD', disc_swap_required=False, disc_number=1, label=None)])
Error: Error binding parameter 1: type 'Platform' is not supported
Traceback (most recent call last):
  File "C:\PycharmProjects\xenia-game-manager\src\db.py", line 1049, in import_games_from_source
    self.add_game(game)
    ~~~~~~~~~~~~~^^^^^^
  File "C:\PycharmProjects\xenia-game-manager\src\db.py", line 1081, in add_game
    con.execute("""
    ~~~~~~~~~~~^^^^
        INSERT INTO games (
        ^^^^^^^^^^^^^^^^^^^
    ...<14 lines>...
        str(game.config_path) if game.config_path else None,
        ^^^^^^^^^^^^^^^^^^^^^^^^^^^^^^^^^^^^^^^^^^^^^^^^^^^^
    ))
    ^^
sqlite3.ProgrammingError: Error binding parameter 1: type 'Platform' is not supported
2026-08-18 02:04:02,708 [ERROR] xenia_manager: Failed to add game: Xbox360Game(game_id='4D5707DB', title='Unreal Tournament III', platform=<Platform.XBOX360: 'Xbox360'>, config_path=WindowsPath('Emulators/Xenia Canary/config/Unreal Tournament III.config.toml'), favourite=False, last_played=None, play_count=0, play_time=0, emulator='xenia', emulator_version='Canary', discs=[GameDisc(media_id='72123E1F', file_path=WindowsPath('D:/roms/xbox360/Unreal Tournament III (World) (En,Fr,De,Es,It).iso'), disc_count=1, disc_type='DVD', disc_swap_required=False, disc_number=1, label=None)])
Error: Error binding parameter 1: type 'Platform' is not supported
Traceback (most recent call last):
  File "C:\PycharmProjects\xenia-game-manager\src\db.py", line 1049, in import_games_from_source
    self.add_game(game)
    ~~~~~~~~~~~~~^^^^^^
  File "C:\PycharmProjects\xenia-game-manager\src\db.py", line 1081, in add_game
    con.execute("""
    ~~~~~~~~~~~^^^^
        INSERT INTO games (
        ^^^^^^^^^^^^^^^^^^^
    ...<14 lines>...
        str(game.config_path) if game.config_path else None,
        ^^^^^^^^^^^^^^^^^^^^^^^^^^^^^^^^^^^^^^^^^^^^^^^^^^^^
    ))
    ^^
sqlite3.ProgrammingError: Error binding parameter 1: type 'Platform' is not supported
2026-08-18 02:04:02,710 [ERROR] xenia_manager: Failed to add game: Xbox360Game(game_id='5451082C', title='Warhammer 40000 Space Marine', platform=<Platform.XBOX360: 'Xbox360'>, config_path=WindowsPath('Emulators/Xenia Canary/config/Warhammer 40000 Space Marine.config.toml'), favourite=False, last_played=None, play_count=0, play_time=0, emulator='xenia', emulator_version='Canary', discs=[GameDisc(media_id='7AB02FD6', file_path=WindowsPath('D:/roms/xbox360/Warhammer 40,000 - Space Marine.iso'), disc_count=1, disc_type='DVD', disc_swap_required=False, disc_number=1, label=None)])
Error: Error binding parameter 1: type 'Platform' is not supported
Traceback (most recent call last):
  File "C:\PycharmProjects\xenia-game-manager\src\db.py", line 1049, in import_games_from_source
    self.add_game(game)
    ~~~~~~~~~~~~~^^^^^^
  File "C:\PycharmProjects\xenia-game-manager\src\db.py", line 1081, in add_game
    con.execute("""
    ~~~~~~~~~~~^^^^
        INSERT INTO games (
        ^^^^^^^^^^^^^^^^^^^
    ...<14 lines>...
        str(game.config_path) if game.config_path else None,
        ^^^^^^^^^^^^^^^^^^^^^^^^^^^^^^^^^^^^^^^^^^^^^^^^^^^^
    ))
    ^^
sqlite3.ProgrammingError: Error binding parameter 1: type 'Platform' is not supported
2026-08-18 02:04:02,712 [ERROR] xenia_manager: Failed to add game: Xbox360Game(game_id='58410B27', title='Warlords', platform=<Platform.XBOX360: 'Xbox360'>, config_path=WindowsPath('Emulators/Xenia Canary/config/Warlords.config.toml'), favourite=False, last_played=None, play_count=0, play_time=0, emulator='xenia', emulator_version='Canary', discs=[GameDisc(media_id='071344FB', file_path=WindowsPath('F:/xbox360/58410B27/000D0000/19762F0B0AEA4816763C1096B435B4B2692B2EC958'), disc_count=1, disc_type='XBLA', disc_swap_required=False, disc_number=1, label=None)])
Error: Error binding parameter 1: type 'Platform' is not supported
Traceback (most recent call last):
  File "C:\PycharmProjects\xenia-game-manager\src\db.py", line 1049, in import_games_from_source
    self.add_game(game)
    ~~~~~~~~~~~~~^^^^^^
  File "C:\PycharmProjects\xenia-game-manager\src\db.py", line 1081, in add_game
    con.execute("""
    ~~~~~~~~~~~^^^^
        INSERT INTO games (
        ^^^^^^^^^^^^^^^^^^^
    ...<14 lines>...
        str(game.config_path) if game.config_path else None,
        ^^^^^^^^^^^^^^^^^^^^^^^^^^^^^^^^^^^^^^^^^^^^^^^^^^^^
    ))
    ^^
sqlite3.ProgrammingError: Error binding parameter 1: type 'Platform' is not supported
2026-08-18 02:04:02,713 [ERROR] xenia_manager: Failed to add game: Xbox360Game(game_id='584111DC', title='Warp', platform=<Platform.XBOX360: 'Xbox360'>, config_path=WindowsPath('Emulators/Xenia Canary/config/Warp.config.toml'), favourite=False, last_played=None, play_count=0, play_time=0, emulator='xenia', emulator_version='Canary', discs=[GameDisc(media_id='18E1C9E4', file_path=WindowsPath('F:/xbox360/584111DC/000D0000/6BAFFA3FA6EDD340C53FD7CB35281598B364358058'), disc_count=1, disc_type='XBLA', disc_swap_required=False, disc_number=1, label=None)])
Error: Error binding parameter 1: type 'Platform' is not supported
Traceback (most recent call last):
  File "C:\PycharmProjects\xenia-game-manager\src\db.py", line 1049, in import_games_from_source
    self.add_game(game)
    ~~~~~~~~~~~~~^^^^^^
  File "C:\PycharmProjects\xenia-game-manager\src\db.py", line 1081, in add_game
    con.execute("""
    ~~~~~~~~~~~^^^^
        INSERT INTO games (
        ^^^^^^^^^^^^^^^^^^^
    ...<14 lines>...
        str(game.config_path) if game.config_path else None,
        ^^^^^^^^^^^^^^^^^^^^^^^^^^^^^^^^^^^^^^^^^^^^^^^^^^^^
    ))
    ^^
sqlite3.ProgrammingError: Error binding parameter 1: type 'Platform' is not supported
2026-08-18 02:04:02,715 [ERROR] xenia_manager: Failed to add game: Xbox360Game(game_id='575207F2', title='Where the Wild Things Are - The Videogame', platform=<Platform.XBOX360: 'Xbox360'>, config_path=WindowsPath('Emulators/Xenia Canary/config/Where the Wild Things Are - The Videogame.config.toml'), favourite=False, last_played=None, play_count=0, play_time=0, emulator='xenia', emulator_version='Canary', discs=[GameDisc(media_id='7B63EB01', file_path=WindowsPath('D:/roms/xbox360/Where the Wild Things Are - The Videogame (USA, Europe).iso'), disc_count=1, disc_type='DVD', disc_swap_required=False, disc_number=1, label=None)])
Error: Error binding parameter 1: type 'Platform' is not supported
Traceback (most recent call last):
  File "C:\PycharmProjects\xenia-game-manager\src\db.py", line 1049, in import_games_from_source
    self.add_game(game)
    ~~~~~~~~~~~~~^^^^^^
  File "C:\PycharmProjects\xenia-game-manager\src\db.py", line 1081, in add_game
    con.execute("""
    ~~~~~~~~~~~^^^^
        INSERT INTO games (
        ^^^^^^^^^^^^^^^^^^^
    ...<14 lines>...
        str(game.config_path) if game.config_path else None,
        ^^^^^^^^^^^^^^^^^^^^^^^^^^^^^^^^^^^^^^^^^^^^^^^^^^^^
    ))
    ^^
sqlite3.ProgrammingError: Error binding parameter 1: type 'Platform' is not supported
2026-08-18 02:04:02,717 [ERROR] xenia_manager: Failed to add game: Xbox360Game(game_id='494D085D', title='Xbox 360 - The Official Xbox Magazine Issue 100 - July 2013', platform=<Platform.XBOX360: 'Xbox360'>, config_path=WindowsPath('Emulators/Xenia Canary/config/Xbox 360 - The Official Xbox Magazine Issue 100 - July 2013.config.toml'), favourite=False, last_played=None, play_count=0, play_time=7.966461925, emulator='xenia', emulator_version='Canary', discs=[GameDisc(media_id='4C194862', file_path=WindowsPath('D:/roms/xbox360/Xbox 360 - The Official Xbox Magazine Issue 100 - July 2013.iso'), disc_count=1, disc_type='DVD', disc_swap_required=False, disc_number=1, label=None)])
Error: Error binding parameter 1: type 'Platform' is not supported
Traceback (most recent call last):
  File "C:\PycharmProjects\xenia-game-manager\src\db.py", line 1049, in import_games_from_source
    self.add_game(game)
    ~~~~~~~~~~~~~^^^^^^
  File "C:\PycharmProjects\xenia-game-manager\src\db.py", line 1081, in add_game
    con.execute("""
    ~~~~~~~~~~~^^^^
        INSERT INTO games (
        ^^^^^^^^^^^^^^^^^^^
    ...<14 lines>...
        str(game.config_path) if game.config_path else None,
        ^^^^^^^^^^^^^^^^^^^^^^^^^^^^^^^^^^^^^^^^^^^^^^^^^^^^
    ))
    ^^
sqlite3.ProgrammingError: Error binding parameter 1: type 'Platform' is not supported
2026-08-18 02:04:02,718 [ERROR] xenia_manager: Failed to add game: Xbox360Game(game_id='545408AE', title='Xcom Enemy Within', platform=<Platform.XBOX360: 'Xbox360'>, config_path=WindowsPath('Emulators/Xenia Canary/config/XCOM Enemy Within.config.toml'), favourite=False, last_played=None, play_count=0, play_time=0, emulator='xenia', emulator_version='Canary', discs=[GameDisc(media_id='39BC979B', file_path=WindowsPath('D:/roms/xbox360/XCOM - Enemy Within (USA, Europe) (En,Fr,De,Es,It,Ko,Pl,Ru).iso'), disc_count=1, disc_type='DVD', disc_swap_required=False, disc_number=1, label=None)])
Error: Error binding parameter 1: type 'Platform' is not supported
Traceback (most recent call last):
  File "C:\PycharmProjects\xenia-game-manager\src\db.py", line 1049, in import_games_from_source
    self.add_game(game)
    ~~~~~~~~~~~~~^^^^^^
  File "C:\PycharmProjects\xenia-game-manager\src\db.py", line 1081, in add_game
    con.execute("""
    ~~~~~~~~~~~^^^^
        INSERT INTO games (
        ^^^^^^^^^^^^^^^^^^^
    ...<14 lines>...
        str(game.config_path) if game.config_path else None,
        ^^^^^^^^^^^^^^^^^^^^^^^^^^^^^^^^^^^^^^^^^^^^^^^^^^^^
    ))
    ^^
sqlite3.ProgrammingError: Error binding parameter 1: type 'Platform' is not supported
2026-08-18 02:04:02,720 [ERROR] xenia_manager: Failed to add game: Xbox360Game(game_id='58410894', title='Xevious', platform=<Platform.XBOX360: 'Xbox360'>, config_path=WindowsPath('Emulators/Xenia Canary/config/Xevious.config.toml'), favourite=False, last_played=None, play_count=0, play_time=0, emulator='xenia', emulator_version='Canary', discs=[GameDisc(media_id='6EB8D88D', file_path=WindowsPath('D:/roms/xbox360/000D0000/02A1905E4C8004A483BA2E30B9467A2AE8E364BE58'), disc_count=1, disc_type='DVD', disc_swap_required=False, disc_number=1, label=None)])
Error: Error binding parameter 1: type 'Platform' is not supported
Traceback (most recent call last):
  File "C:\PycharmProjects\xenia-game-manager\src\db.py", line 1049, in import_games_from_source
    self.add_game(game)
    ~~~~~~~~~~~~~^^^^^^
  File "C:\PycharmProjects\xenia-game-manager\src\db.py", line 1081, in add_game
    con.execute("""
    ~~~~~~~~~~~^^^^
        INSERT INTO games (
        ^^^^^^^^^^^^^^^^^^^
    ...<14 lines>...
        str(game.config_path) if game.config_path else None,
        ^^^^^^^^^^^^^^^^^^^^^^^^^^^^^^^^^^^^^^^^^^^^^^^^^^^^
    ))
    ^^
sqlite3.ProgrammingError: Error binding parameter 1: type 'Platform' is not supported
2026-08-18 02:04:02,721 [WARNING] xenia_manager: Failed to add 232 of 232 games
2026-08-18 02:06:45,282 [ERROR] xenia_manager: Failed to add game: XboxGame(game_id='45530018', title='25 to Life', platform=<Platform.XBOX: 'Xbox'>, config_path=None, favourite=False, last_played=None, play_count=0, play_time=0, emulator='xemu', emulator_version='0.8.112', discs=[GameDisc(media_id='45530018', file_path=WindowsPath('H:/roms/xbox'), disc_count=1, disc_type='DVD', disc_swap_required=False, disc_number=1, label=None)])
Error: Error binding parameter 1: type 'Platform' is not supported
Traceback (most recent call last):
  File "C:\PycharmProjects\xenia-game-manager\src\db.py", line 1049, in import_games_from_source
    self.add_game(game)
    ~~~~~~~~~~~~~^^^^^^
  File "C:\PycharmProjects\xenia-game-manager\src\db.py", line 1100, in add_game
    con.execute("""
    ~~~~~~~~~~~^^^^
        INSERT INTO gameplay (
        ^^^^^^^^^^^^^^^^^^^^^^
    ...<17 lines>...
        game.play_time,
        ^^^^^^^^^^^^^^^
    ))
    ^^
sqlite3.ProgrammingError: Error binding parameter 1: type 'Platform' is not supported
2026-08-18 02:06:45,296 [ERROR] xenia_manager: Failed to add game: XboxGame(game_id='5A440004', title='Alien Hominid', platform=<Platform.XBOX: 'Xbox'>, config_path=None, favourite=False, last_played=None, play_count=0, play_time=0, emulator='xemu', emulator_version='0.5.0-4-gaab63105fc', discs=[GameDisc(media_id='5A440004', file_path=WindowsPath('H:/roms/xbox'), disc_count=1, disc_type='DVD', disc_swap_required=False, disc_number=1, label=None)])
Error: Error binding parameter 1: type 'Platform' is not supported
Traceback (most recent call last):
  File "C:\PycharmProjects\xenia-game-manager\src\db.py", line 1049, in import_games_from_source
    self.add_game(game)
    ~~~~~~~~~~~~~^^^^^^
  File "C:\PycharmProjects\xenia-game-manager\src\db.py", line 1100, in add_game
    con.execute("""
    ~~~~~~~~~~~^^^^
        INSERT INTO gameplay (
        ^^^^^^^^^^^^^^^^^^^^^^
    ...<17 lines>...
        game.play_time,
        ^^^^^^^^^^^^^^^
    ))
    ^^
sqlite3.ProgrammingError: Error binding parameter 1: type 'Platform' is not supported
2026-08-18 02:06:45,300 [ERROR] xenia_manager: Failed to add game: XboxGame(game_id='454C0001', title='American McGee Presents Scrapland', platform=<Platform.XBOX: 'Xbox'>, config_path=None, favourite=False, last_played=None, play_count=0, play_time=0, emulator='xemu', emulator_version='0.6.5', discs=[GameDisc(media_id='454C0001', file_path=WindowsPath('H:/roms/xbox'), disc_count=1, disc_type='DVD', disc_swap_required=False, disc_number=1, label=None)])
Error: Error binding parameter 1: type 'Platform' is not supported
Traceback (most recent call last):
  File "C:\PycharmProjects\xenia-game-manager\src\db.py", line 1049, in import_games_from_source
    self.add_game(game)
    ~~~~~~~~~~~~~^^^^^^
  File "C:\PycharmProjects\xenia-game-manager\src\db.py", line 1100, in add_game
    con.execute("""
    ~~~~~~~~~~~^^^^
        INSERT INTO gameplay (
        ^^^^^^^^^^^^^^^^^^^^^^
    ...<17 lines>...
        game.play_time,
        ^^^^^^^^^^^^^^^
    ))
    ^^
sqlite3.ProgrammingError: Error binding parameter 1: type 'Platform' is not supported
2026-08-18 02:06:45,303 [ERROR] xenia_manager: Failed to add game: XboxGame(game_id='49470079', title='Atari Anthology', platform=<Platform.XBOX: 'Xbox'>, config_path=None, favourite=False, last_played=None, play_count=0, play_time=0, emulator='xemu', emulator_version='0.7.21', discs=[GameDisc(media_id='49470079', file_path=WindowsPath('H:/roms/xbox'), disc_count=1, disc_type='DVD', disc_swap_required=False, disc_number=1, label=None)])
Error: Error binding parameter 1: type 'Platform' is not supported
Traceback (most recent call last):
  File "C:\PycharmProjects\xenia-game-manager\src\db.py", line 1049, in import_games_from_source
    self.add_game(game)
    ~~~~~~~~~~~~~^^^^^^
  File "C:\PycharmProjects\xenia-game-manager\src\db.py", line 1100, in add_game
    con.execute("""
    ~~~~~~~~~~~^^^^
        INSERT INTO gameplay (
        ^^^^^^^^^^^^^^^^^^^^^^
    ...<17 lines>...
        game.play_time,
        ^^^^^^^^^^^^^^^
    ))
    ^^
sqlite3.ProgrammingError: Error binding parameter 1: type 'Platform' is not supported
2026-08-18 02:06:45,306 [ERROR] xenia_manager: Failed to add game: XboxGame(game_id='454D0002', title='Big Mutha Truckers', platform=<Platform.XBOX: 'Xbox'>, config_path=None, favourite=False, last_played=None, play_count=0, play_time=0, emulator='xemu', emulator_version='0.8.134', discs=[GameDisc(media_id='454D0002', file_path=WindowsPath('H:/roms/xbox'), disc_count=1, disc_type='DVD', disc_swap_required=False, disc_number=1, label=None)])
Error: Error binding parameter 1: type 'Platform' is not supported
Traceback (most recent call last):
  File "C:\PycharmProjects\xenia-game-manager\src\db.py", line 1049, in import_games_from_source
    self.add_game(game)
    ~~~~~~~~~~~~~^^^^^^
  File "C:\PycharmProjects\xenia-game-manager\src\db.py", line 1100, in add_game
    con.execute("""
    ~~~~~~~~~~~^^^^
        INSERT INTO gameplay (
        ^^^^^^^^^^^^^^^^^^^^^^
    ...<17 lines>...
        game.play_time,
        ^^^^^^^^^^^^^^^
    ))
    ^^
sqlite3.ProgrammingError: Error binding parameter 1: type 'Platform' is not supported
2026-08-18 02:06:45,309 [ERROR] xenia_manager: Failed to add game: XboxGame(game_id='454D0002', title='Burnout 2 - Point of Impact (Europe) (En,Fr,De,Es,It).xiso', platform=<Platform.XBOX: 'Xbox'>, config_path=None, favourite=False, last_played=None, play_count=0, play_time=0, emulator='xemu', emulator_version='0.8.134', discs=[GameDisc(media_id='454D0002', file_path=WindowsPath('H:/roms/xbox'), disc_count=1, disc_type='DVD', disc_swap_required=False, disc_number=1, label=None)])
Error: Error binding parameter 1: type 'Platform' is not supported
Traceback (most recent call last):
  File "C:\PycharmProjects\xenia-game-manager\src\db.py", line 1049, in import_games_from_source
    self.add_game(game)
    ~~~~~~~~~~~~~^^^^^^
  File "C:\PycharmProjects\xenia-game-manager\src\db.py", line 1100, in add_game
    con.execute("""
    ~~~~~~~~~~~^^^^
        INSERT INTO gameplay (
        ^^^^^^^^^^^^^^^^^^^^^^
    ...<17 lines>...
        game.play_time,
        ^^^^^^^^^^^^^^^
    ))
    ^^
sqlite3.ProgrammingError: Error binding parameter 1: type 'Platform' is not supported
2026-08-18 02:06:45,313 [ERROR] xenia_manager: Failed to add game: XboxGame(game_id='454D0002', title='Burnout 3 - Takedown (Europe) (En,Es,Nl,Sv).xiso', platform=<Platform.XBOX: 'Xbox'>, config_path=None, favourite=False, last_played=None, play_count=0, play_time=0, emulator='xemu', emulator_version='0.8.134', discs=[GameDisc(media_id='454D0002', file_path=WindowsPath('H:/roms/xbox'), disc_count=1, disc_type='DVD', disc_swap_required=False, disc_number=1, label=None)])
Error: Error binding parameter 1: type 'Platform' is not supported
Traceback (most recent call last):
  File "C:\PycharmProjects\xenia-game-manager\src\db.py", line 1049, in import_games_from_source
    self.add_game(game)
    ~~~~~~~~~~~~~^^^^^^
  File "C:\PycharmProjects\xenia-game-manager\src\db.py", line 1100, in add_game
    con.execute("""
    ~~~~~~~~~~~^^^^
        INSERT INTO gameplay (
        ^^^^^^^^^^^^^^^^^^^^^^
    ...<17 lines>...
        game.play_time,
        ^^^^^^^^^^^^^^^
    ))
    ^^
sqlite3.ProgrammingError: Error binding parameter 1: type 'Platform' is not supported
2026-08-18 02:06:45,315 [ERROR] xenia_manager: Failed to add game: XboxGame(game_id='434D002B', title='Colin McRae Rally 2005', platform=<Platform.XBOX: 'Xbox'>, config_path=None, favourite=False, last_played=None, play_count=0, play_time=0, emulator='xemu', emulator_version='0.8.112', discs=[GameDisc(media_id='434D002B', file_path=WindowsPath('H:/roms/xbox'), disc_count=1, disc_type='DVD', disc_swap_required=False, disc_number=1, label=None)])
Error: Error binding parameter 1: type 'Platform' is not supported
Traceback (most recent call last):
  File "C:\PycharmProjects\xenia-game-manager\src\db.py", line 1049, in import_games_from_source
    self.add_game(game)
    ~~~~~~~~~~~~~^^^^^^
  File "C:\PycharmProjects\xenia-game-manager\src\db.py", line 1100, in add_game
    con.execute("""
    ~~~~~~~~~~~^^^^
        INSERT INTO gameplay (
        ^^^^^^^^^^^^^^^^^^^^^^
    ...<17 lines>...
        game.play_time,
        ^^^^^^^^^^^^^^^
    ))
    ^^
sqlite3.ProgrammingError: Error binding parameter 1: type 'Platform' is not supported
2026-08-18 02:06:45,319 [ERROR] xenia_manager: Failed to add game: XboxGame(game_id='4D530036', title='Counter-Strike', platform=<Platform.XBOX: 'Xbox'>, config_path=None, favourite=False, last_played=None, play_count=0, play_time=0, emulator='xemu', emulator_version='0.8.34', discs=[GameDisc(media_id='4D530036', file_path=WindowsPath('H:/roms/xbox'), disc_count=1, disc_type='DVD', disc_swap_required=False, disc_number=1, label=None)])
Error: Error binding parameter 1: type 'Platform' is not supported
Traceback (most recent call last):
  File "C:\PycharmProjects\xenia-game-manager\src\db.py", line 1049, in import_games_from_source
    self.add_game(game)
    ~~~~~~~~~~~~~^^^^^^
  File "C:\PycharmProjects\xenia-game-manager\src\db.py", line 1100, in add_game
    con.execute("""
    ~~~~~~~~~~~^^^^
        INSERT INTO gameplay (
        ^^^^^^^^^^^^^^^^^^^^^^
    ...<17 lines>...
        game.play_time,
        ^^^^^^^^^^^^^^^
    ))
    ^^
sqlite3.ProgrammingError: Error binding parameter 1: type 'Platform' is not supported
2026-08-18 02:06:45,322 [ERROR] xenia_manager: Failed to add game: XboxGame(game_id='4B4F0002', title='Crimson Sea', platform=<Platform.XBOX: 'Xbox'>, config_path=None, favourite=False, last_played=None, play_count=0, play_time=0, emulator='xemu', emulator_version='0.8.96', discs=[GameDisc(media_id='4B4F0002', file_path=WindowsPath('H:/roms/xbox'), disc_count=1, disc_type='DVD', disc_swap_required=False, disc_number=1, label=None)])
Error: Error binding parameter 1: type 'Platform' is not supported
Traceback (most recent call last):
  File "C:\PycharmProjects\xenia-game-manager\src\db.py", line 1049, in import_games_from_source
    self.add_game(game)
    ~~~~~~~~~~~~~^^^^^^
  File "C:\PycharmProjects\xenia-game-manager\src\db.py", line 1100, in add_game
    con.execute("""
    ~~~~~~~~~~~^^^^
        INSERT INTO gameplay (
        ^^^^^^^^^^^^^^^^^^^^^^
    ...<17 lines>...
        game.play_time,
        ^^^^^^^^^^^^^^^
    ))
    ^^
sqlite3.ProgrammingError: Error binding parameter 1: type 'Platform' is not supported
2026-08-18 02:06:45,326 [ERROR] xenia_manager: Failed to add game: XboxGame(game_id='4D570006', title='Defender', platform=<Platform.XBOX: 'Xbox'>, config_path=None, favourite=False, last_played=None, play_count=0, play_time=0, emulator='xemu', emulator_version='0.8.134', discs=[GameDisc(media_id='4D570006', file_path=WindowsPath('H:/roms/xbox'), disc_count=1, disc_type='DVD', disc_swap_required=False, disc_number=1, label=None)])
Error: Error binding parameter 1: type 'Platform' is not supported
Traceback (most recent call last):
  File "C:\PycharmProjects\xenia-game-manager\src\db.py", line 1049, in import_games_from_source
    self.add_game(game)
    ~~~~~~~~~~~~~^^^^^^
  File "C:\PycharmProjects\xenia-game-manager\src\db.py", line 1100, in add_game
    con.execute("""
    ~~~~~~~~~~~^^^^
        INSERT INTO gameplay (
        ^^^^^^^^^^^^^^^^^^^^^^
    ...<17 lines>...
        game.play_time,
        ^^^^^^^^^^^^^^^
    ))
    ^^
sqlite3.ProgrammingError: Error binding parameter 1: type 'Platform' is not supported
2026-08-18 02:06:45,329 [ERROR] xenia_manager: Failed to add game: XboxGame(game_id='4D570006', title='Delta Force - Black Hawk Down (USA, Europe) (En,Fr,De,Es,It).xiso', platform=<Platform.XBOX: 'Xbox'>, config_path=None, favourite=False, last_played=None, play_count=0, play_time=0, emulator='xemu', emulator_version='0.8.134', discs=[GameDisc(media_id='4D570006', file_path=WindowsPath('H:/roms/xbox'), disc_count=1, disc_type='DVD', disc_swap_required=False, disc_number=1, label=None)])
Error: Error binding parameter 1: type 'Platform' is not supported
Traceback (most recent call last):
  File "C:\PycharmProjects\xenia-game-manager\src\db.py", line 1049, in import_games_from_source
    self.add_game(game)
    ~~~~~~~~~~~~~^^^^^^
  File "C:\PycharmProjects\xenia-game-manager\src\db.py", line 1100, in add_game
    con.execute("""
    ~~~~~~~~~~~^^^^
        INSERT INTO gameplay (
        ^^^^^^^^^^^^^^^^^^^^^^
    ...<17 lines>...
        game.play_time,
        ^^^^^^^^^^^^^^^
    ))
    ^^
sqlite3.ProgrammingError: Error binding parameter 1: type 'Platform' is not supported
2026-08-18 02:06:45,333 [ERROR] xenia_manager: Failed to add game: XboxGame(game_id='4D4A000B', title='Drake of the 99 Dragons', platform=<Platform.XBOX: 'Xbox'>, config_path=None, favourite=False, last_played=None, play_count=0, play_time=0, emulator='xemu', emulator_version='0.7.21', discs=[GameDisc(media_id='4D4A000B', file_path=WindowsPath('H:/roms/xbox'), disc_count=1, disc_type='DVD', disc_swap_required=False, disc_number=1, label=None)])
Error: Error binding parameter 1: type 'Platform' is not supported
Traceback (most recent call last):
  File "C:\PycharmProjects\xenia-game-manager\src\db.py", line 1049, in import_games_from_source
    self.add_game(game)
    ~~~~~~~~~~~~~^^^^^^
  File "C:\PycharmProjects\xenia-game-manager\src\db.py", line 1100, in add_game
    con.execute("""
    ~~~~~~~~~~~^^^^
        INSERT INTO gameplay (
        ^^^^^^^^^^^^^^^^^^^^^^
    ...<17 lines>...
        game.play_time,
        ^^^^^^^^^^^^^^^
    ))
    ^^
sqlite3.ProgrammingError: Error binding parameter 1: type 'Platform' is not supported
2026-08-18 02:06:45,337 [ERROR] xenia_manager: Failed to add game: XboxGame(game_id='46490002', title='Futurama', platform=<Platform.XBOX: 'Xbox'>, config_path=None, favourite=False, last_played=None, play_count=0, play_time=0, emulator='xemu', emulator_version='0.6.0', discs=[GameDisc(media_id='46490002', file_path=WindowsPath('H:/roms/xbox'), disc_count=1, disc_type='DVD', disc_swap_required=False, disc_number=1, label=None)])
Error: Error binding parameter 1: type 'Platform' is not supported
Traceback (most recent call last):
  File "C:\PycharmProjects\xenia-game-manager\src\db.py", line 1049, in import_games_from_source
    self.add_game(game)
    ~~~~~~~~~~~~~^^^^^^
  File "C:\PycharmProjects\xenia-game-manager\src\db.py", line 1100, in add_game
    con.execute("""
    ~~~~~~~~~~~^^^^
        INSERT INTO gameplay (
        ^^^^^^^^^^^^^^^^^^^^^^
    ...<17 lines>...
        game.play_time,
        ^^^^^^^^^^^^^^^
    ))
    ^^
sqlite3.ProgrammingError: Error binding parameter 1: type 'Platform' is not supported
2026-08-18 02:06:45,340 [ERROR] xenia_manager: Failed to add game: XboxGame(game_id='4D530002', title='Fuzion Frenzy', platform=<Platform.XBOX: 'Xbox'>, config_path=None, favourite=False, last_played=None, play_count=0, play_time=0, emulator='xemu', emulator_version='0.5.0-74-g5756a8892c', discs=[GameDisc(media_id='4D530002', file_path=WindowsPath('H:/roms/xbox'), disc_count=1, disc_type='DVD', disc_swap_required=False, disc_number=1, label=None)])
Error: Error binding parameter 1: type 'Platform' is not supported
Traceback (most recent call last):
  File "C:\PycharmProjects\xenia-game-manager\src\db.py", line 1049, in import_games_from_source
    self.add_game(game)
    ~~~~~~~~~~~~~^^^^^^
  File "C:\PycharmProjects\xenia-game-manager\src\db.py", line 1100, in add_game
    con.execute("""
    ~~~~~~~~~~~^^^^
        INSERT INTO gameplay (
        ^^^^^^^^^^^^^^^^^^^^^^
    ...<17 lines>...
        game.play_time,
        ^^^^^^^^^^^^^^^
    ))
    ^^
sqlite3.ProgrammingError: Error binding parameter 1: type 'Platform' is not supported
2026-08-18 02:06:45,343 [ERROR] xenia_manager: Failed to add game: XboxGame(game_id='45410091', title='Half-Life 2', platform=<Platform.XBOX: 'Xbox'>, config_path=None, favourite=False, last_played=None, play_count=0, play_time=0, emulator='xemu', emulator_version='0.8.136', discs=[GameDisc(media_id='45410091', file_path=WindowsPath('H:/roms/xbox'), disc_count=1, disc_type='DVD', disc_swap_required=False, disc_number=1, label=None)])
Error: Error binding parameter 1: type 'Platform' is not supported
Traceback (most recent call last):
  File "C:\PycharmProjects\xenia-game-manager\src\db.py", line 1049, in import_games_from_source
    self.add_game(game)
    ~~~~~~~~~~~~~^^^^^^
  File "C:\PycharmProjects\xenia-game-manager\src\db.py", line 1100, in add_game
    con.execute("""
    ~~~~~~~~~~~^^^^
        INSERT INTO gameplay (
        ^^^^^^^^^^^^^^^^^^^^^^
    ...<17 lines>...
        game.play_time,
        ^^^^^^^^^^^^^^^
    ))
    ^^
sqlite3.ProgrammingError: Error binding parameter 1: type 'Platform' is not supported
2026-08-18 02:06:45,347 [ERROR] xenia_manager: Failed to add game: XboxGame(game_id='45410091', title='Halo - Combat Evolved (USA) (Rev 2).xiso', platform=<Platform.XBOX: 'Xbox'>, config_path=None, favourite=False, last_played=None, play_count=0, play_time=0, emulator='xemu', emulator_version='0.8.136', discs=[GameDisc(media_id='45410091', file_path=WindowsPath('H:/roms/xbox'), disc_count=1, disc_type='DVD', disc_swap_required=False, disc_number=1, label=None)])
Error: Error binding parameter 1: type 'Platform' is not supported
Traceback (most recent call last):
  File "C:\PycharmProjects\xenia-game-manager\src\db.py", line 1049, in import_games_from_source
    self.add_game(game)
    ~~~~~~~~~~~~~^^^^^^
  File "C:\PycharmProjects\xenia-game-manager\src\db.py", line 1100, in add_game
    con.execute("""
    ~~~~~~~~~~~^^^^
        INSERT INTO gameplay (
        ^^^^^^^^^^^^^^^^^^^^^^
    ...<17 lines>...
        game.play_time,
        ^^^^^^^^^^^^^^^
    ))
    ^^
sqlite3.ProgrammingError: Error binding parameter 1: type 'Platform' is not supported
2026-08-18 02:06:45,349 [ERROR] xenia_manager: Failed to add game: XboxGame(game_id='4D530064', title='Halo 2', platform=<Platform.XBOX: 'Xbox'>, config_path=None, favourite=False, last_played=None, play_count=0, play_time=0, emulator='xemu', emulator_version='0.8.134', discs=[GameDisc(media_id='4D530064', file_path=WindowsPath('H:/roms/xbox'), disc_count=1, disc_type='DVD', disc_swap_required=False, disc_number=1, label=None)])
Error: Error binding parameter 1: type 'Platform' is not supported
Traceback (most recent call last):
  File "C:\PycharmProjects\xenia-game-manager\src\db.py", line 1049, in import_games_from_source
    self.add_game(game)
    ~~~~~~~~~~~~~^^^^^^
  File "C:\PycharmProjects\xenia-game-manager\src\db.py", line 1100, in add_game
    con.execute("""
    ~~~~~~~~~~~^^^^
        INSERT INTO gameplay (
        ^^^^^^^^^^^^^^^^^^^^^^
    ...<17 lines>...
        game.play_time,
        ^^^^^^^^^^^^^^^
    ))
    ^^
sqlite3.ProgrammingError: Error binding parameter 1: type 'Platform' is not supported
2026-08-18 02:06:45,353 [ERROR] xenia_manager: Failed to add game: XboxGame(game_id='4D530064', title='Hitman - Blood Money (USA, Europe).xiso', platform=<Platform.XBOX: 'Xbox'>, config_path=None, favourite=False, last_played=None, play_count=0, play_time=0, emulator='xemu', emulator_version='0.8.134', discs=[GameDisc(media_id='4D530064', file_path=WindowsPath('H:/roms/xbox'), disc_count=1, disc_type='DVD', disc_swap_required=False, disc_number=1, label=None)])
Error: Error binding parameter 1: type 'Platform' is not supported
Traceback (most recent call last):
  File "C:\PycharmProjects\xenia-game-manager\src\db.py", line 1049, in import_games_from_source
    self.add_game(game)
    ~~~~~~~~~~~~~^^^^^^
  File "C:\PycharmProjects\xenia-game-manager\src\db.py", line 1100, in add_game
    con.execute("""
    ~~~~~~~~~~~^^^^
        INSERT INTO gameplay (
        ^^^^^^^^^^^^^^^^^^^^^^
    ...<17 lines>...
        game.play_time,
        ^^^^^^^^^^^^^^^
    ))
    ^^
sqlite3.ProgrammingError: Error binding parameter 1: type 'Platform' is not supported
2026-08-18 02:06:45,357 [ERROR] xenia_manager: Failed to add game: XboxGame(game_id='4D530064', title='Midnight Club 3 - DUB Edition Remix (Europe) (En,Fr,De,Es,It).xiso', platform=<Platform.XBOX: 'Xbox'>, config_path=None, favourite=False, last_played=None, play_count=0, play_time=0, emulator='xemu', emulator_version='0.8.134', discs=[GameDisc(media_id='4D530064', file_path=WindowsPath('H:/roms/xbox'), disc_count=1, disc_type='DVD', disc_swap_required=False, disc_number=1, label=None)])
Error: Error binding parameter 1: type 'Platform' is not supported
Traceback (most recent call last):
  File "C:\PycharmProjects\xenia-game-manager\src\db.py", line 1049, in import_games_from_source
    self.add_game(game)
    ~~~~~~~~~~~~~^^^^^^
  File "C:\PycharmProjects\xenia-game-manager\src\db.py", line 1100, in add_game
    con.execute("""
    ~~~~~~~~~~~^^^^
        INSERT INTO gameplay (
        ^^^^^^^^^^^^^^^^^^^^^^
    ...<17 lines>...
        game.play_time,
        ^^^^^^^^^^^^^^^
    ))
    ^^
sqlite3.ProgrammingError: Error binding parameter 1: type 'Platform' is not supported
2026-08-18 02:06:45,360 [ERROR] xenia_manager: Failed to add game: XboxGame(game_id='4D570020', title='Midway Arcade Treasures 2', platform=<Platform.XBOX: 'Xbox'>, config_path=None, favourite=False, last_played=None, play_count=0, play_time=0, emulator='xemu', emulator_version='0.8.118', discs=[GameDisc(media_id='4D570020', file_path=WindowsPath('H:/roms/xbox'), disc_count=1, disc_type='DVD', disc_swap_required=False, disc_number=1, label=None)])
Error: Error binding parameter 1: type 'Platform' is not supported
Traceback (most recent call last):
  File "C:\PycharmProjects\xenia-game-manager\src\db.py", line 1049, in import_games_from_source
    self.add_game(game)
    ~~~~~~~~~~~~~^^^^^^
  File "C:\PycharmProjects\xenia-game-manager\src\db.py", line 1100, in add_game
    con.execute("""
    ~~~~~~~~~~~^^^^
        INSERT INTO gameplay (
        ^^^^^^^^^^^^^^^^^^^^^^
    ...<17 lines>...
        game.play_time,
        ^^^^^^^^^^^^^^^
    ))
    ^^
sqlite3.ProgrammingError: Error binding parameter 1: type 'Platform' is not supported
2026-08-18 02:06:45,363 [ERROR] xenia_manager: Failed to add game: XboxGame(game_id='4D57002D', title='Midway Arcade Treasures 3', platform=<Platform.XBOX: 'Xbox'>, config_path=None, favourite=False, last_played=None, play_count=0, play_time=0, emulator='xemu', emulator_version='0.7.21', discs=[GameDisc(media_id='4D57002D', file_path=WindowsPath('H:/roms/xbox'), disc_count=1, disc_type='DVD', disc_swap_required=False, disc_number=1, label=None)])
Error: Error binding parameter 1: type 'Platform' is not supported
Traceback (most recent call last):
  File "C:\PycharmProjects\xenia-game-manager\src\db.py", line 1049, in import_games_from_source
    self.add_game(game)
    ~~~~~~~~~~~~~^^^^^^
  File "C:\PycharmProjects\xenia-game-manager\src\db.py", line 1100, in add_game
    con.execute("""
    ~~~~~~~~~~~^^^^
        INSERT INTO gameplay (
        ^^^^^^^^^^^^^^^^^^^^^^
    ...<17 lines>...
        game.play_time,
        ^^^^^^^^^^^^^^^
    ))
    ^^
sqlite3.ProgrammingError: Error binding parameter 1: type 'Platform' is not supported
2026-08-18 02:06:45,367 [ERROR] xenia_manager: Failed to add game: XboxGame(game_id='4D57002D', title='Minority Report - Everybody Runs (USA).xiso', platform=<Platform.XBOX: 'Xbox'>, config_path=None, favourite=False, last_played=None, play_count=0, play_time=0, emulator='xemu', emulator_version='0.7.21', discs=[GameDisc(media_id='4D57002D', file_path=WindowsPath('H:/roms/xbox'), disc_count=1, disc_type='DVD', disc_swap_required=False, disc_number=1, label=None)])
Error: Error binding parameter 1: type 'Platform' is not supported
Traceback (most recent call last):
  File "C:\PycharmProjects\xenia-game-manager\src\db.py", line 1049, in import_games_from_source
    self.add_game(game)
    ~~~~~~~~~~~~~^^^^^^
  File "C:\PycharmProjects\xenia-game-manager\src\db.py", line 1100, in add_game
    con.execute("""
    ~~~~~~~~~~~^^^^
        INSERT INTO gameplay (
        ^^^^^^^^^^^^^^^^^^^^^^
    ...<17 lines>...
        game.play_time,
        ^^^^^^^^^^^^^^^
    ))
    ^^
sqlite3.ProgrammingError: Error binding parameter 1: type 'Platform' is not supported
2026-08-18 02:06:45,370 [ERROR] xenia_manager: Failed to add game: XboxGame(game_id='4E4D0016', title='Namco Museum 50th Anniversary', platform=<Platform.XBOX: 'Xbox'>, config_path=None, favourite=False, last_played=None, play_count=0, play_time=0, emulator='xemu', emulator_version='0.8.118', discs=[GameDisc(media_id='4E4D0016', file_path=WindowsPath('H:/roms/xbox'), disc_count=1, disc_type='DVD', disc_swap_required=False, disc_number=1, label=None)])
Error: Error binding parameter 1: type 'Platform' is not supported
Traceback (most recent call last):
  File "C:\PycharmProjects\xenia-game-manager\src\db.py", line 1049, in import_games_from_source
    self.add_game(game)
    ~~~~~~~~~~~~~^^^^^^
  File "C:\PycharmProjects\xenia-game-manager\src\db.py", line 1100, in add_game
    con.execute("""
    ~~~~~~~~~~~^^^^
        INSERT INTO gameplay (
        ^^^^^^^^^^^^^^^^^^^^^^
    ...<17 lines>...
        game.play_time,
        ^^^^^^^^^^^^^^^
    ))
    ^^
sqlite3.ProgrammingError: Error binding parameter 1: type 'Platform' is not supported
2026-08-18 02:06:45,374 [ERROR] xenia_manager: Failed to add game: XboxGame(game_id='53450036', title='OutRun 2', platform=<Platform.XBOX: 'Xbox'>, config_path=None, favourite=False, last_played=None, play_count=0, play_time=0, emulator='xemu', emulator_version='0.8.133', discs=[GameDisc(media_id='53450036', file_path=WindowsPath('H:/roms/xbox'), disc_count=1, disc_type='DVD', disc_swap_required=False, disc_number=1, label=None)])
Error: Error binding parameter 1: type 'Platform' is not supported
Traceback (most recent call last):
  File "C:\PycharmProjects\xenia-game-manager\src\db.py", line 1049, in import_games_from_source
    self.add_game(game)
    ~~~~~~~~~~~~~^^^^^^
  File "C:\PycharmProjects\xenia-game-manager\src\db.py", line 1100, in add_game
    con.execute("""
    ~~~~~~~~~~~^^^^
        INSERT INTO gameplay (
        ^^^^^^^^^^^^^^^^^^^^^^
    ...<17 lines>...
        game.play_time,
        ^^^^^^^^^^^^^^^
    ))
    ^^
sqlite3.ProgrammingError: Error binding parameter 1: type 'Platform' is not supported
2026-08-18 02:06:45,378 [ERROR] xenia_manager: Failed to add game: XboxGame(game_id='53450036', title="Peter Jackson's King Kong - The Official Game of the Movie (USA, Europe) (En,Fr,De,Es,It,Nl,Sv,No,Da,Fi).xiso", platform=<Platform.XBOX: 'Xbox'>, config_path=None, favourite=False, last_played=None, play_count=0, play_time=0, emulator='xemu', emulator_version='0.8.133', discs=[GameDisc(media_id='53450036', file_path=WindowsPath('H:/roms/xbox'), disc_count=1, disc_type='DVD', disc_swap_required=False, disc_number=1, label=None)])
Error: Error binding parameter 1: type 'Platform' is not supported
Traceback (most recent call last):
  File "C:\PycharmProjects\xenia-game-manager\src\db.py", line 1049, in import_games_from_source
    self.add_game(game)
    ~~~~~~~~~~~~~^^^^^^
  File "C:\PycharmProjects\xenia-game-manager\src\db.py", line 1100, in add_game
    con.execute("""
    ~~~~~~~~~~~^^^^
        INSERT INTO gameplay (
        ^^^^^^^^^^^^^^^^^^^^^^
    ...<17 lines>...
        game.play_time,
        ^^^^^^^^^^^^^^^
    ))
    ^^
sqlite3.ProgrammingError: Error binding parameter 1: type 'Platform' is not supported
2026-08-18 02:06:45,381 [ERROR] xenia_manager: Failed to add game: XboxGame(game_id='4D53004A', title='Phantasy Star Online Episode I & II', platform=<Platform.XBOX: 'Xbox'>, config_path=None, favourite=False, last_played=None, play_count=0, play_time=0, emulator='xemu', emulator_version='0.8.96', discs=[GameDisc(media_id='4D53004A', file_path=WindowsPath('H:/roms/xbox'), disc_count=1, disc_type='DVD', disc_swap_required=False, disc_number=1, label=None)])
Error: Error binding parameter 1: type 'Platform' is not supported
Traceback (most recent call last):
  File "C:\PycharmProjects\xenia-game-manager\src\db.py", line 1049, in import_games_from_source
    self.add_game(game)
    ~~~~~~~~~~~~~^^^^^^
  File "C:\PycharmProjects\xenia-game-manager\src\db.py", line 1100, in add_game
    con.execute("""
    ~~~~~~~~~~~^^^^
        INSERT INTO gameplay (
        ^^^^^^^^^^^^^^^^^^^^^^
    ...<17 lines>...
        game.play_time,
        ^^^^^^^^^^^^^^^
    ))
    ^^
sqlite3.ProgrammingError: Error binding parameter 1: type 'Platform' is not supported
2026-08-18 02:06:45,384 [ERROR] xenia_manager: Failed to add game: XboxGame(game_id='4D53004A', title='Pirates - The Legend of Black Kat (USA).xiso', platform=<Platform.XBOX: 'Xbox'>, config_path=None, favourite=False, last_played=None, play_count=0, play_time=0, emulator='xemu', emulator_version='0.8.96', discs=[GameDisc(media_id='4D53004A', file_path=WindowsPath('H:/roms/xbox'), disc_count=1, disc_type='DVD', disc_swap_required=False, disc_number=1, label=None)])
Error: Error binding parameter 1: type 'Platform' is not supported
Traceback (most recent call last):
  File "C:\PycharmProjects\xenia-game-manager\src\db.py", line 1049, in import_games_from_source
    self.add_game(game)
    ~~~~~~~~~~~~~^^^^^^
  File "C:\PycharmProjects\xenia-game-manager\src\db.py", line 1100, in add_game
    con.execute("""
    ~~~~~~~~~~~^^^^
        INSERT INTO gameplay (
        ^^^^^^^^^^^^^^^^^^^^^^
    ...<17 lines>...
        game.play_time,
        ^^^^^^^^^^^^^^^
    ))
    ^^
sqlite3.ProgrammingError: Error binding parameter 1: type 'Platform' is not supported
2026-08-18 02:06:45,388 [ERROR] xenia_manager: Failed to add game: XboxGame(game_id='4D53004A', title='Playboy - The Mansion (Europe) (En,Fr,De,Es,It).xiso', platform=<Platform.XBOX: 'Xbox'>, config_path=None, favourite=False, last_played=None, play_count=0, play_time=0, emulator='xemu', emulator_version='0.8.96', discs=[GameDisc(media_id='4D53004A', file_path=WindowsPath('H:/roms/xbox'), disc_count=1, disc_type='DVD', disc_swap_required=False, disc_number=1, label=None)])
Error: Error binding parameter 1: type 'Platform' is not supported
Traceback (most recent call last):
  File "C:\PycharmProjects\xenia-game-manager\src\db.py", line 1049, in import_games_from_source
    self.add_game(game)
    ~~~~~~~~~~~~~^^^^^^
  File "C:\PycharmProjects\xenia-game-manager\src\db.py", line 1100, in add_game
    con.execute("""
    ~~~~~~~~~~~^^^^
        INSERT INTO gameplay (
        ^^^^^^^^^^^^^^^^^^^^^^
    ...<17 lines>...
        game.play_time,
        ^^^^^^^^^^^^^^^
    ))
    ^^
sqlite3.ProgrammingError: Error binding parameter 1: type 'Platform' is not supported
2026-08-18 02:06:45,392 [ERROR] xenia_manager: Failed to add game: XboxGame(game_id='4D53004B', title='Project Gotham Racing 2', platform=<Platform.XBOX: 'Xbox'>, config_path=None, favourite=False, last_played=None, play_count=0, play_time=0, emulator='xemu', emulator_version='0.8.130', discs=[GameDisc(media_id='4D53004B', file_path=WindowsPath('H:/roms/xbox'), disc_count=1, disc_type='DVD', disc_swap_required=False, disc_number=1, label=None)])
Error: Error binding parameter 1: type 'Platform' is not supported
Traceback (most recent call last):
  File "C:\PycharmProjects\xenia-game-manager\src\db.py", line 1049, in import_games_from_source
    self.add_game(game)
    ~~~~~~~~~~~~~^^^^^^
  File "C:\PycharmProjects\xenia-game-manager\src\db.py", line 1100, in add_game
    con.execute("""
    ~~~~~~~~~~~^^^^
        INSERT INTO gameplay (
        ^^^^^^^^^^^^^^^^^^^^^^
    ...<17 lines>...
        game.play_time,
        ^^^^^^^^^^^^^^^
    ))
    ^^
sqlite3.ProgrammingError: Error binding parameter 1: type 'Platform' is not supported
2026-08-18 02:06:45,395 [ERROR] xenia_manager: Failed to add game: XboxGame(game_id='4D53004B', title='Puyo Pop Fever (Europe) (En,Ja,Fr,De,Es,It).xiso', platform=<Platform.XBOX: 'Xbox'>, config_path=None, favourite=False, last_played=None, play_count=0, play_time=0, emulator='xemu', emulator_version='0.8.130', discs=[GameDisc(media_id='4D53004B', file_path=WindowsPath('H:/roms/xbox'), disc_count=1, disc_type='DVD', disc_swap_required=False, disc_number=1, label=None)])
Error: Error binding parameter 1: type 'Platform' is not supported
Traceback (most recent call last):
  File "C:\PycharmProjects\xenia-game-manager\src\db.py", line 1049, in import_games_from_source
    self.add_game(game)
    ~~~~~~~~~~~~~^^^^^^
  File "C:\PycharmProjects\xenia-game-manager\src\db.py", line 1100, in add_game
    con.execute("""
    ~~~~~~~~~~~^^^^
        INSERT INTO gameplay (
        ^^^^^^^^^^^^^^^^^^^^^^
    ...<17 lines>...
        game.play_time,
        ^^^^^^^^^^^^^^^
    ))
    ^^
sqlite3.ProgrammingError: Error binding parameter 1: type 'Platform' is not supported
2026-08-18 02:06:45,399 [ERROR] xenia_manager: Failed to add game: XboxGame(game_id='53430005', title='Richard Burns Rally', platform=<Platform.XBOX: 'Xbox'>, config_path=None, favourite=False, last_played=None, play_count=0, play_time=0, emulator='xemu', emulator_version='0.5.1-2-g72b511c091', discs=[GameDisc(media_id='53430005', file_path=WindowsPath('H:/roms/xbox'), disc_count=1, disc_type='DVD', disc_swap_required=False, disc_number=1, label=None)])
Error: Error binding parameter 1: type 'Platform' is not supported
Traceback (most recent call last):
  File "C:\PycharmProjects\xenia-game-manager\src\db.py", line 1049, in import_games_from_source
    self.add_game(game)
    ~~~~~~~~~~~~~^^^^^^
  File "C:\PycharmProjects\xenia-game-manager\src\db.py", line 1100, in add_game
    con.execute("""
    ~~~~~~~~~~~^^^^
        INSERT INTO gameplay (
        ^^^^^^^^^^^^^^^^^^^^^^
    ...<17 lines>...
        game.play_time,
        ^^^^^^^^^^^^^^^
    ))
    ^^
sqlite3.ProgrammingError: Error binding parameter 1: type 'Platform' is not supported
2026-08-18 02:06:45,402 [ERROR] xenia_manager: Failed to add game: XboxGame(game_id='45410021', title='Tiger Woods PGA Tour 2003', platform=<Platform.XBOX: 'Xbox'>, config_path=None, favourite=False, last_played=None, play_count=0, play_time=0, emulator='xemu', emulator_version='0.8.129', discs=[GameDisc(media_id='45410021', file_path=WindowsPath('H:/roms/xbox'), disc_count=1, disc_type='DVD', disc_swap_required=False, disc_number=1, label=None)])
Error: Error binding parameter 1: type 'Platform' is not supported
Traceback (most recent call last):
  File "C:\PycharmProjects\xenia-game-manager\src\db.py", line 1049, in import_games_from_source
    self.add_game(game)
    ~~~~~~~~~~~~~^^^^^^
  File "C:\PycharmProjects\xenia-game-manager\src\db.py", line 1100, in add_game
    con.execute("""
    ~~~~~~~~~~~^^^^
        INSERT INTO gameplay (
        ^^^^^^^^^^^^^^^^^^^^^^
    ...<17 lines>...
        game.play_time,
        ^^^^^^^^^^^^^^^
    ))
    ^^
sqlite3.ProgrammingError: Error binding parameter 1: type 'Platform' is not supported
2026-08-18 02:06:45,405 [ERROR] xenia_manager: Failed to add game: XboxGame(game_id='49470024', title='Unreal Championship', platform=<Platform.XBOX: 'Xbox'>, config_path=None, favourite=False, last_played=None, play_count=0, play_time=0, emulator='xemu', emulator_version='0.8.134', discs=[GameDisc(media_id='49470024', file_path=WindowsPath('H:/roms/xbox'), disc_count=1, disc_type='DVD', disc_swap_required=False, disc_number=1, label=None)])
Error: Error binding parameter 1: type 'Platform' is not supported
Traceback (most recent call last):
  File "C:\PycharmProjects\xenia-game-manager\src\db.py", line 1049, in import_games_from_source
    self.add_game(game)
    ~~~~~~~~~~~~~^^^^^^
  File "C:\PycharmProjects\xenia-game-manager\src\db.py", line 1100, in add_game
    con.execute("""
    ~~~~~~~~~~~^^^^
        INSERT INTO gameplay (
        ^^^^^^^^^^^^^^^^^^^^^^
    ...<17 lines>...
        game.play_time,
        ^^^^^^^^^^^^^^^
    ))
    ^^
sqlite3.ProgrammingError: Error binding parameter 1: type 'Platform' is not supported
2026-08-18 02:06:45,409 [ERROR] xenia_manager: Failed to add game: XboxGame(game_id='4D5300C8', title='Xbox Live Arcade', platform=<Platform.XBOX: 'Xbox'>, config_path=None, favourite=False, last_played=None, play_count=0, play_time=0, emulator='xemu', emulator_version='0.8.118', discs=[GameDisc(media_id='4D5300C8', file_path=WindowsPath('H:/roms/xbox'), disc_count=1, disc_type='DVD', disc_swap_required=False, disc_number=1, label=None)])
Error: Error binding parameter 1: type 'Platform' is not supported
Traceback (most recent call last):
  File "C:\PycharmProjects\xenia-game-manager\src\db.py", line 1049, in import_games_from_source
    self.add_game(game)
    ~~~~~~~~~~~~~^^^^^^
  File "C:\PycharmProjects\xenia-game-manager\src\db.py", line 1100, in add_game
    con.execute("""
    ~~~~~~~~~~~^^^^
        INSERT INTO gameplay (
        ^^^^^^^^^^^^^^^^^^^^^^
    ...<17 lines>...
        game.play_time,
        ^^^^^^^^^^^^^^^
    ))
    ^^
sqlite3.ProgrammingError: Error binding parameter 1: type 'Platform' is not supported
2026-08-18 02:06:45,410 [WARNING] xenia_manager: Failed to add 35 of 35 games
2026-08-18 02:06:54,427 [ERROR] xenia_manager: Failed to add game: Xbox360Game(game_id='414B07D1', title='A-Train Hx', platform=<Platform.XBOX360: 'Xbox360'>, config_path=WindowsPath('Emulators/Xenia Canary/config/A-Train HX.config.toml'), favourite=False, last_played=None, play_count=0, play_time=12.700676306666667, emulator='xenia', emulator_version='Canary', discs=[GameDisc(media_id='4B908A09', file_path=WindowsPath('H:/roms/xbox360/A-Train HX (Europe) (En,Fr,De,Es,It).iso'), disc_count=1, disc_type='DVD', disc_swap_required=False, disc_number=1, label=None)])
Error: Error binding parameter 1: type 'Platform' is not supported
Traceback (most recent call last):
  File "C:\PycharmProjects\xenia-game-manager\src\db.py", line 1049, in import_games_from_source
    self.add_game(game)
    ~~~~~~~~~~~~~^^^^^^
  File "C:\PycharmProjects\xenia-game-manager\src\db.py", line 1100, in add_game
    con.execute("""
    ~~~~~~~~~~~^^^^
        INSERT INTO gameplay (
        ^^^^^^^^^^^^^^^^^^^^^^
    ...<17 lines>...
        game.play_time,
        ^^^^^^^^^^^^^^^
    ))
    ^^
sqlite3.ProgrammingError: Error binding parameter 1: type 'Platform' is not supported
2026-08-18 02:06:54,430 [ERROR] xenia_manager: Failed to add game: Xbox360Game(game_id='465307DA', title='Ac for Answer', platform=<Platform.XBOX360: 'Xbox360'>, config_path=WindowsPath('Emulators/Xenia Canary/config/AC for Answer.config.toml'), favourite=False, last_played=None, play_count=0, play_time=0, emulator='xenia', emulator_version='Canary', discs=[GameDisc(media_id='70EAE4AC', file_path=WindowsPath('H:/roms/xbox360/Armored Core - For Answer.iso'), disc_count=1, disc_type='DVD', disc_swap_required=False, disc_number=1, label=None)])
Error: Error binding parameter 1: type 'Platform' is not supported
Traceback (most recent call last):
  File "C:\PycharmProjects\xenia-game-manager\src\db.py", line 1049, in import_games_from_source
    self.add_game(game)
    ~~~~~~~~~~~~~^^^^^^
  File "C:\PycharmProjects\xenia-game-manager\src\db.py", line 1100, in add_game
    con.execute("""
    ~~~~~~~~~~~^^^^
        INSERT INTO gameplay (
        ^^^^^^^^^^^^^^^^^^^^^^
    ...<17 lines>...
        game.play_time,
        ^^^^^^^^^^^^^^^
    ))
    ^^
sqlite3.ProgrammingError: Error binding parameter 1: type 'Platform' is not supported
2026-08-18 02:06:54,433 [ERROR] xenia_manager: Failed to add game: Xbox360Game(game_id='4E4D07D1', title='Ace Combat 6 Fires of Liberation', platform=<Platform.XBOX360: 'Xbox360'>, config_path=WindowsPath('Emulators/Xenia Canary/config/ACE COMBAT 6 Fires of Liberation.config.toml'), favourite=False, last_played=None, play_count=0, play_time=0, emulator='xenia', emulator_version='Canary', discs=[GameDisc(media_id='0379EFB3', file_path=WindowsPath('H:/roms/xbox360/Ace Combat 6 - Fires of Liberation (Europe) (En,Fr,De,Es,It) (Rev 1).zar'), disc_count=1, disc_type='DVD', disc_swap_required=False, disc_number=1, label=None)])
Error: Error binding parameter 1: type 'Platform' is not supported
Traceback (most recent call last):
  File "C:\PycharmProjects\xenia-game-manager\src\db.py", line 1049, in import_games_from_source
    self.add_game(game)
    ~~~~~~~~~~~~~^^^^^^
  File "C:\PycharmProjects\xenia-game-manager\src\db.py", line 1100, in add_game
    con.execute("""
    ~~~~~~~~~~~^^^^
        INSERT INTO gameplay (
        ^^^^^^^^^^^^^^^^^^^^^^
    ...<17 lines>...
        game.play_time,
        ^^^^^^^^^^^^^^^
    ))
    ^^
sqlite3.ProgrammingError: Error binding parameter 1: type 'Platform' is not supported
2026-08-18 02:06:54,436 [ERROR] xenia_manager: Failed to add game: Xbox360Game(game_id='4E4D081C', title='Ace Combat Assault Horizon', platform=<Platform.XBOX360: 'Xbox360'>, config_path=WindowsPath('Emulators/Xenia Canary/config/ACE COMBAT ASSAULT HORIZON.config.toml'), favourite=False, last_played=None, play_count=0, play_time=0, emulator='xenia', emulator_version='Canary', discs=[GameDisc(media_id='3D527684', file_path=WindowsPath('H:/roms/xbox360/Ace Combat - Assault Horizon (Europe) (En,Fr,De,Es,It).zar'), disc_count=1, disc_type='DVD', disc_swap_required=False, disc_number=1, label=None)])
Error: Error binding parameter 1: type 'Platform' is not supported
Traceback (most recent call last):
  File "C:\PycharmProjects\xenia-game-manager\src\db.py", line 1049, in import_games_from_source
    self.add_game(game)
    ~~~~~~~~~~~~~^^^^^^
  File "C:\PycharmProjects\xenia-game-manager\src\db.py", line 1100, in add_game
    con.execute("""
    ~~~~~~~~~~~^^^^
        INSERT INTO gameplay (
        ^^^^^^^^^^^^^^^^^^^^^^
    ...<17 lines>...
        game.play_time,
        ^^^^^^^^^^^^^^^
    ))
    ^^
sqlite3.ProgrammingError: Error binding parameter 1: type 'Platform' is not supported
2026-08-18 02:06:54,439 [ERROR] xenia_manager: Failed to add game: Xbox360Game(game_id='58410A5C', title='Adventures of Shuggy', platform=<Platform.XBOX360: 'Xbox360'>, config_path=WindowsPath('Emulators/Xenia Canary/config/Adventures of Shuggy.config.toml'), favourite=False, last_played=None, play_count=0, play_time=0, emulator='xenia', emulator_version='Canary', discs=[GameDisc(media_id='56A05058', file_path=WindowsPath('F:/xbox360/58410A5C/000D0000/86E8A55A767E0DC40090CFFA1EBCCE9C593E9D9158'), disc_count=1, disc_type='XBLA', disc_swap_required=False, disc_number=1, label=None)])
Error: Error binding parameter 1: type 'Platform' is not supported
Traceback (most recent call last):
  File "C:\PycharmProjects\xenia-game-manager\src\db.py", line 1049, in import_games_from_source
    self.add_game(game)
    ~~~~~~~~~~~~~^^^^^^
  File "C:\PycharmProjects\xenia-game-manager\src\db.py", line 1100, in add_game
    con.execute("""
    ~~~~~~~~~~~^^^^
        INSERT INTO gameplay (
        ^^^^^^^^^^^^^^^^^^^^^^
    ...<17 lines>...
        game.play_time,
        ^^^^^^^^^^^^^^^
    ))
    ^^
sqlite3.ProgrammingError: Error binding parameter 1: type 'Platform' is not supported
2026-08-18 02:06:54,442 [ERROR] xenia_manager: Failed to add game: Xbox360Game(game_id='4E4D07D8', title='Afro Samurai', platform=<Platform.XBOX360: 'Xbox360'>, config_path=WindowsPath('Emulators/Xenia Canary/config/AFRO SAMURAI.config.toml'), favourite=False, last_played=None, play_count=0, play_time=0, emulator='xenia', emulator_version='Canary', discs=[GameDisc(media_id='4EFD55C4', file_path=WindowsPath('H:/roms/xbox360/Afro Samurai (Europe) (En,Fr,Es,It).zar'), disc_count=1, disc_type='DVD', disc_swap_required=False, disc_number=1, label=None)])
Error: Error binding parameter 1: type 'Platform' is not supported
Traceback (most recent call last):
  File "C:\PycharmProjects\xenia-game-manager\src\db.py", line 1049, in import_games_from_source
    self.add_game(game)
    ~~~~~~~~~~~~~^^^^^^
  File "C:\PycharmProjects\xenia-game-manager\src\db.py", line 1100, in add_game
    con.execute("""
    ~~~~~~~~~~~^^^^
        INSERT INTO gameplay (
        ^^^^^^^^^^^^^^^^^^^^^^
    ...<17 lines>...
        game.play_time,
        ^^^^^^^^^^^^^^^
    ))
    ^^
sqlite3.ProgrammingError: Error binding parameter 1: type 'Platform' is not supported
2026-08-18 02:06:54,445 [ERROR] xenia_manager: Failed to add game: Xbox360Game(game_id='58410A06', title='AFTER BURNER CLIMAX', platform=<Platform.XBOX360: 'Xbox360'>, config_path=WindowsPath('Emulators/Xenia Canary/config/AFTER BURNER CLIMAX.config.toml'), favourite=False, last_played=None, play_count=0, play_time=5.780132953333333, emulator='xenia', emulator_version='Canary', discs=[GameDisc(media_id='00000000', file_path=WindowsPath('F:/xbox360/58410A06/000D0000/6840ACC01BAE9B0EBB40F577349428B04B9042A958'), disc_count=1, disc_type='XBLA', disc_swap_required=False, disc_number=1, label=None)])
Error: Error binding parameter 1: type 'Platform' is not supported
Traceback (most recent call last):
  File "C:\PycharmProjects\xenia-game-manager\src\db.py", line 1049, in import_games_from_source
    self.add_game(game)
    ~~~~~~~~~~~~~^^^^^^
  File "C:\PycharmProjects\xenia-game-manager\src\db.py", line 1100, in add_game
    con.execute("""
    ~~~~~~~~~~~^^^^
        INSERT INTO gameplay (
        ^^^^^^^^^^^^^^^^^^^^^^
    ...<17 lines>...
        game.play_time,
        ^^^^^^^^^^^^^^^
    ))
    ^^
sqlite3.ProgrammingError: Error binding parameter 1: type 'Platform' is not supported
2026-08-18 02:06:54,448 [ERROR] xenia_manager: Failed to add game: Xbox360Game(game_id='4B5907E0', title='Air Conflicts - Secret Wars', platform=<Platform.XBOX360: 'Xbox360'>, config_path=WindowsPath('Emulators/Xenia Canary/config/Air Conflicts - Secret Wars.config.toml'), favourite=False, last_played=None, play_count=0, play_time=0, emulator='xenia', emulator_version='Canary', discs=[GameDisc(media_id='0E449390', file_path=WindowsPath('H:/roms/xbox360/Air Conflicts - Secret Wars (USA).iso'), disc_count=1, disc_type='DVD', disc_swap_required=False, disc_number=1, label=None)])
Error: Error binding parameter 1: type 'Platform' is not supported
Traceback (most recent call last):
  File "C:\PycharmProjects\xenia-game-manager\src\db.py", line 1049, in import_games_from_source
    self.add_game(game)
    ~~~~~~~~~~~~~^^^^^^
  File "C:\PycharmProjects\xenia-game-manager\src\db.py", line 1100, in add_game
    con.execute("""
    ~~~~~~~~~~~^^^^
        INSERT INTO gameplay (
        ^^^^^^^^^^^^^^^^^^^^^^
    ...<17 lines>...
        game.play_time,
        ^^^^^^^^^^^^^^^
    ))
    ^^
sqlite3.ProgrammingError: Error binding parameter 1: type 'Platform' is not supported
2026-08-18 02:06:54,451 [ERROR] xenia_manager: Failed to add game: Xbox360Game(game_id='413307D9', title='Air Conflicts - Vietnam (USA, Europe)', platform=<Platform.XBOX360: 'Xbox360'>, config_path=WindowsPath('Emulators/Xenia Canary/config/Air Conflicts - Vietnam (USA, Europe).config.toml'), favourite=False, last_played=None, play_count=0, play_time=0, emulator='xenia', emulator_version='Canary', discs=[GameDisc(media_id='23A274D0', file_path=WindowsPath('H:/roms/xbox360/Air Conflicts - Vietnam (USA, Europe).iso'), disc_count=1, disc_type='DVD', disc_swap_required=False, disc_number=1, label=None)])
Error: Error binding parameter 1: type 'Platform' is not supported
Traceback (most recent call last):
  File "C:\PycharmProjects\xenia-game-manager\src\db.py", line 1049, in import_games_from_source
    self.add_game(game)
    ~~~~~~~~~~~~~^^^^^^
  File "C:\PycharmProjects\xenia-game-manager\src\db.py", line 1100, in add_game
    con.execute("""
    ~~~~~~~~~~~^^^^
        INSERT INTO gameplay (
        ^^^^^^^^^^^^^^^^^^^^^^
    ...<17 lines>...
        game.play_time,
        ^^^^^^^^^^^^^^^
    ))
    ^^
sqlite3.ProgrammingError: Error binding parameter 1: type 'Platform' is not supported
2026-08-18 02:06:54,454 [ERROR] xenia_manager: Failed to add game: Xbox360Game(game_id='413307D6', title='Air Conflicts Pacific Carriers', platform=<Platform.XBOX360: 'Xbox360'>, config_path=WindowsPath('Emulators/Xenia Canary/config/Air Conflicts Pacific Carriers.config.toml'), favourite=False, last_played=None, play_count=0, play_time=0, emulator='xenia', emulator_version='Canary', discs=[GameDisc(media_id='480C18C4', file_path=WindowsPath('H:/roms/xbox360/Air Conflicts - Pacific Carriers (Europe).zar'), disc_count=1, disc_type='DVD', disc_swap_required=False, disc_number=1, label=None)])
Error: Error binding parameter 1: type 'Platform' is not supported
Traceback (most recent call last):
  File "C:\PycharmProjects\xenia-game-manager\src\db.py", line 1049, in import_games_from_source
    self.add_game(game)
    ~~~~~~~~~~~~~^^^^^^
  File "C:\PycharmProjects\xenia-game-manager\src\db.py", line 1100, in add_game
    con.execute("""
    ~~~~~~~~~~~^^^^
        INSERT INTO gameplay (
        ^^^^^^^^^^^^^^^^^^^^^^
    ...<17 lines>...
        game.play_time,
        ^^^^^^^^^^^^^^^
    ))
    ^^
sqlite3.ProgrammingError: Error binding parameter 1: type 'Platform' is not supported
2026-08-18 02:06:54,457 [ERROR] xenia_manager: Failed to add game: Xbox360Game(game_id='4D530805', title='Alan Wake', platform=<Platform.XBOX360: 'Xbox360'>, config_path=WindowsPath('Emulators/Xenia Canary/config/Alan Wake.config.toml'), favourite=False, last_played=None, play_count=0, play_time=502.73606158999996, emulator='xenia', emulator_version='Canary', discs=[GameDisc(media_id='54E34DF4', file_path=WindowsPath('H:/roms/xbox360/Alan Wake (World) (En,Ja,Fr,De,Es,It,Zh,Ko,Pl,Ru).zar'), disc_count=1, disc_type='DVD', disc_swap_required=False, disc_number=1, label=None)])
Error: Error binding parameter 1: type 'Platform' is not supported
Traceback (most recent call last):
  File "C:\PycharmProjects\xenia-game-manager\src\db.py", line 1049, in import_games_from_source
    self.add_game(game)
    ~~~~~~~~~~~~~^^^^^^
  File "C:\PycharmProjects\xenia-game-manager\src\db.py", line 1100, in add_game
    con.execute("""
    ~~~~~~~~~~~^^^^
        INSERT INTO gameplay (
        ^^^^^^^^^^^^^^^^^^^^^^
    ...<17 lines>...
        game.play_time,
        ^^^^^^^^^^^^^^^
    ))
    ^^
sqlite3.ProgrammingError: Error binding parameter 1: type 'Platform' is not supported
2026-08-18 02:06:54,460 [ERROR] xenia_manager: Failed to add game: Xbox360Game(game_id='58411233', title='Alan Wakes American Nightmare', platform=<Platform.XBOX360: 'Xbox360'>, config_path=WindowsPath('Emulators/Xenia Canary/config/Alan Wakes American Nightmare.config.toml'), favourite=False, last_played=None, play_count=0, play_time=2.0467618316666667, emulator='xenia', emulator_version='Canary', discs=[GameDisc(media_id='78B89007', file_path=WindowsPath('D:/roms/xbox360/58411233/000D0000/10B9122134DE13D8B85827EBC29CBB6396E314BC58'), disc_count=1, disc_type='XBLA', disc_swap_required=False, disc_number=1, label=None)])
Error: Error binding parameter 1: type 'Platform' is not supported
Traceback (most recent call last):
  File "C:\PycharmProjects\xenia-game-manager\src\db.py", line 1049, in import_games_from_source
    self.add_game(game)
    ~~~~~~~~~~~~~^^^^^^
  File "C:\PycharmProjects\xenia-game-manager\src\db.py", line 1100, in add_game
    con.execute("""
    ~~~~~~~~~~~^^^^
        INSERT INTO gameplay (
        ^^^^^^^^^^^^^^^^^^^^^^
    ...<17 lines>...
        game.play_time,
        ^^^^^^^^^^^^^^^
    ))
    ^^
sqlite3.ProgrammingError: Error binding parameter 1: type 'Platform' is not supported
2026-08-18 02:06:54,463 [ERROR] xenia_manager: Failed to add game: Xbox360Game(game_id='45410916', title='Alice Madness Returns', platform=<Platform.XBOX360: 'Xbox360'>, config_path=WindowsPath('Emulators/Xenia Canary/config/Alice Madness Returns.config.toml'), favourite=False, last_played=None, play_count=0, play_time=0, emulator='xenia', emulator_version='Canary', discs=[GameDisc(media_id='31C4B45C', file_path=WindowsPath('H:/roms/xbox360/Alice - Madness Returns (USA, Europe) (En,Fr,De,Es,It).zar'), disc_count=1, disc_type='DVD', disc_swap_required=False, disc_number=1, label=None)])
Error: Error binding parameter 1: type 'Platform' is not supported
Traceback (most recent call last):
  File "C:\PycharmProjects\xenia-game-manager\src\db.py", line 1049, in import_games_from_source
    self.add_game(game)
    ~~~~~~~~~~~~~^^^^^^
  File "C:\PycharmProjects\xenia-game-manager\src\db.py", line 1100, in add_game
    con.execute("""
    ~~~~~~~~~~~^^^^
        INSERT INTO gameplay (
        ^^^^^^^^^^^^^^^^^^^^^^
    ...<17 lines>...
        game.play_time,
        ^^^^^^^^^^^^^^^
    ))
    ^^
sqlite3.ProgrammingError: Error binding parameter 1: type 'Platform' is not supported
2026-08-18 02:06:54,466 [ERROR] xenia_manager: Failed to add game: Xbox360Game(game_id='5345085E', title='Alien - Isolation (Disc 1) (Installation Disc)', platform=<Platform.XBOX360: 'Xbox360'>, config_path=WindowsPath('Emulators/Xenia Canary/config/Alien - Isolation (Disc 1) (Installation Disc).config.toml'), favourite=False, last_played=None, play_count=0, play_time=2.56893993, emulator='xenia', emulator_version='Canary', discs=[GameDisc(media_id='6C4728D7', file_path=WindowsPath('H:/roms/xbox360/Alien - Isolation (USA, Europe) (En,Fr,De,Es,It,Pt,Pl,Ru) (Disc 1) (Installation Disc).iso'), disc_count=1, disc_type='DVD', disc_swap_required=False, disc_number=1, label=None)])
Error: Error binding parameter 1: type 'Platform' is not supported
Traceback (most recent call last):
  File "C:\PycharmProjects\xenia-game-manager\src\db.py", line 1049, in import_games_from_source
    self.add_game(game)
    ~~~~~~~~~~~~~^^^^^^
  File "C:\PycharmProjects\xenia-game-manager\src\db.py", line 1100, in add_game
    con.execute("""
    ~~~~~~~~~~~^^^^
        INSERT INTO gameplay (
        ^^^^^^^^^^^^^^^^^^^^^^
    ...<17 lines>...
        game.play_time,
        ^^^^^^^^^^^^^^^
    ))
    ^^
sqlite3.ProgrammingError: Error binding parameter 1: type 'Platform' is not supported
2026-08-18 02:06:54,470 [ERROR] xenia_manager: Failed to add game: Xbox360Game(game_id='58410A22', title='Alien Breed 2 Assault', platform=<Platform.XBOX360: 'Xbox360'>, config_path=WindowsPath('Emulators/Xenia Canary/config/Alien Breed 2 Assault.config.toml'), favourite=False, last_played=None, play_count=0, play_time=2.7776933816666665, emulator='xenia', emulator_version='Canary', discs=[GameDisc(media_id='04AF61CE', file_path=WindowsPath('D:/roms/xbox360/58410A22/000D0000/58410A2200000000'), disc_count=1, disc_type='XBLA', disc_swap_required=False, disc_number=1, label=None)])
Error: Error binding parameter 1: type 'Platform' is not supported
Traceback (most recent call last):
  File "C:\PycharmProjects\xenia-game-manager\src\db.py", line 1049, in import_games_from_source
    self.add_game(game)
    ~~~~~~~~~~~~~^^^^^^
  File "C:\PycharmProjects\xenia-game-manager\src\db.py", line 1100, in add_game
    con.execute("""
    ~~~~~~~~~~~^^^^
        INSERT INTO gameplay (
        ^^^^^^^^^^^^^^^^^^^^^^
    ...<17 lines>...
        game.play_time,
        ^^^^^^^^^^^^^^^
    ))
    ^^
sqlite3.ProgrammingError: Error binding parameter 1: type 'Platform' is not supported
2026-08-18 02:06:54,473 [ERROR] xenia_manager: Failed to add game: Xbox360Game(game_id='58410AA3', title='Alien Breed 3 Descent', platform=<Platform.XBOX360: 'Xbox360'>, config_path=WindowsPath('Emulators/Xenia Canary/config/Alien Breed 3 Descent.config.toml'), favourite=False, last_played=None, play_count=0, play_time=55.658868389999995, emulator='xenia', emulator_version='Canary', discs=[GameDisc(media_id='5E632CAC', file_path=WindowsPath('D:/roms/xbox360/58410AA3/000D0000/58410AA300000000'), disc_count=1, disc_type='XBLA', disc_swap_required=False, disc_number=1, label=None)])
Error: Error binding parameter 1: type 'Platform' is not supported
Traceback (most recent call last):
  File "C:\PycharmProjects\xenia-game-manager\src\db.py", line 1049, in import_games_from_source
    self.add_game(game)
    ~~~~~~~~~~~~~^^^^^^
  File "C:\PycharmProjects\xenia-game-manager\src\db.py", line 1100, in add_game
    con.execute("""
    ~~~~~~~~~~~^^^^
        INSERT INTO gameplay (
        ^^^^^^^^^^^^^^^^^^^^^^
    ...<17 lines>...
        game.play_time,
        ^^^^^^^^^^^^^^^
    ))
    ^^
sqlite3.ProgrammingError: Error binding parameter 1: type 'Platform' is not supported
2026-08-18 02:06:54,476 [ERROR] xenia_manager: Failed to add game: Xbox360Game(game_id='58410964', title='Alien Breed Episode 1', platform=<Platform.XBOX360: 'Xbox360'>, config_path=WindowsPath('Emulators/Xenia Canary/config/Alien Breed Episode 1.config.toml'), favourite=False, last_played=None, play_count=0, play_time=86.33035835166666, emulator='xenia', emulator_version='Canary', discs=[GameDisc(media_id='4004D622', file_path=WindowsPath('D:/roms/xbox360/58410964/000D0000/083833CC99CEE294786FBDFE8E89ACFE48C3B44B58'), disc_count=1, disc_type='XBLA', disc_swap_required=False, disc_number=1, label=None)])
Error: Error binding parameter 1: type 'Platform' is not supported
Traceback (most recent call last):
  File "C:\PycharmProjects\xenia-game-manager\src\db.py", line 1049, in import_games_from_source
    self.add_game(game)
    ~~~~~~~~~~~~~^^^^^^
  File "C:\PycharmProjects\xenia-game-manager\src\db.py", line 1100, in add_game
    con.execute("""
    ~~~~~~~~~~~^^^^
        INSERT INTO gameplay (
        ^^^^^^^^^^^^^^^^^^^^^^
    ...<17 lines>...
        game.play_time,
        ^^^^^^^^^^^^^^^
    ))
    ^^
sqlite3.ProgrammingError: Error binding parameter 1: type 'Platform' is not supported
2026-08-18 02:06:54,479 [ERROR] xenia_manager: Failed to add game: Xbox360Game(game_id='5345082A', title='Aliens vs Predator', platform=<Platform.XBOX360: 'Xbox360'>, config_path=WindowsPath('Emulators/Xenia Canary/config/Aliens vs Predator.config.toml'), favourite=False, last_played=None, play_count=0, play_time=6.910634333333333, emulator='xenia', emulator_version='Canary', discs=[GameDisc(media_id='5C19C70F', file_path=WindowsPath('H:/roms/xbox360/Aliens vs. Predator (USA, Europe) (En,Fr,De,Es,It).iso'), disc_count=1, disc_type='DVD', disc_swap_required=False, disc_number=1, label=None)])
Error: Error binding parameter 1: type 'Platform' is not supported
Traceback (most recent call last):
  File "C:\PycharmProjects\xenia-game-manager\src\db.py", line 1049, in import_games_from_source
    self.add_game(game)
    ~~~~~~~~~~~~~^^^^^^
  File "C:\PycharmProjects\xenia-game-manager\src\db.py", line 1100, in add_game
    con.execute("""
    ~~~~~~~~~~~^^^^
        INSERT INTO gameplay (
        ^^^^^^^^^^^^^^^^^^^^^^
    ...<17 lines>...
        game.play_time,
        ^^^^^^^^^^^^^^^
    ))
    ^^
sqlite3.ProgrammingError: Error binding parameter 1: type 'Platform' is not supported
2026-08-18 02:06:54,482 [ERROR] xenia_manager: Failed to add game: Xbox360Game(game_id='5841095E', title='Ancients of Ooga', platform=<Platform.XBOX360: 'Xbox360'>, config_path=WindowsPath('Emulators/Xenia Canary/config/Ancients of Ooga.config.toml'), favourite=False, last_played=None, play_count=0, play_time=0, emulator='xenia', emulator_version='Canary', discs=[GameDisc(media_id='00000000', file_path=WindowsPath('D:/roms/xbox360/5841095E/000D0000/F4CDF5AAEC321884B39C59A778CF959ECCC45F8158'), disc_count=1, disc_type='XBLA', disc_swap_required=False, disc_number=1, label=None)])
Error: Error binding parameter 1: type 'Platform' is not supported
Traceback (most recent call last):
  File "C:\PycharmProjects\xenia-game-manager\src\db.py", line 1049, in import_games_from_source
    self.add_game(game)
    ~~~~~~~~~~~~~^^^^^^
  File "C:\PycharmProjects\xenia-game-manager\src\db.py", line 1100, in add_game
    con.execute("""
    ~~~~~~~~~~~^^^^
        INSERT INTO gameplay (
        ^^^^^^^^^^^^^^^^^^^^^^
    ...<17 lines>...
        game.play_time,
        ^^^^^^^^^^^^^^^
    ))
    ^^
sqlite3.ProgrammingError: Error binding parameter 1: type 'Platform' is not supported
2026-08-18 02:06:54,546 [ERROR] xenia_manager: Failed to add game: Xbox360Game(game_id='4156088B', title='Apache Air Assault', platform=<Platform.XBOX360: 'Xbox360'>, config_path=WindowsPath('Emulators/Xenia Canary/config/Apache Air Assault.config.toml'), favourite=False, last_played=None, play_count=0, play_time=10.553822716666666, emulator='xenia', emulator_version='Canary', discs=[GameDisc(media_id='089FC7A8', file_path=WindowsPath('H:/roms/xbox360/Apache - Air Assault (USA, Europe) (En,Fr,De,Es).iso'), disc_count=1, disc_type='DVD', disc_swap_required=False, disc_number=1, label=None)])
Error: Error binding parameter 1: type 'Platform' is not supported
Traceback (most recent call last):
  File "C:\PycharmProjects\xenia-game-manager\src\db.py", line 1049, in import_games_from_source
    self.add_game(game)
    ~~~~~~~~~~~~~^^^^^^
  File "C:\PycharmProjects\xenia-game-manager\src\db.py", line 1100, in add_game
    con.execute("""
    ~~~~~~~~~~~^^^^
        INSERT INTO gameplay (
        ^^^^^^^^^^^^^^^^^^^^^^
    ...<17 lines>...
        game.play_time,
        ^^^^^^^^^^^^^^^
    ))
    ^^
sqlite3.ProgrammingError: Error binding parameter 1: type 'Platform' is not supported
2026-08-18 02:06:54,550 [ERROR] xenia_manager: Failed to add game: Xbox360Game(game_id='58410991', title='ARKANOID Live', platform=<Platform.XBOX360: 'Xbox360'>, config_path=WindowsPath('Emulators/Xenia Canary/config/ARKANOID Live.config.toml'), favourite=False, last_played=None, play_count=0, play_time=0, emulator='xenia', emulator_version='Canary', discs=[GameDisc(media_id='3925C7A2', file_path=WindowsPath('D:/roms/xbox360/58410991/000D0000/542D23E02A6FD65DDB7767A07A151353F0DFFDE858'), disc_count=1, disc_type='XBLA', disc_swap_required=False, disc_number=1, label=None)])
Error: Error binding parameter 1: type 'Platform' is not supported
Traceback (most recent call last):
  File "C:\PycharmProjects\xenia-game-manager\src\db.py", line 1049, in import_games_from_source
    self.add_game(game)
    ~~~~~~~~~~~~~^^^^^^
  File "C:\PycharmProjects\xenia-game-manager\src\db.py", line 1100, in add_game
    con.execute("""
    ~~~~~~~~~~~^^^^
        INSERT INTO gameplay (
        ^^^^^^^^^^^^^^^^^^^^^^
    ...<17 lines>...
        game.play_time,
        ^^^^^^^^^^^^^^^
    ))
    ^^
sqlite3.ProgrammingError: Error binding parameter 1: type 'Platform' is not supported
2026-08-18 02:06:54,554 [ERROR] xenia_manager: Failed to add game: Xbox360Game(game_id='5553085D', title="Assassin's Creed - Brotherhood", platform=<Platform.XBOX360: 'Xbox360'>, config_path=WindowsPath("Emulators/Xenia Canary/config/Assassin's Creed - Brotherhood.config.toml"), favourite=False, last_played=None, play_count=0, play_time=45.47870752333333, emulator='xenia', emulator_version='Canary', discs=[GameDisc(media_id='6D88AE4F', file_path=WindowsPath("H:/roms/xbox360/Assassin's Creed - Brotherhood (USA, Europe) (En,Fr,De,Es,It,Nl,Pt,Sv,No,Da).iso"), disc_count=1, disc_type='DVD', disc_swap_required=False, disc_number=1, label=None)])
Error: Error binding parameter 1: type 'Platform' is not supported
Traceback (most recent call last):
  File "C:\PycharmProjects\xenia-game-manager\src\db.py", line 1049, in import_games_from_source
    self.add_game(game)
    ~~~~~~~~~~~~~^^^^^^
  File "C:\PycharmProjects\xenia-game-manager\src\db.py", line 1100, in add_game
    con.execute("""
    ~~~~~~~~~~~^^^^
        INSERT INTO gameplay (
        ^^^^^^^^^^^^^^^^^^^^^^
    ...<17 lines>...
        game.play_time,
        ^^^^^^^^^^^^^^^
    ))
    ^^
sqlite3.ProgrammingError: Error binding parameter 1: type 'Platform' is not supported
2026-08-18 02:06:54,557 [ERROR] xenia_manager: Failed to add game: Xbox360Game(game_id='584113FC', title='Assassins Creed III Liberation HD', platform=<Platform.XBOX360: 'Xbox360'>, config_path=WindowsPath('Emulators/Xenia Canary/config/Assassins Creed III Liberation HD.config.toml'), favourite=False, last_played=None, play_count=0, play_time=0, emulator='xenia', emulator_version='Canary', discs=[GameDisc(media_id='15859738', file_path=WindowsPath('D:/roms/xbox360/584113FC/000D0000/F6C1A31CC8D967315ECC5DD93D965252552CFDA858'), disc_count=1, disc_type='XBLA', disc_swap_required=False, disc_number=1, label=None)])
Error: Error binding parameter 1: type 'Platform' is not supported
Traceback (most recent call last):
  File "C:\PycharmProjects\xenia-game-manager\src\db.py", line 1049, in import_games_from_source
    self.add_game(game)
    ~~~~~~~~~~~~~^^^^^^
  File "C:\PycharmProjects\xenia-game-manager\src\db.py", line 1100, in add_game
    con.execute("""
    ~~~~~~~~~~~^^^^
        INSERT INTO gameplay (
        ^^^^^^^^^^^^^^^^^^^^^^
    ...<17 lines>...
        game.play_time,
        ^^^^^^^^^^^^^^^
    ))
    ^^
sqlite3.ProgrammingError: Error binding parameter 1: type 'Platform' is not supported
2026-08-18 02:06:54,560 [ERROR] xenia_manager: Failed to add game: Xbox360Game(game_id='5841084E', title='Asteroids & Asteroids Deluxe', platform=<Platform.XBOX360: 'Xbox360'>, config_path=WindowsPath('Emulators/Xenia Canary/config/Asteroids & Asteroids Deluxe.config.toml'), favourite=False, last_played=None, play_count=0, play_time=0, emulator='xenia', emulator_version='Canary', discs=[GameDisc(media_id='0C7DEB7B', file_path=WindowsPath('D:/roms/xbox360/5841084E/000D0000/CD3859AD0DA2CCA597B4C7883E0CF1EE1855BE2558'), disc_count=1, disc_type='XBLA', disc_swap_required=False, disc_number=3859, label=None)])
Error: Error binding parameter 1: type 'Platform' is not supported
Traceback (most recent call last):
  File "C:\PycharmProjects\xenia-game-manager\src\db.py", line 1049, in import_games_from_source
    self.add_game(game)
    ~~~~~~~~~~~~~^^^^^^
  File "C:\PycharmProjects\xenia-game-manager\src\db.py", line 1100, in add_game
    con.execute("""
    ~~~~~~~~~~~^^^^
        INSERT INTO gameplay (
        ^^^^^^^^^^^^^^^^^^^^^^
    ...<17 lines>...
        game.play_time,
        ^^^^^^^^^^^^^^^
    ))
    ^^
sqlite3.ProgrammingError: Error binding parameter 1: type 'Platform' is not supported
2026-08-18 02:06:54,563 [ERROR] xenia_manager: Failed to add game: Xbox360Game(game_id='5841084E', title='Asteroids & Asteroids Deluxe (1)', platform=<Platform.XBOX360: 'Xbox360'>, config_path=WindowsPath('Emulators/Xenia Canary/config/Asteroids & Asteroids Deluxe (1).config.toml'), favourite=False, last_played=None, play_count=0, play_time=0, emulator='xenia', emulator_version='Canary', discs=[GameDisc(media_id='0C7DEB7B', file_path=WindowsPath('F:/xbox360/5841084E/000D0000/CD3859AD0DA2CCA597B4C7883E0CF1EE1855BE2558'), disc_count=1, disc_type='XBLA', disc_swap_required=False, disc_number=3859, label=None)])
Error: Error binding parameter 1: type 'Platform' is not supported
Traceback (most recent call last):
  File "C:\PycharmProjects\xenia-game-manager\src\db.py", line 1049, in import_games_from_source
    self.add_game(game)
    ~~~~~~~~~~~~~^^^^^^
  File "C:\PycharmProjects\xenia-game-manager\src\db.py", line 1100, in add_game
    con.execute("""
    ~~~~~~~~~~~^^^^
        INSERT INTO gameplay (
        ^^^^^^^^^^^^^^^^^^^^^^
    ...<17 lines>...
        game.play_time,
        ^^^^^^^^^^^^^^^
    ))
    ^^
sqlite3.ProgrammingError: Error binding parameter 1: type 'Platform' is not supported
2026-08-18 02:06:54,566 [ERROR] xenia_manager: Failed to add game: Xbox360Game(game_id='58410954', title='Banjo-Kazooie (1)', platform=<Platform.XBOX360: 'Xbox360'>, config_path=WindowsPath('Emulators/Xenia Canary/config/Banjo-Kazooie (1).config.toml'), favourite=False, last_played=None, play_count=0, play_time=0, emulator='xenia', emulator_version='Canary', discs=[GameDisc(media_id='69C685B7', file_path=WindowsPath('D:/roms/xbox360/58410954/000D0000/DA78E477AA5E31A7D01AE8F84109FD4BF89E49E858'), disc_count=1, disc_type='XBLA', disc_swap_required=False, disc_number=1, label=None)])
Error: Error binding parameter 1: type 'Platform' is not supported
Traceback (most recent call last):
  File "C:\PycharmProjects\xenia-game-manager\src\db.py", line 1049, in import_games_from_source
    self.add_game(game)
    ~~~~~~~~~~~~~^^^^^^
  File "C:\PycharmProjects\xenia-game-manager\src\db.py", line 1100, in add_game
    con.execute("""
    ~~~~~~~~~~~^^^^
        INSERT INTO gameplay (
        ^^^^^^^^^^^^^^^^^^^^^^
    ...<17 lines>...
        game.play_time,
        ^^^^^^^^^^^^^^^
    ))
    ^^
sqlite3.ProgrammingError: Error binding parameter 1: type 'Platform' is not supported
2026-08-18 02:06:54,570 [ERROR] xenia_manager: Failed to add game: Xbox360Game(game_id='58410955', title='Banjo-Tooie (1)', platform=<Platform.XBOX360: 'Xbox360'>, config_path=WindowsPath('Emulators/Xenia Canary/config/Banjo-Tooie (1).config.toml'), favourite=False, last_played=None, play_count=0, play_time=0, emulator='xenia', emulator_version='Canary', discs=[GameDisc(media_id='65D27094', file_path=WindowsPath('D:/roms/xbox360/58410955/000D0000/ABB9CAB336175357D09F2D922735D23C62F90DDD58'), disc_count=1, disc_type='XBLA', disc_swap_required=False, disc_number=1, label=None)])
Error: Error binding parameter 1: type 'Platform' is not supported
Traceback (most recent call last):
  File "C:\PycharmProjects\xenia-game-manager\src\db.py", line 1049, in import_games_from_source
    self.add_game(game)
    ~~~~~~~~~~~~~^^^^^^
  File "C:\PycharmProjects\xenia-game-manager\src\db.py", line 1100, in add_game
    con.execute("""
    ~~~~~~~~~~~^^^^
        INSERT INTO gameplay (
        ^^^^^^^^^^^^^^^^^^^^^^
    ...<17 lines>...
        game.play_time,
        ^^^^^^^^^^^^^^^
    ))
    ^^
sqlite3.ProgrammingError: Error binding parameter 1: type 'Platform' is not supported
2026-08-18 02:06:54,573 [ERROR] xenia_manager: Failed to add game: Xbox360Game(game_id='584114BB', title='Batman The Telltale Series', platform=<Platform.XBOX360: 'Xbox360'>, config_path=WindowsPath('Emulators/Xenia Canary/config/Batman The Telltale Series.config.toml'), favourite=False, last_played=None, play_count=0, play_time=98.42764267333334, emulator='xenia', emulator_version='Canary', discs=[GameDisc(media_id='325C9464', file_path=WindowsPath('D:/roms/xbox360/584114BB/000D0000/B8BF6DC2B347E7E7D6FAC59A0620BBBB61457E6358'), disc_count=1, disc_type='XBLA', disc_swap_required=False, disc_number=1, label=None)])
Error: Error binding parameter 1: type 'Platform' is not supported
Traceback (most recent call last):
  File "C:\PycharmProjects\xenia-game-manager\src\db.py", line 1049, in import_games_from_source
    self.add_game(game)
    ~~~~~~~~~~~~~^^^^^^
  File "C:\PycharmProjects\xenia-game-manager\src\db.py", line 1100, in add_game
    con.execute("""
    ~~~~~~~~~~~^^^^
        INSERT INTO gameplay (
        ^^^^^^^^^^^^^^^^^^^^^^
    ...<17 lines>...
        game.play_time,
        ^^^^^^^^^^^^^^^
    ))
    ^^
sqlite3.ProgrammingError: Error binding parameter 1: type 'Platform' is not supported
2026-08-18 02:06:54,576 [ERROR] xenia_manager: Failed to add game: Xbox360Game(game_id='454108A8', title='Battlefield Bad Company 2', platform=<Platform.XBOX360: 'Xbox360'>, config_path=WindowsPath('Emulators/Xenia Canary/config/Battlefield Bad Company 2.config.toml'), favourite=False, last_played=None, play_count=0, play_time=0, emulator='xenia', emulator_version='Canary', discs=[GameDisc(media_id='30C4C914', file_path=WindowsPath('H:/roms/xbox360/Battlefield - Bad Company 2 (Europe) (En,Fr,De,Es,It,Pl,Ru) (Limited Edition).iso'), disc_count=1, disc_type='DVD', disc_swap_required=False, disc_number=1, label=None)])
Error: Error binding parameter 1: type 'Platform' is not supported
Traceback (most recent call last):
  File "C:\PycharmProjects\xenia-game-manager\src\db.py", line 1049, in import_games_from_source
    self.add_game(game)
    ~~~~~~~~~~~~~^^^^^^
  File "C:\PycharmProjects\xenia-game-manager\src\db.py", line 1100, in add_game
    con.execute("""
    ~~~~~~~~~~~^^^^
        INSERT INTO gameplay (
        ^^^^^^^^^^^^^^^^^^^^^^
    ...<17 lines>...
        game.play_time,
        ^^^^^^^^^^^^^^^
    ))
    ^^
sqlite3.ProgrammingError: Error binding parameter 1: type 'Platform' is not supported
2026-08-18 02:06:54,580 [ERROR] xenia_manager: Failed to add game: Xbox360Game(game_id='4D5307DF', title='Blue Dragon', platform=<Platform.XBOX360: 'Xbox360'>, config_path=WindowsPath('Emulators/Xenia Canary/config/Blue Dragon (Disc 1).config.toml'), favourite=False, last_played=None, play_count=0, play_time=94.60313032833334, emulator='xenia', emulator_version='Canary', discs=[GameDisc(media_id='2C1379F7', file_path=WindowsPath('H:/roms/xbox360/Blue Dragon (Europe) (En,De,Es) (Disc 1).iso'), disc_count=1, disc_type='DVD', disc_swap_required=False, disc_number=1, label=None)])
Error: Error binding parameter 1: type 'Platform' is not supported
Traceback (most recent call last):
  File "C:\PycharmProjects\xenia-game-manager\src\db.py", line 1049, in import_games_from_source
    self.add_game(game)
    ~~~~~~~~~~~~~^^^^^^
  File "C:\PycharmProjects\xenia-game-manager\src\db.py", line 1100, in add_game
    con.execute("""
    ~~~~~~~~~~~^^^^
        INSERT INTO gameplay (
        ^^^^^^^^^^^^^^^^^^^^^^
    ...<17 lines>...
        game.play_time,
        ^^^^^^^^^^^^^^^
    ))
    ^^
sqlite3.ProgrammingError: Error binding parameter 1: type 'Platform' is not supported
2026-08-18 02:06:54,587 [ERROR] xenia_manager: Failed to add game: Xbox360Game(game_id='4D5307DF', title='Blue Dragon', platform=<Platform.XBOX360: 'Xbox360'>, config_path=WindowsPath('Emulators/Xenia Canary/config/Blue Dragon (Disc 2).config.toml'), favourite=False, last_played=None, play_count=0, play_time=0, emulator='xenia', emulator_version='Canary', discs=[GameDisc(media_id='40ED67A4', file_path=WindowsPath('H:/roms/xbox360/Blue Dragon (Europe) (En,De,Es) (Disc 2).iso'), disc_count=1, disc_type='DVD', disc_swap_required=False, disc_number=2, label=None)])
Error: Error binding parameter 1: type 'Platform' is not supported
Traceback (most recent call last):
  File "C:\PycharmProjects\xenia-game-manager\src\db.py", line 1049, in import_games_from_source
    self.add_game(game)
    ~~~~~~~~~~~~~^^^^^^
  File "C:\PycharmProjects\xenia-game-manager\src\db.py", line 1100, in add_game
    con.execute("""
    ~~~~~~~~~~~^^^^
        INSERT INTO gameplay (
        ^^^^^^^^^^^^^^^^^^^^^^
    ...<17 lines>...
        game.play_time,
        ^^^^^^^^^^^^^^^
    ))
    ^^
sqlite3.ProgrammingError: Error binding parameter 1: type 'Platform' is not supported
2026-08-18 02:06:54,590 [ERROR] xenia_manager: Failed to add game: Xbox360Game(game_id='4D5307DF', title='Blue Dragon', platform=<Platform.XBOX360: 'Xbox360'>, config_path=WindowsPath('Emulators/Xenia Canary/config/Blue Dragon (Disc 3).config.toml'), favourite=False, last_played=None, play_count=0, play_time=0, emulator='xenia', emulator_version='Canary', discs=[GameDisc(media_id='15FBA864', file_path=WindowsPath('H:/roms/xbox360/Blue Dragon (Europe) (En,De,Es) (Disc 3).iso'), disc_count=1, disc_type='DVD', disc_swap_required=False, disc_number=3, label=None)])
Error: Error binding parameter 1: type 'Platform' is not supported
Traceback (most recent call last):
  File "C:\PycharmProjects\xenia-game-manager\src\db.py", line 1049, in import_games_from_source
    self.add_game(game)
    ~~~~~~~~~~~~~^^^^^^
  File "C:\PycharmProjects\xenia-game-manager\src\db.py", line 1100, in add_game
    con.execute("""
    ~~~~~~~~~~~^^^^
        INSERT INTO gameplay (
        ^^^^^^^^^^^^^^^^^^^^^^
    ...<17 lines>...
        game.play_time,
        ^^^^^^^^^^^^^^^
    ))
    ^^
sqlite3.ProgrammingError: Error binding parameter 1: type 'Platform' is not supported
2026-08-18 02:06:54,593 [ERROR] xenia_manager: Failed to add game: Xbox360Game(game_id='58410AF1', title='Boulder Dash-XL', platform=<Platform.XBOX360: 'Xbox360'>, config_path=WindowsPath('Emulators/Xenia Canary/config/Boulder Dash-XL.config.toml'), favourite=False, last_played=None, play_count=0, play_time=6.253909883333334, emulator='xenia', emulator_version='Canary', discs=[GameDisc(media_id='7420D77C', file_path=WindowsPath('D:/roms/xbox360/58410AF1/000D0000/F315723EF5C4D9A1696C3C35CE25C055DF6780FE58'), disc_count=1, disc_type='XBLA', disc_swap_required=False, disc_number=1, label=None)])
Error: Error binding parameter 1: type 'Platform' is not supported
Traceback (most recent call last):
  File "C:\PycharmProjects\xenia-game-manager\src\db.py", line 1049, in import_games_from_source
    self.add_game(game)
    ~~~~~~~~~~~~~^^^^^^
  File "C:\PycharmProjects\xenia-game-manager\src\db.py", line 1100, in add_game
    con.execute("""
    ~~~~~~~~~~~^^^^
        INSERT INTO gameplay (
        ^^^^^^^^^^^^^^^^^^^^^^
    ...<17 lines>...
        game.play_time,
        ^^^^^^^^^^^^^^^
    ))
    ^^
sqlite3.ProgrammingError: Error binding parameter 1: type 'Platform' is not supported
2026-08-18 02:06:54,597 [ERROR] xenia_manager: Failed to add game: Xbox360Game(game_id='584109B0', title='BUBBLE BOBBLE Neo', platform=<Platform.XBOX360: 'Xbox360'>, config_path=WindowsPath('Emulators/Xenia Canary/config/BUBBLE BOBBLE Neo.config.toml'), favourite=False, last_played=None, play_count=0, play_time=6.211548793333334, emulator='xenia', emulator_version='Canary', discs=[GameDisc(media_id='1376D30C', file_path=WindowsPath('D:/roms/xbox360/584109B0/000D0000/CF084D62A08FC7BF491F9D52DD49367522D9B79758'), disc_count=1, disc_type='XBLA', disc_swap_required=False, disc_number=1, label=None)])
Error: Error binding parameter 1: type 'Platform' is not supported
Traceback (most recent call last):
  File "C:\PycharmProjects\xenia-game-manager\src\db.py", line 1049, in import_games_from_source
    self.add_game(game)
    ~~~~~~~~~~~~~^^^^^^
  File "C:\PycharmProjects\xenia-game-manager\src\db.py", line 1100, in add_game
    con.execute("""
    ~~~~~~~~~~~^^^^
        INSERT INTO gameplay (
        ^^^^^^^^^^^^^^^^^^^^^^
    ...<17 lines>...
        game.play_time,
        ^^^^^^^^^^^^^^^
    ))
    ^^
sqlite3.ProgrammingError: Error binding parameter 1: type 'Platform' is not supported
2026-08-18 02:06:54,600 [ERROR] xenia_manager: Failed to add game: Xbox360Game(game_id='454108EF', title='Bulletstorm', platform=<Platform.XBOX360: 'Xbox360'>, config_path=WindowsPath('Emulators/Xenia Canary/config/Bulletstorm.config.toml'), favourite=False, last_played=None, play_count=0, play_time=0, emulator='xenia', emulator_version='Canary', discs=[GameDisc(media_id='1D93E609', file_path=WindowsPath('H:/roms/xbox360/Bulletstorm (USA, Europe) (En,Fr,De,Es,It,Pl,Ru).iso'), disc_count=1, disc_type='DVD', disc_swap_required=False, disc_number=1, label=None)])
Error: Error binding parameter 1: type 'Platform' is not supported
Traceback (most recent call last):
  File "C:\PycharmProjects\xenia-game-manager\src\db.py", line 1049, in import_games_from_source
    self.add_game(game)
    ~~~~~~~~~~~~~^^^^^^
  File "C:\PycharmProjects\xenia-game-manager\src\db.py", line 1100, in add_game
    con.execute("""
    ~~~~~~~~~~~^^^^
        INSERT INTO gameplay (
        ^^^^^^^^^^^^^^^^^^^^^^
    ...<17 lines>...
        game.play_time,
        ^^^^^^^^^^^^^^^
    ))
    ^^
sqlite3.ProgrammingError: Error binding parameter 1: type 'Platform' is not supported
2026-08-18 02:06:54,603 [ERROR] xenia_manager: Failed to add game: Xbox360Game(game_id='58410B90', title='BurgerTime World Tour', platform=<Platform.XBOX360: 'Xbox360'>, config_path=WindowsPath('Emulators/Xenia Canary/config/BurgerTime World Tour.config.toml'), favourite=False, last_played=None, play_count=0, play_time=0, emulator='xenia', emulator_version='Canary', discs=[GameDisc(media_id='7050A861', file_path=WindowsPath('D:/roms/xbox360/58410B90/000D0000/77D836DC3DFB9EACE58412957AF836760E9A682C58'), disc_count=1, disc_type='XBLA', disc_swap_required=False, disc_number=1, label=None)])
Error: Error binding parameter 1: type 'Platform' is not supported
Traceback (most recent call last):
  File "C:\PycharmProjects\xenia-game-manager\src\db.py", line 1049, in import_games_from_source
    self.add_game(game)
    ~~~~~~~~~~~~~^^^^^^
  File "C:\PycharmProjects\xenia-game-manager\src\db.py", line 1100, in add_game
    con.execute("""
    ~~~~~~~~~~~^^^^
        INSERT INTO gameplay (
        ^^^^^^^^^^^^^^^^^^^^^^
    ...<17 lines>...
        game.play_time,
        ^^^^^^^^^^^^^^^
    ))
    ^^
sqlite3.ProgrammingError: Error binding parameter 1: type 'Platform' is not supported
2026-08-18 02:06:54,607 [ERROR] xenia_manager: Failed to add game: Xbox360Game(game_id='415608C3', title='Call of Duty - Black Ops II', platform=<Platform.XBOX360: 'Xbox360'>, config_path=WindowsPath('Emulators/Xenia Canary/config/Call of Duty - Black Ops II.config.toml'), favourite=False, last_played=None, play_count=0, play_time=0, emulator='xenia', emulator_version='Canary', discs=[GameDisc(media_id='05C7492A', file_path=WindowsPath('F:/xbox360/Call of Duty - Black Ops II (World).iso'), disc_count=1, disc_type='DVD', disc_swap_required=False, disc_number=1, label=None)])
Error: Error binding parameter 1: type 'Platform' is not supported
Traceback (most recent call last):
  File "C:\PycharmProjects\xenia-game-manager\src\db.py", line 1049, in import_games_from_source
    self.add_game(game)
    ~~~~~~~~~~~~~^^^^^^
  File "C:\PycharmProjects\xenia-game-manager\src\db.py", line 1100, in add_game
    con.execute("""
    ~~~~~~~~~~~^^^^
        INSERT INTO gameplay (
        ^^^^^^^^^^^^^^^^^^^^^^
    ...<17 lines>...
        game.play_time,
        ^^^^^^^^^^^^^^^
    ))
    ^^
sqlite3.ProgrammingError: Error binding parameter 1: type 'Platform' is not supported
2026-08-18 02:06:54,610 [ERROR] xenia_manager: Failed to add game: Xbox360Game(game_id='415607E6', title='Call of Duty 4 - Modern Warfare', platform=<Platform.XBOX360: 'Xbox360'>, config_path=WindowsPath('Emulators/Xenia Canary/config/Call of Duty 4 - Modern Warfare.config.toml'), favourite=False, last_played=None, play_count=0, play_time=49.21634035333334, emulator='xenia', emulator_version='Canary', discs=[GameDisc(media_id='15E8CF88', file_path=WindowsPath('H:/roms/xbox360/Call of Duty 4 - Modern Warfare (USA, Europe).iso'), disc_count=1, disc_type='DVD', disc_swap_required=False, disc_number=1, label=None)])
Error: Error binding parameter 1: type 'Platform' is not supported
Traceback (most recent call last):
  File "C:\PycharmProjects\xenia-game-manager\src\db.py", line 1049, in import_games_from_source
    self.add_game(game)
    ~~~~~~~~~~~~~^^^^^^
  File "C:\PycharmProjects\xenia-game-manager\src\db.py", line 1100, in add_game
    con.execute("""
    ~~~~~~~~~~~^^^^
        INSERT INTO gameplay (
        ^^^^^^^^^^^^^^^^^^^^^^
    ...<17 lines>...
        game.play_time,
        ^^^^^^^^^^^^^^^
    ))
    ^^
sqlite3.ProgrammingError: Error binding parameter 1: type 'Platform' is not supported
2026-08-18 02:06:54,613 [ERROR] xenia_manager: Failed to add game: Xbox360Game(game_id='5553083C', title='Camerons Avatar', platform=<Platform.XBOX360: 'Xbox360'>, config_path=WindowsPath('Emulators/Xenia Canary/config/Camerons Avatar.config.toml'), favourite=False, last_played=None, play_count=0, play_time=0, emulator='xenia', emulator_version='Canary', discs=[GameDisc(media_id='75002EA6', file_path=WindowsPath("H:/roms/xbox360/James Cameron's Avatar - The Game (USA, Europe) (En,Fr,De,Es,It,Nl).zar"), disc_count=1, disc_type='DVD', disc_swap_required=False, disc_number=1, label=None)])
Error: Error binding parameter 1: type 'Platform' is not supported
Traceback (most recent call last):
  File "C:\PycharmProjects\xenia-game-manager\src\db.py", line 1049, in import_games_from_source
    self.add_game(game)
    ~~~~~~~~~~~~~^^^^^^
  File "C:\PycharmProjects\xenia-game-manager\src\db.py", line 1100, in add_game
    con.execute("""
    ~~~~~~~~~~~^^^^
        INSERT INTO gameplay (
        ^^^^^^^^^^^^^^^^^^^^^^
    ...<17 lines>...
        game.play_time,
        ^^^^^^^^^^^^^^^
    ))
    ^^
sqlite3.ProgrammingError: Error binding parameter 1: type 'Platform' is not supported
2026-08-18 02:06:54,616 [ERROR] xenia_manager: Failed to add game: Xbox360Game(game_id='4D4B07D6', title='Carrier Command Gaea Mission', platform=<Platform.XBOX360: 'Xbox360'>, config_path=WindowsPath('Emulators/Xenia Canary/config/Carrier Command GAEA Mission.config.toml'), favourite=False, last_played=None, play_count=0, play_time=0, emulator='xenia', emulator_version='Canary', discs=[GameDisc(media_id='758D9246', file_path=WindowsPath('D:/roms/xbox360/Carrier Command - Gaea Mission (Europe).zar'), disc_count=1, disc_type='DVD', disc_swap_required=False, disc_number=1, label=None)])
Error: Error binding parameter 1: type 'Platform' is not supported
Traceback (most recent call last):
  File "C:\PycharmProjects\xenia-game-manager\src\db.py", line 1049, in import_games_from_source
    self.add_game(game)
    ~~~~~~~~~~~~~^^^^^^
  File "C:\PycharmProjects\xenia-game-manager\src\db.py", line 1100, in add_game
    con.execute("""
    ~~~~~~~~~~~^^^^
        INSERT INTO gameplay (
        ^^^^^^^^^^^^^^^^^^^^^^
    ...<17 lines>...
        game.play_time,
        ^^^^^^^^^^^^^^^
    ))
    ^^
sqlite3.ProgrammingError: Error binding parameter 1: type 'Platform' is not supported
2026-08-18 02:06:54,620 [ERROR] xenia_manager: Failed to add game: Xbox360Game(game_id='54510848', title='Cars Race-O-Rama', platform=<Platform.XBOX360: 'Xbox360'>, config_path=WindowsPath('Emulators/Xenia Canary/config/Cars Race-O-Rama.config.toml'), favourite=False, last_played=None, play_count=0, play_time=0, emulator='xenia', emulator_version='Canary', discs=[GameDisc(media_id='1B33EA2B', file_path=WindowsPath('H:/roms/xbox360/Cars Race-O-Rama [RF].zar'), disc_count=1, disc_type='DVD', disc_swap_required=False, disc_number=1, label=None)])
Error: Error binding parameter 1: type 'Platform' is not supported
Traceback (most recent call last):
  File "C:\PycharmProjects\xenia-game-manager\src\db.py", line 1049, in import_games_from_source
    self.add_game(game)
    ~~~~~~~~~~~~~^^^^^^
  File "C:\PycharmProjects\xenia-game-manager\src\db.py", line 1100, in add_game
    con.execute("""
    ~~~~~~~~~~~^^^^
        INSERT INTO gameplay (
        ^^^^^^^^^^^^^^^^^^^^^^
    ...<17 lines>...
        game.play_time,
        ^^^^^^^^^^^^^^^
    ))
    ^^
sqlite3.ProgrammingError: Error binding parameter 1: type 'Platform' is not supported
2026-08-18 02:06:54,678 [ERROR] xenia_manager: Failed to add game: Xbox360Game(game_id='58411408', title='Castlevania Lords of Shadow - Mirror of Fate HD', platform=<Platform.XBOX360: 'Xbox360'>, config_path=WindowsPath('Emulators/Xenia Canary/config/Castlevania Lords of Shadow - Mirror of Fate HD.config.toml'), favourite=False, last_played=None, play_count=0, play_time=0, emulator='xenia', emulator_version='Canary', discs=[GameDisc(media_id='67C0BA8C', file_path=WindowsPath('D:/roms/xbox360/58411408/000D0000/3D431C3F7792E74D4F425CABE26417900017A3FD58'), disc_count=1, disc_type='XBLA', disc_swap_required=False, disc_number=1, label=None)])
Error: Error binding parameter 1: type 'Platform' is not supported
Traceback (most recent call last):
  File "C:\PycharmProjects\xenia-game-manager\src\db.py", line 1049, in import_games_from_source
    self.add_game(game)
    ~~~~~~~~~~~~~^^^^^^
  File "C:\PycharmProjects\xenia-game-manager\src\db.py", line 1100, in add_game
    con.execute("""
    ~~~~~~~~~~~^^^^
        INSERT INTO gameplay (
        ^^^^^^^^^^^^^^^^^^^^^^
    ...<17 lines>...
        game.play_time,
        ^^^^^^^^^^^^^^^
    ))
    ^^
sqlite3.ProgrammingError: Error binding parameter 1: type 'Platform' is not supported
2026-08-18 02:06:54,681 [ERROR] xenia_manager: Failed to add game: Xbox360Game(game_id='4B4E084D', title='Castlevania Lords Of Shadow 2', platform=<Platform.XBOX360: 'Xbox360'>, config_path=WindowsPath('Emulators/Xenia Canary/config/Castlevania Lords Of Shadow 2.config.toml'), favourite=False, last_played=None, play_count=0, play_time=0, emulator='xenia', emulator_version='Canary', discs=[GameDisc(media_id='2996007C', file_path=WindowsPath('D:/roms/xbox360/Castlevania - Lords of Shadow 2.zar'), disc_count=1, disc_type='DVD', disc_swap_required=False, disc_number=1, label=None)])
Error: Error binding parameter 1: type 'Platform' is not supported
Traceback (most recent call last):
  File "C:\PycharmProjects\xenia-game-manager\src\db.py", line 1049, in import_games_from_source
    self.add_game(game)
    ~~~~~~~~~~~~~^^^^^^
  File "C:\PycharmProjects\xenia-game-manager\src\db.py", line 1100, in add_game
    con.execute("""
    ~~~~~~~~~~~^^^^
        INSERT INTO gameplay (
        ^^^^^^^^^^^^^^^^^^^^^^
    ...<17 lines>...
        game.play_time,
        ^^^^^^^^^^^^^^^
    ))
    ^^
sqlite3.ProgrammingError: Error binding parameter 1: type 'Platform' is not supported
2026-08-18 02:06:54,685 [ERROR] xenia_manager: Failed to add game: Xbox360Game(game_id='434D07E9', title='Clive Barkers Jericho', platform=<Platform.XBOX360: 'Xbox360'>, config_path=WindowsPath('Emulators/Xenia Canary/config/Clive Barkers Jericho.config.toml'), favourite=False, last_played=None, play_count=0, play_time=0, emulator='xenia', emulator_version='Canary', discs=[GameDisc(media_id='27B9E5B3', file_path=WindowsPath("D:/roms/xbox360/Clive Barker's Jericho (USA, Europe) (En,Fr,De,Es,It).zar"), disc_count=1, disc_type='DVD', disc_swap_required=False, disc_number=1, label=None)])
Error: Error binding parameter 1: type 'Platform' is not supported
Traceback (most recent call last):
  File "C:\PycharmProjects\xenia-game-manager\src\db.py", line 1049, in import_games_from_source
    self.add_game(game)
    ~~~~~~~~~~~~~^^^^^^
  File "C:\PycharmProjects\xenia-game-manager\src\db.py", line 1100, in add_game
    con.execute("""
    ~~~~~~~~~~~^^^^
        INSERT INTO gameplay (
        ^^^^^^^^^^^^^^^^^^^^^^
    ...<17 lines>...
        game.play_time,
        ^^^^^^^^^^^^^^^
    ))
    ^^
sqlite3.ProgrammingError: Error binding parameter 1: type 'Platform' is not supported
2026-08-18 02:06:54,688 [ERROR] xenia_manager: Failed to add game: Xbox360Game(game_id='55530836', title='Cloudy with a Chance of Meatballs', platform=<Platform.XBOX360: 'Xbox360'>, config_path=WindowsPath('Emulators/Xenia Canary/config/Cloudy with a Chance of Meatballs.config.toml'), favourite=False, last_played=None, play_count=0, play_time=0, emulator='xenia', emulator_version='Canary', discs=[GameDisc(media_id='146F4C8E', file_path=WindowsPath('D:/roms/xbox360/Cloudy with a Chance of Meatballs [RF].zar'), disc_count=1, disc_type='DVD', disc_swap_required=False, disc_number=1, label=None)])
Error: Error binding parameter 1: type 'Platform' is not supported
Traceback (most recent call last):
  File "C:\PycharmProjects\xenia-game-manager\src\db.py", line 1049, in import_games_from_source
    self.add_game(game)
    ~~~~~~~~~~~~~^^^^^^
  File "C:\PycharmProjects\xenia-game-manager\src\db.py", line 1100, in add_game
    con.execute("""
    ~~~~~~~~~~~^^^^
        INSERT INTO gameplay (
        ^^^^^^^^^^^^^^^^^^^^^^
    ...<17 lines>...
        game.play_time,
        ^^^^^^^^^^^^^^^
    ))
    ^^
sqlite3.ProgrammingError: Error binding parameter 1: type 'Platform' is not supported
2026-08-18 02:06:54,692 [ERROR] xenia_manager: Failed to add game: Xbox360Game(game_id='45410860', title='Command & Conquer - Red Alert 3', platform=<Platform.XBOX360: 'Xbox360'>, config_path=WindowsPath('Emulators/Xenia Canary/config/Command & Conquer - Red Alert 3.config.toml'), favourite=False, last_played=None, play_count=0, play_time=0, emulator='xenia', emulator_version='Canary', discs=[GameDisc(media_id='4F876E34', file_path=WindowsPath('D:/roms/xbox360/Command & Conquer - Red Alert 3 (USA, Europe) (En,Es).iso'), disc_count=1, disc_type='DVD', disc_swap_required=False, disc_number=1, label=None)])
Error: Error binding parameter 1: type 'Platform' is not supported
Traceback (most recent call last):
  File "C:\PycharmProjects\xenia-game-manager\src\db.py", line 1049, in import_games_from_source
    self.add_game(game)
    ~~~~~~~~~~~~~^^^^^^
  File "C:\PycharmProjects\xenia-game-manager\src\db.py", line 1100, in add_game
    con.execute("""
    ~~~~~~~~~~~^^^^
        INSERT INTO gameplay (
        ^^^^^^^^^^^^^^^^^^^^^^
    ...<17 lines>...
        game.play_time,
        ^^^^^^^^^^^^^^^
    ))
    ^^
sqlite3.ProgrammingError: Error binding parameter 1: type 'Platform' is not supported
2026-08-18 02:06:54,695 [ERROR] xenia_manager: Failed to add game: Xbox360Game(game_id='4541083A', title='Command & Conquer 3 - Kanes Wrath', platform=<Platform.XBOX360: 'Xbox360'>, config_path=WindowsPath('Emulators/Xenia Canary/config/Command & Conquer 3 - Kanes Wrath.config.toml'), favourite=False, last_played=None, play_count=0, play_time=0, emulator='xenia', emulator_version='Canary', discs=[GameDisc(media_id='3FF4C4B3', file_path=WindowsPath("H:/roms/xbox360/Command & Conquer 3 - Kane's Wrath (USA).zar"), disc_count=1, disc_type='DVD', disc_swap_required=False, disc_number=1, label=None)])
Error: Error binding parameter 1: type 'Platform' is not supported
Traceback (most recent call last):
  File "C:\PycharmProjects\xenia-game-manager\src\db.py", line 1049, in import_games_from_source
    self.add_game(game)
    ~~~~~~~~~~~~~^^^^^^
  File "C:\PycharmProjects\xenia-game-manager\src\db.py", line 1100, in add_game
    con.execute("""
    ~~~~~~~~~~~^^^^
        INSERT INTO gameplay (
        ^^^^^^^^^^^^^^^^^^^^^^
    ...<17 lines>...
        game.play_time,
        ^^^^^^^^^^^^^^^
    ))
    ^^
sqlite3.ProgrammingError: Error binding parameter 1: type 'Platform' is not supported
2026-08-18 02:06:54,700 [ERROR] xenia_manager: Failed to add game: Xbox360Game(game_id='4541080E', title='Command & Conquer 3 - Tiberium Wars', platform=<Platform.XBOX360: 'Xbox360'>, config_path=WindowsPath('Emulators/Xenia Canary/config/Command & Conquer 3 - Tiberium Wars.config.toml'), favourite=False, last_played=None, play_count=0, play_time=0, emulator='xenia', emulator_version='Canary', discs=[GameDisc(media_id='4D3A6FAB', file_path=WindowsPath('H:/roms/xbox360/Command & Conquer 3 - Tiberium Wars (USA).iso'), disc_count=1, disc_type='DVD', disc_swap_required=False, disc_number=1, label=None)])
Error: Error binding parameter 1: type 'Platform' is not supported
Traceback (most recent call last):
  File "C:\PycharmProjects\xenia-game-manager\src\db.py", line 1049, in import_games_from_source
    self.add_game(game)
    ~~~~~~~~~~~~~^^^^^^
  File "C:\PycharmProjects\xenia-game-manager\src\db.py", line 1100, in add_game
    con.execute("""
    ~~~~~~~~~~~^^^^
        INSERT INTO gameplay (
        ^^^^^^^^^^^^^^^^^^^^^^
    ...<17 lines>...
        game.play_time,
        ^^^^^^^^^^^^^^^
    ))
    ^^
sqlite3.ProgrammingError: Error binding parameter 1: type 'Platform' is not supported
2026-08-18 02:06:54,705 [ERROR] xenia_manager: Failed to add game: Xbox360Game(game_id='584109BF', title='Command & Conquer Red Alert 3 Commanders Challenge', platform=<Platform.XBOX360: 'Xbox360'>, config_path=WindowsPath('Emulators/Xenia Canary/config/Command & Conquer Red Alert 3 Commanders Challenge.config.toml'), favourite=False, last_played=None, play_count=0, play_time=0, emulator='xenia', emulator_version='Canary', discs=[GameDisc(media_id='07EBEC04', file_path=WindowsPath('F:/xbox360/584109BF/000D0000/AF4E5C384CAD63FAA96EADE50F7A69CFFEE0DC6D58'), disc_count=1, disc_type='XBLA', disc_swap_required=False, disc_number=1, label=None)])
Error: Error binding parameter 1: type 'Platform' is not supported
Traceback (most recent call last):
  File "C:\PycharmProjects\xenia-game-manager\src\db.py", line 1049, in import_games_from_source
    self.add_game(game)
    ~~~~~~~~~~~~~^^^^^^
  File "C:\PycharmProjects\xenia-game-manager\src\db.py", line 1100, in add_game
    con.execute("""
    ~~~~~~~~~~~^^^^
        INSERT INTO gameplay (
        ^^^^^^^^^^^^^^^^^^^^^^
    ...<17 lines>...
        game.play_time,
        ^^^^^^^^^^^^^^^
    ))
    ^^
sqlite3.ProgrammingError: Error binding parameter 1: type 'Platform' is not supported
2026-08-18 02:06:54,709 [ERROR] xenia_manager: Failed to add game: Xbox360Game(game_id='4D5307DC', title='Crackdown', platform=<Platform.XBOX360: 'Xbox360'>, config_path=WindowsPath('Emulators/Xenia Canary/config/Crackdown.config.toml'), favourite=False, last_played=None, play_count=0, play_time=0, emulator='xenia', emulator_version='Canary', discs=[GameDisc(media_id='596F9615', file_path=WindowsPath('D:/roms/xbox360/Crackdown (World) (En,Ja,Fr,De,Es,It,Zh,Ko,Cs,Hu).zar'), disc_count=1, disc_type='DVD', disc_swap_required=False, disc_number=1, label=None)])
Error: Error binding parameter 1: type 'Platform' is not supported
Traceback (most recent call last):
  File "C:\PycharmProjects\xenia-game-manager\src\db.py", line 1049, in import_games_from_source
    self.add_game(game)
    ~~~~~~~~~~~~~^^^^^^
  File "C:\PycharmProjects\xenia-game-manager\src\db.py", line 1100, in add_game
    con.execute("""
    ~~~~~~~~~~~^^^^
        INSERT INTO gameplay (
        ^^^^^^^^^^^^^^^^^^^^^^
    ...<17 lines>...
        game.play_time,
        ^^^^^^^^^^^^^^^
    ))
    ^^
sqlite3.ProgrammingError: Error binding parameter 1: type 'Platform' is not supported
2026-08-18 02:06:54,712 [ERROR] xenia_manager: Failed to add game: Xbox360Game(game_id='4B5907E6', title='Dark', platform=<Platform.XBOX360: 'Xbox360'>, config_path=WindowsPath('Emulators/Xenia Canary/config/DARK.config.toml'), favourite=False, last_played=None, play_count=0, play_time=0, emulator='xenia', emulator_version='Canary', discs=[GameDisc(media_id='12D654C3', file_path=WindowsPath('D:/roms/xbox360/Dark (USA, Europe).zar'), disc_count=1, disc_type='DVD', disc_swap_required=False, disc_number=1, label=None)])
Error: Error binding parameter 1: type 'Platform' is not supported
Traceback (most recent call last):
  File "C:\PycharmProjects\xenia-game-manager\src\db.py", line 1049, in import_games_from_source
    self.add_game(game)
    ~~~~~~~~~~~~~^^^^^^
  File "C:\PycharmProjects\xenia-game-manager\src\db.py", line 1100, in add_game
    con.execute("""
    ~~~~~~~~~~~^^^^
        INSERT INTO gameplay (
        ^^^^^^^^^^^^^^^^^^^^^^
    ...<17 lines>...
        game.play_time,
        ^^^^^^^^^^^^^^^
    ))
    ^^
sqlite3.ProgrammingError: Error binding parameter 1: type 'Platform' is not supported
2026-08-18 02:06:54,718 [ERROR] xenia_manager: Failed to add game: Xbox360Game(game_id='4E4D083A', title='Dark Souls', platform=<Platform.XBOX360: 'Xbox360'>, config_path=WindowsPath('Emulators/Xenia Canary/config/Dark Souls.config.toml'), favourite=False, last_played=None, play_count=0, play_time=0, emulator='xenia', emulator_version='Canary', discs=[GameDisc(media_id='27E95907', file_path=WindowsPath('D:/roms/xbox360/Dark Souls (Europe).zar'), disc_count=1, disc_type='DVD', disc_swap_required=False, disc_number=1, label=None)])
Error: Error binding parameter 1: type 'Platform' is not supported
Traceback (most recent call last):
  File "C:\PycharmProjects\xenia-game-manager\src\db.py", line 1049, in import_games_from_source
    self.add_game(game)
    ~~~~~~~~~~~~~^^^^^^
  File "C:\PycharmProjects\xenia-game-manager\src\db.py", line 1100, in add_game
    con.execute("""
    ~~~~~~~~~~~^^^^
        INSERT INTO gameplay (
        ^^^^^^^^^^^^^^^^^^^^^^
    ...<17 lines>...
        game.play_time,
        ^^^^^^^^^^^^^^^
    ))
    ^^
sqlite3.ProgrammingError: Error binding parameter 1: type 'Platform' is not supported
2026-08-18 02:06:54,722 [ERROR] xenia_manager: Failed to add game: Xbox360Game(game_id='465307E4', title='Dark Souls II', platform=<Platform.XBOX360: 'Xbox360'>, config_path=WindowsPath('Emulators/Xenia Canary/config/DARK SOULS II.config.toml'), favourite=False, last_played=None, play_count=0, play_time=0, emulator='xenia', emulator_version='Canary', discs=[GameDisc(media_id='72EA8B94', file_path=WindowsPath('D:/roms/xbox360/Dark Souls II (World) (En,Ja,Fr,De,Es,It,Zh,Ko,Pl,Ru).zar'), disc_count=1, disc_type='DVD', disc_swap_required=False, disc_number=1, label=None)])
Error: Error binding parameter 1: type 'Platform' is not supported
Traceback (most recent call last):
  File "C:\PycharmProjects\xenia-game-manager\src\db.py", line 1049, in import_games_from_source
    self.add_game(game)
    ~~~~~~~~~~~~~^^^^^^
  File "C:\PycharmProjects\xenia-game-manager\src\db.py", line 1100, in add_game
    con.execute("""
    ~~~~~~~~~~~^^^^
        INSERT INTO gameplay (
        ^^^^^^^^^^^^^^^^^^^^^^
    ...<17 lines>...
        game.play_time,
        ^^^^^^^^^^^^^^^
    ))
    ^^
sqlite3.ProgrammingError: Error binding parameter 1: type 'Platform' is not supported
2026-08-18 02:06:54,726 [ERROR] xenia_manager: Failed to add game: Xbox360Game(game_id='564707D4', title='Darkest Of Days', platform=<Platform.XBOX360: 'Xbox360'>, config_path=WindowsPath('Emulators/Xenia Canary/config/Darkest Of Days.config.toml'), favourite=False, last_played=None, play_count=0, play_time=0, emulator='xenia', emulator_version='Canary', discs=[GameDisc(media_id='62EA3AC8', file_path=WindowsPath('H:/roms/xbox360/Darkest of Days (USA).iso'), disc_count=1, disc_type='DVD', disc_swap_required=False, disc_number=1, label=None)])
Error: Error binding parameter 1: type 'Platform' is not supported
Traceback (most recent call last):
  File "C:\PycharmProjects\xenia-game-manager\src\db.py", line 1049, in import_games_from_source
    self.add_game(game)
    ~~~~~~~~~~~~~^^^^^^
  File "C:\PycharmProjects\xenia-game-manager\src\db.py", line 1100, in add_game
    con.execute("""
    ~~~~~~~~~~~^^^^
        INSERT INTO gameplay (
        ^^^^^^^^^^^^^^^^^^^^^^
    ...<17 lines>...
        game.play_time,
        ^^^^^^^^^^^^^^^
    ))
    ^^
sqlite3.ProgrammingError: Error binding parameter 1: type 'Platform' is not supported
2026-08-18 02:06:54,730 [ERROR] xenia_manager: Failed to add game: Xbox360Game(game_id='54510865', title='de Blob 2', platform=<Platform.XBOX360: 'Xbox360'>, config_path=WindowsPath('Emulators/Xenia Canary/config/de Blob 2.config.toml'), favourite=False, last_played=None, play_count=0, play_time=0, emulator='xenia', emulator_version='Canary', discs=[GameDisc(media_id='42DCD5EC', file_path=WindowsPath('D:/roms/xbox360/De Blob 2 (USA, Europe) (En,Fr,De,Es,It).zar'), disc_count=1, disc_type='DVD', disc_swap_required=False, disc_number=1, label=None)])
Error: Error binding parameter 1: type 'Platform' is not supported
Traceback (most recent call last):
  File "C:\PycharmProjects\xenia-game-manager\src\db.py", line 1049, in import_games_from_source
    self.add_game(game)
    ~~~~~~~~~~~~~^^^^^^
  File "C:\PycharmProjects\xenia-game-manager\src\db.py", line 1100, in add_game
    con.execute("""
    ~~~~~~~~~~~^^^^
        INSERT INTO gameplay (
        ^^^^^^^^^^^^^^^^^^^^^^
    ...<17 lines>...
        game.play_time,
        ^^^^^^^^^^^^^^^
    ))
    ^^
sqlite3.ProgrammingError: Error binding parameter 1: type 'Platform' is not supported
2026-08-18 02:06:54,735 [ERROR] xenia_manager: Failed to add game: Xbox360Game(game_id='4B4D07DF', title='Dead Island', platform=<Platform.XBOX360: 'Xbox360'>, config_path=WindowsPath('Emulators/Xenia Canary/config/Dead Island.config.toml'), favourite=False, last_played=None, play_count=0, play_time=106.32409798166667, emulator='xenia', emulator_version='Canary', discs=[GameDisc(media_id='02C977C2', file_path=WindowsPath('D:/roms/xbox360/Dead Island - Game of the Year Edition (USA, Europe) (En,Fr,De,Es,It,Pl).zar'), disc_count=1, disc_type='DVD', disc_swap_required=False, disc_number=1, label=None)])
Error: Error binding parameter 1: type 'Platform' is not supported
Traceback (most recent call last):
  File "C:\PycharmProjects\xenia-game-manager\src\db.py", line 1049, in import_games_from_source
    self.add_game(game)
    ~~~~~~~~~~~~~^^^^^^
  File "C:\PycharmProjects\xenia-game-manager\src\db.py", line 1100, in add_game
    con.execute("""
    ~~~~~~~~~~~^^^^
        INSERT INTO gameplay (
        ^^^^^^^^^^^^^^^^^^^^^^
    ...<17 lines>...
        game.play_time,
        ^^^^^^^^^^^^^^^
    ))
    ^^
sqlite3.ProgrammingError: Error binding parameter 1: type 'Platform' is not supported
2026-08-18 02:06:54,739 [ERROR] xenia_manager: Failed to add game: Xbox360Game(game_id='4B4D07F2', title='Dead Island Riptide', platform=<Platform.XBOX360: 'Xbox360'>, config_path=WindowsPath('Emulators/Xenia Canary/config/Dead Island Riptide.config.toml'), favourite=False, last_played=None, play_count=0, play_time=27.448196531666667, emulator='xenia', emulator_version='Canary', discs=[GameDisc(media_id='148AAE50', file_path=WindowsPath('D:/roms/xbox360/Dead Island - Riptide - Complete Edition.zar'), disc_count=1, disc_type='DVD', disc_swap_required=False, disc_number=1, label=None)])
Error: Error binding parameter 1: type 'Platform' is not supported
Traceback (most recent call last):
  File "C:\PycharmProjects\xenia-game-manager\src\db.py", line 1049, in import_games_from_source
    self.add_game(game)
    ~~~~~~~~~~~~~^^^^^^
  File "C:\PycharmProjects\xenia-game-manager\src\db.py", line 1100, in add_game
    con.execute("""
    ~~~~~~~~~~~^^^^
        INSERT INTO gameplay (
        ^^^^^^^^^^^^^^^^^^^^^^
    ...<17 lines>...
        game.play_time,
        ^^^^^^^^^^^^^^^
    ))
    ^^
sqlite3.ProgrammingError: Error binding parameter 1: type 'Platform' is not supported
2026-08-18 02:06:54,743 [ERROR] xenia_manager: Failed to add game: Xbox360Game(game_id='435607D8', title='Deadliest Catch Sea of Chaos', platform=<Platform.XBOX360: 'Xbox360'>, config_path=WindowsPath('Emulators/Xenia Canary/config/Deadliest Catch Sea of Chaos.config.toml'), favourite=False, last_played=None, play_count=0, play_time=0, emulator='xenia', emulator_version='Canary', discs=[GameDisc(media_id='701CDD83', file_path=WindowsPath('D:/roms/xbox360/Deadliest Catch Sea of Chaos\xa0[NTSCU].zar'), disc_count=1, disc_type='DVD', disc_swap_required=False, disc_number=1, label=None)])
Error: Error binding parameter 1: type 'Platform' is not supported
Traceback (most recent call last):
  File "C:\PycharmProjects\xenia-game-manager\src\db.py", line 1049, in import_games_from_source
    self.add_game(game)
    ~~~~~~~~~~~~~^^^^^^
  File "C:\PycharmProjects\xenia-game-manager\src\db.py", line 1100, in add_game
    con.execute("""
    ~~~~~~~~~~~^^^^
        INSERT INTO gameplay (
        ^^^^^^^^^^^^^^^^^^^^^^
    ...<17 lines>...
        game.play_time,
        ^^^^^^^^^^^^^^^
    ))
    ^^
sqlite3.ProgrammingError: Error binding parameter 1: type 'Platform' is not supported
2026-08-18 02:06:54,748 [ERROR] xenia_manager: Failed to add game: Xbox360Game(game_id='415608EC', title='Deadpool', platform=<Platform.XBOX360: 'Xbox360'>, config_path=WindowsPath('Emulators/Xenia Canary/config/Deadpool.config.toml'), favourite=False, last_played=None, play_count=0, play_time=0, emulator='xenia', emulator_version='Canary', discs=[GameDisc(media_id='28D1E78A', file_path=WindowsPath('D:/roms/xbox360/Deadpool.zar'), disc_count=1, disc_type='DVD', disc_swap_required=False, disc_number=1, label=None)])
Error: Error binding parameter 1: type 'Platform' is not supported
Traceback (most recent call last):
  File "C:\PycharmProjects\xenia-game-manager\src\db.py", line 1049, in import_games_from_source
    self.add_game(game)
    ~~~~~~~~~~~~~^^^^^^
  File "C:\PycharmProjects\xenia-game-manager\src\db.py", line 1100, in add_game
    con.execute("""
    ~~~~~~~~~~~^^^^
        INSERT INTO gameplay (
        ^^^^^^^^^^^^^^^^^^^^^^
    ...<17 lines>...
        game.play_time,
        ^^^^^^^^^^^^^^^
    ))
    ^^
sqlite3.ProgrammingError: Error binding parameter 1: type 'Platform' is not supported
2026-08-18 02:06:54,752 [ERROR] xenia_manager: Failed to add game: Xbox360Game(game_id='415807D8', title='Deathsmiles', platform=<Platform.XBOX360: 'Xbox360'>, config_path=WindowsPath('Emulators/Xenia Canary/config/Deathsmiles.config.toml'), favourite=False, last_played=None, play_count=0, play_time=104.528081855, emulator='xenia', emulator_version='Canary', discs=[GameDisc(media_id='33EC8A99', file_path=WindowsPath('D:/roms/xbox360/Deathsmiles (USA).iso'), disc_count=1, disc_type='DVD', disc_swap_required=False, disc_number=1, label=None)])
Error: Error binding parameter 1: type 'Platform' is not supported
Traceback (most recent call last):
  File "C:\PycharmProjects\xenia-game-manager\src\db.py", line 1049, in import_games_from_source
    self.add_game(game)
    ~~~~~~~~~~~~~^^^^^^
  File "C:\PycharmProjects\xenia-game-manager\src\db.py", line 1100, in add_game
    con.execute("""
    ~~~~~~~~~~~^^^^
        INSERT INTO gameplay (
        ^^^^^^^^^^^^^^^^^^^^^^
    ...<17 lines>...
        game.play_time,
        ^^^^^^^^^^^^^^^
    ))
    ^^
sqlite3.ProgrammingError: Error binding parameter 1: type 'Platform' is not supported
2026-08-18 02:06:54,756 [ERROR] xenia_manager: Failed to add game: Xbox360Game(game_id='58410823', title='DEFENDER', platform=<Platform.XBOX360: 'Xbox360'>, config_path=WindowsPath('Emulators/Xenia Canary/config/DEFENDER.config.toml'), favourite=False, last_played=None, play_count=0, play_time=0, emulator='xenia', emulator_version='Canary', discs=[GameDisc(media_id='00000000', file_path=WindowsPath('F:/xbox360/58410823/000D0000/346322980D17D4A5E74B3E0191B61832F0A6BA2658'), disc_count=1, disc_type='XBLA', disc_swap_required=False, disc_number=1, label=None)])
Error: Error binding parameter 1: type 'Platform' is not supported
Traceback (most recent call last):
  File "C:\PycharmProjects\xenia-game-manager\src\db.py", line 1049, in import_games_from_source
    self.add_game(game)
    ~~~~~~~~~~~~~^^^^^^
  File "C:\PycharmProjects\xenia-game-manager\src\db.py", line 1100, in add_game
    con.execute("""
    ~~~~~~~~~~~^^^^
        INSERT INTO gameplay (
        ^^^^^^^^^^^^^^^^^^^^^^
    ...<17 lines>...
        game.play_time,
        ^^^^^^^^^^^^^^^
    ))
    ^^
sqlite3.ProgrammingError: Error binding parameter 1: type 'Platform' is not supported
2026-08-18 02:06:54,760 [ERROR] xenia_manager: Failed to add game: Xbox360Game(game_id='535107FA', title="Deus Ex - Human Revolution - Director's Cut", platform=<Platform.XBOX360: 'Xbox360'>, config_path=WindowsPath("Emulators/Xenia Canary/config/Deus Ex - Human Revolution - Director's Cut (Disc 1).config.toml"), favourite=False, last_played=None, play_count=0, play_time=119.30706275, emulator='xenia', emulator_version='Canary', discs=[GameDisc(media_id='7BBEB936', file_path=WindowsPath("H:/roms/xbox360/Deus Ex - Human Revolution - Director's Cut (USA, Europe) (En,Fr,De,Es,It) (Disc 1).iso"), disc_count=1, disc_type='DVD', disc_swap_required=False, disc_number=1, label=None)])
Error: Error binding parameter 1: type 'Platform' is not supported
Traceback (most recent call last):
  File "C:\PycharmProjects\xenia-game-manager\src\db.py", line 1049, in import_games_from_source
    self.add_game(game)
    ~~~~~~~~~~~~~^^^^^^
  File "C:\PycharmProjects\xenia-game-manager\src\db.py", line 1100, in add_game
    con.execute("""
    ~~~~~~~~~~~^^^^
        INSERT INTO gameplay (
        ^^^^^^^^^^^^^^^^^^^^^^
    ...<17 lines>...
        game.play_time,
        ^^^^^^^^^^^^^^^
    ))
    ^^
sqlite3.ProgrammingError: Error binding parameter 1: type 'Platform' is not supported
2026-08-18 02:06:54,763 [ERROR] xenia_manager: Failed to add game: Xbox360Game(game_id='535107FA', title="Deus Ex - Human Revolution - Director's Cut", platform=<Platform.XBOX360: 'Xbox360'>, config_path=WindowsPath("Emulators/Xenia Canary/config/Deus Ex - Human Revolution - Director's Cut (Disc 2).config.toml"), favourite=False, last_played=None, play_count=0, play_time=0, emulator='xenia', emulator_version='Canary', discs=[GameDisc(media_id='7C4137BE', file_path=WindowsPath("H:/roms/xbox360/Deus Ex - Human Revolution - Director's Cut (USA, Europe) (En,Fr,De,Es,It) (Disc 2).iso"), disc_count=1, disc_type='DVD', disc_swap_required=False, disc_number=2, label=None)])
Error: Error binding parameter 1: type 'Platform' is not supported
Traceback (most recent call last):
  File "C:\PycharmProjects\xenia-game-manager\src\db.py", line 1049, in import_games_from_source
    self.add_game(game)
    ~~~~~~~~~~~~~^^^^^^
  File "C:\PycharmProjects\xenia-game-manager\src\db.py", line 1100, in add_game
    con.execute("""
    ~~~~~~~~~~~^^^^
        INSERT INTO gameplay (
        ^^^^^^^^^^^^^^^^^^^^^^
    ...<17 lines>...
        game.play_time,
        ^^^^^^^^^^^^^^^
    ))
    ^^
sqlite3.ProgrammingError: Error binding parameter 1: type 'Platform' is not supported
2026-08-18 02:06:54,767 [ERROR] xenia_manager: Failed to add game: Xbox360Game(game_id='394F07D1', title='Diablo III', platform=<Platform.XBOX360: 'Xbox360'>, config_path=WindowsPath('Emulators/Xenia Canary/config/Diablo III.config.toml'), favourite=False, last_played=None, play_count=0, play_time=317.24126590333333, emulator='xenia', emulator_version='Canary', discs=[GameDisc(media_id='2C584E7F', file_path=WindowsPath('D:/roms/xbox360/Diablo III (Europe, Australia) (En,Fr).zar'), disc_count=1, disc_type='DVD', disc_swap_required=False, disc_number=1, label=None)])
Error: Error binding parameter 1: type 'Platform' is not supported
Traceback (most recent call last):
  File "C:\PycharmProjects\xenia-game-manager\src\db.py", line 1049, in import_games_from_source
    self.add_game(game)
    ~~~~~~~~~~~~~^^^^^^
  File "C:\PycharmProjects\xenia-game-manager\src\db.py", line 1100, in add_game
    con.execute("""
    ~~~~~~~~~~~^^^^
        INSERT INTO gameplay (
        ^^^^^^^^^^^^^^^^^^^^^^
    ...<17 lines>...
        game.play_time,
        ^^^^^^^^^^^^^^^
    ))
    ^^
sqlite3.ProgrammingError: Error binding parameter 1: type 'Platform' is not supported
2026-08-18 02:06:54,771 [ERROR] xenia_manager: Failed to add game: Xbox360Game(game_id='394F07D4', title='Diablo III - Reaper of Souls - Ultimate Evil Edition', platform=<Platform.XBOX360: 'Xbox360'>, config_path=WindowsPath('Emulators/Xenia Canary/config/Diablo III - Reaper of Souls - Ultimate Evil Edition.config.toml'), favourite=False, last_played=None, play_count=0, play_time=0, emulator='xenia', emulator_version='Canary', discs=[GameDisc(media_id='38E299CD', file_path=WindowsPath('H:/roms/xbox360/Diablo III - Reaper of Souls - Ultimate Evil Edition (USA).iso'), disc_count=1, disc_type='DVD', disc_swap_required=False, disc_number=1, label=None)])
Error: Error binding parameter 1: type 'Platform' is not supported
Traceback (most recent call last):
  File "C:\PycharmProjects\xenia-game-manager\src\db.py", line 1049, in import_games_from_source
    self.add_game(game)
    ~~~~~~~~~~~~~^^^^^^
  File "C:\PycharmProjects\xenia-game-manager\src\db.py", line 1100, in add_game
    con.execute("""
    ~~~~~~~~~~~^^^^
        INSERT INTO gameplay (
        ^^^^^^^^^^^^^^^^^^^^^^
    ...<17 lines>...
        game.play_time,
        ^^^^^^^^^^^^^^^
    ))
    ^^
sqlite3.ProgrammingError: Error binding parameter 1: type 'Platform' is not supported
2026-08-18 02:06:54,776 [ERROR] xenia_manager: Failed to add game: Xbox360Game(game_id='434D083D', title='DiRT 3', platform=<Platform.XBOX360: 'Xbox360'>, config_path=WindowsPath('Emulators/Xenia Canary/config/DiRT 3.config.toml'), favourite=False, last_played=None, play_count=0, play_time=44.94064967166667, emulator='xenia', emulator_version='Canary', discs=[GameDisc(media_id='32E5D1A4', file_path=WindowsPath('D:/roms/xbox360/Dirt 3 - Complete Edition.zar'), disc_count=1, disc_type='DVD', disc_swap_required=False, disc_number=1, label=None)])
Error: Error binding parameter 1: type 'Platform' is not supported
Traceback (most recent call last):
  File "C:\PycharmProjects\xenia-game-manager\src\db.py", line 1049, in import_games_from_source
    self.add_game(game)
    ~~~~~~~~~~~~~^^^^^^
  File "C:\PycharmProjects\xenia-game-manager\src\db.py", line 1100, in add_game
    con.execute("""
    ~~~~~~~~~~~^^^^
        INSERT INTO gameplay (
        ^^^^^^^^^^^^^^^^^^^^^^
    ...<17 lines>...
        game.play_time,
        ^^^^^^^^^^^^^^^
    ))
    ^^
sqlite3.ProgrammingError: Error binding parameter 1: type 'Platform' is not supported
2026-08-18 02:06:54,780 [ERROR] xenia_manager: Failed to add game: Xbox360Game(game_id='434D0845', title='DiRT Showdown', platform=<Platform.XBOX360: 'Xbox360'>, config_path=WindowsPath('Emulators/Xenia Canary/config/DiRT Showdown.config.toml'), favourite=False, last_played=None, play_count=0, play_time=3.5337804283333334, emulator='xenia', emulator_version='Canary', discs=[GameDisc(media_id='16E89B5E', file_path=WindowsPath('H:/roms/xbox360/DiRT Showdown [RF].iso'), disc_count=1, disc_type='DVD', disc_swap_required=False, disc_number=1, label=None)])
Error: Error binding parameter 1: type 'Platform' is not supported
Traceback (most recent call last):
  File "C:\PycharmProjects\xenia-game-manager\src\db.py", line 1049, in import_games_from_source
    self.add_game(game)
    ~~~~~~~~~~~~~^^^^^^
  File "C:\PycharmProjects\xenia-game-manager\src\db.py", line 1100, in add_game
    con.execute("""
    ~~~~~~~~~~~^^^^
        INSERT INTO gameplay (
        ^^^^^^^^^^^^^^^^^^^^^^
    ...<17 lines>...
        game.play_time,
        ^^^^^^^^^^^^^^^
    ))
    ^^
sqlite3.ProgrammingError: Error binding parameter 1: type 'Platform' is not supported
2026-08-18 02:06:54,784 [ERROR] xenia_manager: Failed to add game: Xbox360Game(game_id='5345085A', title='Dreamcast Collection', platform=<Platform.XBOX360: 'Xbox360'>, config_path=WindowsPath('Emulators/Xenia Canary/config/Dreamcast Collection.config.toml'), favourite=False, last_played=None, play_count=0, play_time=0, emulator='xenia', emulator_version='Canary', discs=[GameDisc(media_id='6876EE29', file_path=WindowsPath('D:/roms/xbox360/Dreamcast Collection.zar'), disc_count=1, disc_type='DVD', disc_swap_required=False, disc_number=1, label=None)])
Error: Error binding parameter 1: type 'Platform' is not supported
Traceback (most recent call last):
  File "C:\PycharmProjects\xenia-game-manager\src\db.py", line 1049, in import_games_from_source
    self.add_game(game)
    ~~~~~~~~~~~~~^^^^^^
  File "C:\PycharmProjects\xenia-game-manager\src\db.py", line 1100, in add_game
    con.execute("""
    ~~~~~~~~~~~^^^^
        INSERT INTO gameplay (
        ^^^^^^^^^^^^^^^^^^^^^^
    ...<17 lines>...
        game.play_time,
        ^^^^^^^^^^^^^^^
    ))
    ^^
sqlite3.ProgrammingError: Error binding parameter 1: type 'Platform' is not supported
2026-08-18 02:06:54,788 [ERROR] xenia_manager: Failed to add game: Xbox360Game(game_id='5553087E', title='Driver - San Francisco', platform=<Platform.XBOX360: 'Xbox360'>, config_path=WindowsPath('Emulators/Xenia Canary/config/Driver - San Francisco.config.toml'), favourite=False, last_played=None, play_count=0, play_time=0, emulator='xenia', emulator_version='Canary', discs=[GameDisc(media_id='2F510839', file_path=WindowsPath('H:/roms/xbox360/Driver - San Francisco (World) (En,Fr,De,Es,It,Nl,Sv,No,Da).iso'), disc_count=1, disc_type='DVD', disc_swap_required=False, disc_number=1, label=None)])
Error: Error binding parameter 1: type 'Platform' is not supported
Traceback (most recent call last):
  File "C:\PycharmProjects\xenia-game-manager\src\db.py", line 1049, in import_games_from_source
    self.add_game(game)
    ~~~~~~~~~~~~~^^^^^^
  File "C:\PycharmProjects\xenia-game-manager\src\db.py", line 1100, in add_game
    con.execute("""
    ~~~~~~~~~~~^^^^
        INSERT INTO gameplay (
        ^^^^^^^^^^^^^^^^^^^^^^
    ...<17 lines>...
        game.play_time,
        ^^^^^^^^^^^^^^^
    ))
    ^^
sqlite3.ProgrammingError: Error binding parameter 1: type 'Platform' is not supported
2026-08-18 02:06:54,791 [ERROR] xenia_manager: Failed to add game: Xbox360Game(game_id='565507E0', title='Eragon', platform=<Platform.XBOX360: 'Xbox360'>, config_path=WindowsPath('Emulators/Xenia Canary/config/Eragon.config.toml'), favourite=False, last_played=None, play_count=0, play_time=0, emulator='xenia', emulator_version='Canary', discs=[GameDisc(media_id='3A0984B4', file_path=WindowsPath('H:/roms/xbox360/Eragon (Europe).iso'), disc_count=1, disc_type='DVD', disc_swap_required=False, disc_number=1, label=None)])
Error: Error binding parameter 1: type 'Platform' is not supported
Traceback (most recent call last):
  File "C:\PycharmProjects\xenia-game-manager\src\db.py", line 1049, in import_games_from_source
    self.add_game(game)
    ~~~~~~~~~~~~~^^^^^^
  File "C:\PycharmProjects\xenia-game-manager\src\db.py", line 1100, in add_game
    con.execute("""
    ~~~~~~~~~~~^^^^
        INSERT INTO gameplay (
        ^^^^^^^^^^^^^^^^^^^^^^
    ...<17 lines>...
        game.play_time,
        ^^^^^^^^^^^^^^^
    ))
    ^^
sqlite3.ProgrammingError: Error binding parameter 1: type 'Platform' is not supported
2026-08-18 02:06:54,814 [ERROR] xenia_manager: Failed to add game: Xbox360Game(game_id='4E4D07E2', title='Eternal Sonata', platform=<Platform.XBOX360: 'Xbox360'>, config_path=WindowsPath('Emulators/Xenia Canary/config/Eternal Sonata.config.toml'), favourite=False, last_played=None, play_count=0, play_time=0, emulator='xenia', emulator_version='Canary', discs=[GameDisc(media_id='525E9AA8', file_path=WindowsPath('H:/roms/xbox360/Eternal Sonata [PAL].iso'), disc_count=1, disc_type='DVD', disc_swap_required=False, disc_number=1, label=None)])
Error: Error binding parameter 1: type 'Platform' is not supported
Traceback (most recent call last):
  File "C:\PycharmProjects\xenia-game-manager\src\db.py", line 1049, in import_games_from_source
    self.add_game(game)
    ~~~~~~~~~~~~~^^^^^^
  File "C:\PycharmProjects\xenia-game-manager\src\db.py", line 1100, in add_game
    con.execute("""
    ~~~~~~~~~~~^^^^
        INSERT INTO gameplay (
        ^^^^^^^^^^^^^^^^^^^^^^
    ...<17 lines>...
        game.play_time,
        ^^^^^^^^^^^^^^^
    ))
    ^^
sqlite3.ProgrammingError: Error binding parameter 1: type 'Platform' is not supported
2026-08-18 02:06:54,818 [ERROR] xenia_manager: Failed to add game: Xbox360Game(game_id='434D084F', title='F1 2013 - Complete Edition', platform=<Platform.XBOX360: 'Xbox360'>, config_path=WindowsPath('Emulators/Xenia Canary/config/F1 2013 - Complete Edition.config.toml'), favourite=False, last_played=None, play_count=0, play_time=0, emulator='xenia', emulator_version='Canary', discs=[GameDisc(media_id='1B2F61B1', file_path=WindowsPath('D:/roms/xbox360/F1 2013 - Complete Edition (Europe) (En,Fr,De,Es,It,Pl,Ru).iso'), disc_count=1, disc_type='DVD', disc_swap_required=False, disc_number=1, label=None)])
Error: Error binding parameter 1: type 'Platform' is not supported
Traceback (most recent call last):
  File "C:\PycharmProjects\xenia-game-manager\src\db.py", line 1049, in import_games_from_source
    self.add_game(game)
    ~~~~~~~~~~~~~^^^^^^
  File "C:\PycharmProjects\xenia-game-manager\src\db.py", line 1100, in add_game
    con.execute("""
    ~~~~~~~~~~~^^^^
        INSERT INTO gameplay (
        ^^^^^^^^^^^^^^^^^^^^^^
    ...<17 lines>...
        game.play_time,
        ^^^^^^^^^^^^^^^
    ))
    ^^
sqlite3.ProgrammingError: Error binding parameter 1: type 'Platform' is not supported
2026-08-18 02:06:54,821 [ERROR] xenia_manager: Failed to add game: Xbox360Game(game_id='434D0849', title='F1 Race Stars', platform=<Platform.XBOX360: 'Xbox360'>, config_path=WindowsPath('Emulators/Xenia Canary/config/F1 Race Stars.config.toml'), favourite=False, last_played=None, play_count=0, play_time=19.739477381666667, emulator='xenia', emulator_version='Canary', discs=[GameDisc(media_id='332DB909', file_path=WindowsPath('H:/roms/xbox360/F1 Race Stars (USA, Europe) (En,Fr,De,Es,It,Pt,Pl).iso'), disc_count=1, disc_type='DVD', disc_swap_required=False, disc_number=1, label=None)])
Error: Error binding parameter 1: type 'Platform' is not supported
Traceback (most recent call last):
  File "C:\PycharmProjects\xenia-game-manager\src\db.py", line 1049, in import_games_from_source
    self.add_game(game)
    ~~~~~~~~~~~~~^^^^^^
  File "C:\PycharmProjects\xenia-game-manager\src\db.py", line 1100, in add_game
    con.execute("""
    ~~~~~~~~~~~^^^^
        INSERT INTO gameplay (
        ^^^^^^^^^^^^^^^^^^^^^^
    ...<17 lines>...
        game.play_time,
        ^^^^^^^^^^^^^^^
    ))
    ^^
sqlite3.ProgrammingError: Error binding parameter 1: type 'Platform' is not supported
2026-08-18 02:06:54,825 [ERROR] xenia_manager: Failed to add game: Xbox360Game(game_id='4D530A1A', title='Fable The Journey', platform=<Platform.XBOX360: 'Xbox360'>, config_path=WindowsPath('Emulators/Xenia Canary/config/Fable The Journey.config.toml'), favourite=False, last_played=None, play_count=0, play_time=0, emulator='xenia', emulator_version='Canary', discs=[GameDisc(media_id='5E2FABB9', file_path=WindowsPath('D:/roms/xbox360/Fable - The Journey (Europe) (En,It,Pt).zar'), disc_count=1, disc_type='DVD', disc_swap_required=False, disc_number=1, label=None)])
Error: Error binding parameter 1: type 'Platform' is not supported
Traceback (most recent call last):
  File "C:\PycharmProjects\xenia-game-manager\src\db.py", line 1049, in import_games_from_source
    self.add_game(game)
    ~~~~~~~~~~~~~^^^^^^
  File "C:\PycharmProjects\xenia-game-manager\src\db.py", line 1100, in add_game
    con.execute("""
    ~~~~~~~~~~~^^^^
        INSERT INTO gameplay (
        ^^^^^^^^^^^^^^^^^^^^^^
    ...<17 lines>...
        game.play_time,
        ^^^^^^^^^^^^^^^
    ))
    ^^
sqlite3.ProgrammingError: Error binding parameter 1: type 'Platform' is not supported
2026-08-18 02:06:54,828 [ERROR] xenia_manager: Failed to add game: Xbox360Game(game_id='425307E0', title='Fallout - New Vegas', platform=<Platform.XBOX360: 'Xbox360'>, config_path=WindowsPath('Emulators/Xenia Canary/config/Fallout - New Vegas.config.toml'), favourite=False, last_played=None, play_count=0, play_time=64.83310039166666, emulator='xenia', emulator_version='Canary', discs=[GameDisc(media_id='6470401C', file_path=WindowsPath('D:/roms/xbox360/Fallout - New Vegas (USA, Europe).iso'), disc_count=1, disc_type='DVD', disc_swap_required=False, disc_number=1, label=None)])
Error: Error binding parameter 1: type 'Platform' is not supported
Traceback (most recent call last):
  File "C:\PycharmProjects\xenia-game-manager\src\db.py", line 1049, in import_games_from_source
    self.add_game(game)
    ~~~~~~~~~~~~~^^^^^^
  File "C:\PycharmProjects\xenia-game-manager\src\db.py", line 1100, in add_game
    con.execute("""
    ~~~~~~~~~~~^^^^
        INSERT INTO gameplay (
        ^^^^^^^^^^^^^^^^^^^^^^
    ...<17 lines>...
        game.play_time,
        ^^^^^^^^^^^^^^^
    ))
    ^^
sqlite3.ProgrammingError: Error binding parameter 1: type 'Platform' is not supported
2026-08-18 02:06:54,831 [ERROR] xenia_manager: Failed to add game: Xbox360Game(game_id='FFED2000', title='Fallout - New Vegas - Ultimate Edition (USA)', platform=<Platform.XBOX360: 'Xbox360'>, config_path=WindowsPath('Emulators/Xenia Canary/config/Fallout - New Vegas - Ultimate Edition (USA) (Disc 2).config.toml'), favourite=False, last_played=None, play_count=0, play_time=0.635569945, emulator='xenia', emulator_version='Canary', discs=[GameDisc(media_id='30672AE2', file_path=WindowsPath('H:/roms/xbox360/Fallout - New Vegas - Ultimate Edition (USA) (Disc 2).iso'), disc_count=1, disc_type='DVD', disc_swap_required=False, disc_number=2, label=None)])
Error: Error binding parameter 1: type 'Platform' is not supported
Traceback (most recent call last):
  File "C:\PycharmProjects\xenia-game-manager\src\db.py", line 1049, in import_games_from_source
    self.add_game(game)
    ~~~~~~~~~~~~~^^^^^^
  File "C:\PycharmProjects\xenia-game-manager\src\db.py", line 1100, in add_game
    con.execute("""
    ~~~~~~~~~~~^^^^
        INSERT INTO gameplay (
        ^^^^^^^^^^^^^^^^^^^^^^
    ...<17 lines>...
        game.play_time,
        ^^^^^^^^^^^^^^^
    ))
    ^^
sqlite3.ProgrammingError: Error binding parameter 1: type 'Platform' is not supported
2026-08-18 02:06:54,835 [ERROR] xenia_manager: Failed to add game: Xbox360Game(game_id='425307D5', title='Fallout 3', platform=<Platform.XBOX360: 'Xbox360'>, config_path=WindowsPath('Emulators/Xenia Canary/config/Fallout 3.config.toml'), favourite=False, last_played=None, play_count=0, play_time=0, emulator='xenia', emulator_version='Canary', discs=[GameDisc(media_id='66420EB4', file_path=WindowsPath('H:/roms/xbox360/Fallout 3 (USA).iso'), disc_count=1, disc_type='DVD', disc_swap_required=False, disc_number=1, label=None)])
Error: Error binding parameter 1: type 'Platform' is not supported
Traceback (most recent call last):
  File "C:\PycharmProjects\xenia-game-manager\src\db.py", line 1049, in import_games_from_source
    self.add_game(game)
    ~~~~~~~~~~~~~^^^^^^
  File "C:\PycharmProjects\xenia-game-manager\src\db.py", line 1100, in add_game
    con.execute("""
    ~~~~~~~~~~~^^^^
        INSERT INTO gameplay (
        ^^^^^^^^^^^^^^^^^^^^^^
    ...<17 lines>...
        game.play_time,
        ^^^^^^^^^^^^^^^
    ))
    ^^
sqlite3.ProgrammingError: Error binding parameter 1: type 'Platform' is not supported
2026-08-18 02:06:54,838 [ERROR] xenia_manager: Failed to add game: Xbox360Game(game_id='FFED2000', title='Fallout 3 - Game of the Year Edition (USA, Europe)', platform=<Platform.XBOX360: 'Xbox360'>, config_path=WindowsPath('Emulators/Xenia Canary/config/Fallout 3 - Game of the Year Edition (USA, Europe) (Disc 2).config.toml'), favourite=False, last_played=None, play_count=0, play_time=0.8630007066666666, emulator='xenia', emulator_version='Canary', discs=[GameDisc(media_id='5749C425', file_path=WindowsPath('H:/roms/xbox360/Fallout 3 - Game of the Year Edition (USA, Europe) (Disc 2).iso'), disc_count=1, disc_type='DVD', disc_swap_required=False, disc_number=2, label=None)])
Error: Error binding parameter 1: type 'Platform' is not supported
Traceback (most recent call last):
  File "C:\PycharmProjects\xenia-game-manager\src\db.py", line 1049, in import_games_from_source
    self.add_game(game)
    ~~~~~~~~~~~~~^^^^^^
  File "C:\PycharmProjects\xenia-game-manager\src\db.py", line 1100, in add_game
    con.execute("""
    ~~~~~~~~~~~^^^^
        INSERT INTO gameplay (
        ^^^^^^^^^^^^^^^^^^^^^^
    ...<17 lines>...
        game.play_time,
        ^^^^^^^^^^^^^^^
    ))
    ^^
sqlite3.ProgrammingError: Error binding parameter 1: type 'Platform' is not supported
2026-08-18 02:06:54,843 [ERROR] xenia_manager: Failed to add game: Xbox360Game(game_id='464507E1', title='Farming Simulator 15', platform=<Platform.XBOX360: 'Xbox360'>, config_path=WindowsPath('Emulators/Xenia Canary/config/Farming Simulator 15.config.toml'), favourite=False, last_played=None, play_count=0, play_time=0, emulator='xenia', emulator_version='Canary', discs=[GameDisc(media_id='576D3D13', file_path=WindowsPath('D:/roms/xbox360/Farming Simulator 15 (USA, Europe) (En,Fr,De,Es,It,Nl,Pt,Pl,Ru).zar'), disc_count=1, disc_type='DVD', disc_swap_required=False, disc_number=1, label=None)])
Error: Error binding parameter 1: type 'Platform' is not supported
Traceback (most recent call last):
  File "C:\PycharmProjects\xenia-game-manager\src\db.py", line 1049, in import_games_from_source
    self.add_game(game)
    ~~~~~~~~~~~~~^^^^^^
  File "C:\PycharmProjects\xenia-game-manager\src\db.py", line 1100, in add_game
    con.execute("""
    ~~~~~~~~~~~^^^^
        INSERT INTO gameplay (
        ^^^^^^^^^^^^^^^^^^^^^^
    ...<17 lines>...
        game.play_time,
        ^^^^^^^^^^^^^^^
    ))
    ^^
sqlite3.ProgrammingError: Error binding parameter 1: type 'Platform' is not supported
2026-08-18 02:06:54,846 [ERROR] xenia_manager: Failed to add game: Xbox360Game(game_id='415608ED', title='Fast & Furious - Showdown', platform=<Platform.XBOX360: 'Xbox360'>, config_path=WindowsPath('Emulators/Xenia Canary/config/Fast & Furious - Showdown.config.toml'), favourite=False, last_played=None, play_count=0, play_time=0, emulator='xenia', emulator_version='Canary', discs=[GameDisc(media_id='7E4134DD', file_path=WindowsPath('H:/roms/xbox360/Fast & Furious - Showdown (USA, Europe).iso'), disc_count=1, disc_type='DVD', disc_swap_required=False, disc_number=1, label=None)])
Error: Error binding parameter 1: type 'Platform' is not supported
Traceback (most recent call last):
  File "C:\PycharmProjects\xenia-game-manager\src\db.py", line 1049, in import_games_from_source
    self.add_game(game)
    ~~~~~~~~~~~~~^^^^^^
  File "C:\PycharmProjects\xenia-game-manager\src\db.py", line 1100, in add_game
    con.execute("""
    ~~~~~~~~~~~^^^^
        INSERT INTO gameplay (
        ^^^^^^^^^^^^^^^^^^^^^^
    ...<17 lines>...
        game.play_time,
        ^^^^^^^^^^^^^^^
    ))
    ^^
sqlite3.ProgrammingError: Error binding parameter 1: type 'Platform' is not supported
2026-08-18 02:06:54,848 [ERROR] xenia_manager: Failed to add game: Xbox360Game(game_id='4B5607E3', title="Fist of the North Star - Ken's Rage 2", platform=<Platform.XBOX360: 'Xbox360'>, config_path=WindowsPath("Emulators/Xenia Canary/config/Fist of the North Star - Ken's Rage 2.config.toml"), favourite=False, last_played=None, play_count=0, play_time=0, emulator='xenia', emulator_version='Canary', discs=[GameDisc(media_id='51CFBFD9', file_path=WindowsPath("H:/roms/xbox360/Fist of the North Star - Ken's Rage 2 (USA).iso"), disc_count=1, disc_type='DVD', disc_swap_required=False, disc_number=1, label=None)])
Error: Error binding parameter 1: type 'Platform' is not supported
Traceback (most recent call last):
  File "C:\PycharmProjects\xenia-game-manager\src\db.py", line 1049, in import_games_from_source
    self.add_game(game)
    ~~~~~~~~~~~~~^^^^^^
  File "C:\PycharmProjects\xenia-game-manager\src\db.py", line 1100, in add_game
    con.execute("""
    ~~~~~~~~~~~^^^^
        INSERT INTO gameplay (
        ^^^^^^^^^^^^^^^^^^^^^^
    ...<17 lines>...
        game.play_time,
        ^^^^^^^^^^^^^^^
    ))
    ^^
sqlite3.ProgrammingError: Error binding parameter 1: type 'Platform' is not supported
2026-08-18 02:06:54,853 [ERROR] xenia_manager: Failed to add game: Xbox360Game(game_id='454D07D2', title='FlatOut Uc', platform=<Platform.XBOX360: 'Xbox360'>, config_path=WindowsPath('Emulators/Xenia Canary/config/FlatOut UC.config.toml'), favourite=False, last_played=None, play_count=0, play_time=25.989930881666666, emulator='xenia', emulator_version='Canary', discs=[GameDisc(media_id='6C323A15', file_path=WindowsPath('H:/roms/xbox360/FlatOut - Ultimate Carnage (USA, Europe) (En,Fr,De,Es,It).iso'), disc_count=1, disc_type='DVD', disc_swap_required=False, disc_number=1, label=None)])
Error: Error binding parameter 1: type 'Platform' is not supported
Traceback (most recent call last):
  File "C:\PycharmProjects\xenia-game-manager\src\db.py", line 1049, in import_games_from_source
    self.add_game(game)
    ~~~~~~~~~~~~~^^^^^^
  File "C:\PycharmProjects\xenia-game-manager\src\db.py", line 1100, in add_game
    con.execute("""
    ~~~~~~~~~~~^^^^
        INSERT INTO gameplay (
        ^^^^^^^^^^^^^^^^^^^^^^
    ...<17 lines>...
        game.play_time,
        ^^^^^^^^^^^^^^^
    ))
    ^^
sqlite3.ProgrammingError: Error binding parameter 1: type 'Platform' is not supported
2026-08-18 02:06:54,856 [ERROR] xenia_manager: Failed to add game: Xbox360Game(game_id='4D5309C9', title='Forza Horizon', platform=<Platform.XBOX360: 'Xbox360'>, config_path=WindowsPath('Emulators/Xenia Netplay/config/Forza Horizon.config.toml'), favourite=False, last_played=None, play_count=0, play_time=151.05723965333334, emulator='xenia', emulator_version='Netplay', discs=[GameDisc(media_id='4000D145', file_path=WindowsPath('H:/roms/xbox360/Forza Horizon (Europe) (En,Fr,De,Es,It,Nl).iso'), disc_count=1, disc_type='DVD', disc_swap_required=False, disc_number=1, label=None)])
Error: Error binding parameter 1: type 'Platform' is not supported
Traceback (most recent call last):
  File "C:\PycharmProjects\xenia-game-manager\src\db.py", line 1049, in import_games_from_source
    self.add_game(game)
    ~~~~~~~~~~~~~^^^^^^
  File "C:\PycharmProjects\xenia-game-manager\src\db.py", line 1100, in add_game
    con.execute("""
    ~~~~~~~~~~~^^^^
        INSERT INTO gameplay (
        ^^^^^^^^^^^^^^^^^^^^^^
    ...<17 lines>...
        game.play_time,
        ^^^^^^^^^^^^^^^
    ))
    ^^
sqlite3.ProgrammingError: Error binding parameter 1: type 'Platform' is not supported
2026-08-18 02:06:54,859 [ERROR] xenia_manager: Failed to add game: Xbox360Game(game_id='4D530AA4', title='Forza Horizon 2', platform=<Platform.XBOX360: 'Xbox360'>, config_path=WindowsPath('Emulators/Xenia Netplay/config/Forza Horizon 2.config.toml'), favourite=False, last_played=None, play_count=0, play_time=0, emulator='xenia', emulator_version='Netplay', discs=[GameDisc(media_id='7C7779D1', file_path=WindowsPath('H:/roms/xbox360/Forza Horizon 2 (USA) (En,Ja,Fr,De,Es,It,Pt,Zh,Pl,Ru).iso'), disc_count=1, disc_type='DVD', disc_swap_required=False, disc_number=1, label=None)])
Error: Error binding parameter 1: type 'Platform' is not supported
Traceback (most recent call last):
  File "C:\PycharmProjects\xenia-game-manager\src\db.py", line 1049, in import_games_from_source
    self.add_game(game)
    ~~~~~~~~~~~~~^^^^^^
  File "C:\PycharmProjects\xenia-game-manager\src\db.py", line 1100, in add_game
    con.execute("""
    ~~~~~~~~~~~^^^^
        INSERT INTO gameplay (
        ^^^^^^^^^^^^^^^^^^^^^^
    ...<17 lines>...
        game.play_time,
        ^^^^^^^^^^^^^^^
    ))
    ^^
sqlite3.ProgrammingError: Error binding parameter 1: type 'Platform' is not supported
2026-08-18 02:06:54,862 [ERROR] xenia_manager: Failed to add game: Xbox360Game(game_id='4D5307EA', title='Forza Motorsport 2', platform=<Platform.XBOX360: 'Xbox360'>, config_path=WindowsPath('Emulators/Xenia Canary/config/Forza Motorsport 2.config.toml'), favourite=False, last_played=None, play_count=0, play_time=0, emulator='xenia', emulator_version='Canary', discs=[GameDisc(media_id='3E3180AE', file_path=WindowsPath('D:/roms/xbox360/Forza Motorsport 2 (Europe) (En,Ja,Fr,De,Es,It,Zh,Ko,Pl,Cs,Hu).iso'), disc_count=1, disc_type='DVD', disc_swap_required=False, disc_number=1, label=None)])
Error: Error binding parameter 1: type 'Platform' is not supported
Traceback (most recent call last):
  File "C:\PycharmProjects\xenia-game-manager\src\db.py", line 1049, in import_games_from_source
    self.add_game(game)
    ~~~~~~~~~~~~~^^^^^^
  File "C:\PycharmProjects\xenia-game-manager\src\db.py", line 1100, in add_game
    con.execute("""
    ~~~~~~~~~~~^^^^
        INSERT INTO gameplay (
        ^^^^^^^^^^^^^^^^^^^^^^
    ...<17 lines>...
        game.play_time,
        ^^^^^^^^^^^^^^^
    ))
    ^^
sqlite3.ProgrammingError: Error binding parameter 1: type 'Platform' is not supported
2026-08-18 02:06:54,865 [ERROR] xenia_manager: Failed to add game: Xbox360Game(game_id='534507D5', title='Full Auto', platform=<Platform.XBOX360: 'Xbox360'>, config_path=WindowsPath('Emulators/Xenia Canary/config/Full Auto.config.toml'), favourite=False, last_played=None, play_count=0, play_time=0, emulator='xenia', emulator_version='Canary', discs=[GameDisc(media_id='1D5F3880', file_path=WindowsPath('H:/roms/xbox360/Full Auto (USA, Europe) (En,Fr,De,Es,It).iso'), disc_count=1, disc_type='DVD', disc_swap_required=False, disc_number=1, label=None)])
Error: Error binding parameter 1: type 'Platform' is not supported
Traceback (most recent call last):
  File "C:\PycharmProjects\xenia-game-manager\src\db.py", line 1049, in import_games_from_source
    self.add_game(game)
    ~~~~~~~~~~~~~^^^^^^
  File "C:\PycharmProjects\xenia-game-manager\src\db.py", line 1100, in add_game
    con.execute("""
    ~~~~~~~~~~~^^^^
        INSERT INTO gameplay (
        ^^^^^^^^^^^^^^^^^^^^^^
    ...<17 lines>...
        game.play_time,
        ^^^^^^^^^^^^^^^
    ))
    ^^
sqlite3.ProgrammingError: Error binding parameter 1: type 'Platform' is not supported
2026-08-18 02:06:54,868 [ERROR] xenia_manager: Failed to add game: Xbox360Game(game_id='584108BB', title='Galaga Legions', platform=<Platform.XBOX360: 'Xbox360'>, config_path=WindowsPath('Emulators/Xenia Canary/config/Galaga Legions.config.toml'), favourite=False, last_played=None, play_count=0, play_time=0, emulator='xenia', emulator_version='Canary', discs=[GameDisc(media_id='745C95D4', file_path=WindowsPath('D:/roms/xbox360/584108BB/000D0000/CED63B0E9958E30F4D3E506624A04135DBB08B3B58'), disc_count=1, disc_type='XBLA', disc_swap_required=False, disc_number=1, label=None)])
Error: Error binding parameter 1: type 'Platform' is not supported
Traceback (most recent call last):
  File "C:\PycharmProjects\xenia-game-manager\src\db.py", line 1049, in import_games_from_source
    self.add_game(game)
    ~~~~~~~~~~~~~^^^^^^
  File "C:\PycharmProjects\xenia-game-manager\src\db.py", line 1100, in add_game
    con.execute("""
    ~~~~~~~~~~~^^^^
        INSERT INTO gameplay (
        ^^^^^^^^^^^^^^^^^^^^^^
    ...<17 lines>...
        game.play_time,
        ^^^^^^^^^^^^^^^
    ))
    ^^
sqlite3.ProgrammingError: Error binding parameter 1: type 'Platform' is not supported
2026-08-18 02:06:54,872 [ERROR] xenia_manager: Failed to add game: Xbox360Game(game_id='4D530A26', title='Gears of War - Judgment', platform=<Platform.XBOX360: 'Xbox360'>, config_path=WindowsPath('Emulators/Xenia Netplay/config/Gears of War - Judgment.config.toml'), favourite=False, last_played=None, play_count=0, play_time=263.37482514333334, emulator='xenia', emulator_version='Netplay', discs=[GameDisc(media_id='3528321A', file_path=WindowsPath('D:/roms/xbox360/Gears of War - Judgment (USA, Europe) (En,Fr,Es,Nl,No,Da,Fi,Zh,Ko,Pl,Cs,Hu).iso'), disc_count=1, disc_type='DVD', disc_swap_required=False, disc_number=1, label=None)])
Error: Error binding parameter 1: type 'Platform' is not supported
Traceback (most recent call last):
  File "C:\PycharmProjects\xenia-game-manager\src\db.py", line 1049, in import_games_from_source
    self.add_game(game)
    ~~~~~~~~~~~~~^^^^^^
  File "C:\PycharmProjects\xenia-game-manager\src\db.py", line 1100, in add_game
    con.execute("""
    ~~~~~~~~~~~^^^^
        INSERT INTO gameplay (
        ^^^^^^^^^^^^^^^^^^^^^^
    ...<17 lines>...
        game.play_time,
        ^^^^^^^^^^^^^^^
    ))
    ^^
sqlite3.ProgrammingError: Error binding parameter 1: type 'Platform' is not supported
2026-08-18 02:06:54,875 [ERROR] xenia_manager: Failed to add game: Xbox360Game(game_id='4D5308AB', title='Gears of War 3', platform=<Platform.XBOX360: 'Xbox360'>, config_path=WindowsPath('Emulators/Xenia Canary/config/Gears of War 3.config.toml'), favourite=False, last_played=None, play_count=0, play_time=13.423223633333333, emulator='xenia', emulator_version='Canary', discs=[GameDisc(media_id='52AC485A', file_path=WindowsPath('D:/roms/xbox360/Gears of War 3 (UK).iso'), disc_count=1, disc_type='DVD', disc_swap_required=False, disc_number=1, label=None)])
Error: Error binding parameter 1: type 'Platform' is not supported
Traceback (most recent call last):
  File "C:\PycharmProjects\xenia-game-manager\src\db.py", line 1049, in import_games_from_source
    self.add_game(game)
    ~~~~~~~~~~~~~^^^^^^
  File "C:\PycharmProjects\xenia-game-manager\src\db.py", line 1100, in add_game
    con.execute("""
    ~~~~~~~~~~~^^^^
        INSERT INTO gameplay (
        ^^^^^^^^^^^^^^^^^^^^^^
    ...<17 lines>...
        game.play_time,
        ^^^^^^^^^^^^^^^
    ))
    ^^
sqlite3.ProgrammingError: Error binding parameter 1: type 'Platform' is not supported
2026-08-18 02:06:54,879 [ERROR] xenia_manager: Failed to add game: Xbox360Game(game_id='415608AF', title='GoldenEye 007 Reloaded', platform=<Platform.XBOX360: 'Xbox360'>, config_path=WindowsPath('Emulators/Xenia Canary/config/GoldenEye 007 Reloaded.config.toml'), favourite=False, last_played=None, play_count=0, play_time=30.144756838333333, emulator='xenia', emulator_version='Canary', discs=[GameDisc(media_id='40583A82', file_path=WindowsPath('H:/roms/xbox360/GoldenEye 007 - Reloaded (USA, Europe) (En,Fr,De,Es,It).iso'), disc_count=1, disc_type='DVD', disc_swap_required=False, disc_number=1, label=None)])
Error: Error binding parameter 1: type 'Platform' is not supported
Traceback (most recent call last):
  File "C:\PycharmProjects\xenia-game-manager\src\db.py", line 1049, in import_games_from_source
    self.add_game(game)
    ~~~~~~~~~~~~~^^^^^^
  File "C:\PycharmProjects\xenia-game-manager\src\db.py", line 1100, in add_game
    con.execute("""
    ~~~~~~~~~~~^^^^
        INSERT INTO gameplay (
        ^^^^^^^^^^^^^^^^^^^^^^
    ...<17 lines>...
        game.play_time,
        ^^^^^^^^^^^^^^^
    ))
    ^^
sqlite3.ProgrammingError: Error binding parameter 1: type 'Platform' is not supported
2026-08-18 02:06:54,883 [ERROR] xenia_manager: Failed to add game: Xbox360Game(game_id='545407F2', title='Grand Theft Auto IV', platform=<Platform.XBOX360: 'Xbox360'>, config_path=WindowsPath('Emulators/Xenia Canary/config/Grand Theft Auto IV.config.toml'), favourite=False, last_played=None, play_count=0, play_time=0, emulator='xenia', emulator_version='Canary', discs=[GameDisc(media_id='4A53F9F6', file_path=WindowsPath('D:/roms/xbox360/Grand Theft Auto IV (Europe, Asia) (En,Fr,De,Es,It).iso'), disc_count=1, disc_type='DVD', disc_swap_required=False, disc_number=1, label=None)])
Error: Error binding parameter 1: type 'Platform' is not supported
Traceback (most recent call last):
  File "C:\PycharmProjects\xenia-game-manager\src\db.py", line 1049, in import_games_from_source
    self.add_game(game)
    ~~~~~~~~~~~~~^^^^^^
  File "C:\PycharmProjects\xenia-game-manager\src\db.py", line 1100, in add_game
    con.execute("""
    ~~~~~~~~~~~^^^^
        INSERT INTO gameplay (
        ^^^^^^^^^^^^^^^^^^^^^^
    ...<17 lines>...
        game.play_time,
        ^^^^^^^^^^^^^^^
    ))
    ^^
sqlite3.ProgrammingError: Error binding parameter 1: type 'Platform' is not supported
2026-08-18 02:06:54,886 [ERROR] xenia_manager: Failed to add game: Xbox360Game(game_id='445407D4', title='Gray Matter', platform=<Platform.XBOX360: 'Xbox360'>, config_path=WindowsPath('Emulators/Xenia Canary/config/Gray Matter.config.toml'), favourite=False, last_played=None, play_count=0, play_time=0, emulator='xenia', emulator_version='Canary', discs=[GameDisc(media_id='4806A474', file_path=WindowsPath('D:/roms/xbox360/445407D4/00007000/15EC0198EE25F66A13E7'), disc_count=1, disc_type='XBLA', disc_swap_required=False, disc_number=1, label=None)])
Error: Error binding parameter 1: type 'Platform' is not supported
Traceback (most recent call last):
  File "C:\PycharmProjects\xenia-game-manager\src\db.py", line 1049, in import_games_from_source
    self.add_game(game)
    ~~~~~~~~~~~~~^^^^^^
  File "C:\PycharmProjects\xenia-game-manager\src\db.py", line 1100, in add_game
    con.execute("""
    ~~~~~~~~~~~^^^^
        INSERT INTO gameplay (
        ^^^^^^^^^^^^^^^^^^^^^^
    ...<17 lines>...
        game.play_time,
        ^^^^^^^^^^^^^^^
    ))
    ^^
sqlite3.ProgrammingError: Error binding parameter 1: type 'Platform' is not supported
2026-08-18 02:06:54,889 [ERROR] xenia_manager: Failed to add game: Xbox360Game(game_id='575207E9', title='Green Lantern - Rise of the Manhunters', platform=<Platform.XBOX360: 'Xbox360'>, config_path=WindowsPath('Emulators/Xenia Canary/config/Green Lantern - Rise of the Manhunters.config.toml'), favourite=False, last_played=None, play_count=0, play_time=3.4841014416666667, emulator='xenia', emulator_version='Canary', discs=[GameDisc(media_id='2F347A2A', file_path=WindowsPath('D:/roms/xbox360/Green Lantern - Rise of the Manhunters (Europe) (En,Fr,De,Es,It,Nl).iso'), disc_count=1, disc_type='DVD', disc_swap_required=False, disc_number=1, label=None)])
Error: Error binding parameter 1: type 'Platform' is not supported
Traceback (most recent call last):
  File "C:\PycharmProjects\xenia-game-manager\src\db.py", line 1049, in import_games_from_source
    self.add_game(game)
    ~~~~~~~~~~~~~^^^^^^
  File "C:\PycharmProjects\xenia-game-manager\src\db.py", line 1100, in add_game
    con.execute("""
    ~~~~~~~~~~~^^^^
        INSERT INTO gameplay (
        ^^^^^^^^^^^^^^^^^^^^^^
    ...<17 lines>...
        game.play_time,
        ^^^^^^^^^^^^^^^
    ))
    ^^
sqlite3.ProgrammingError: Error binding parameter 1: type 'Platform' is not supported
2026-08-18 02:06:54,893 [ERROR] xenia_manager: Failed to add game: Xbox360Game(game_id='434D07FF', title='Grid', platform=<Platform.XBOX360: 'Xbox360'>, config_path=WindowsPath('Emulators/Xenia Canary/config/GRID.config.toml'), favourite=False, last_played=None, play_count=0, play_time=0, emulator='xenia', emulator_version='Canary', discs=[GameDisc(media_id='7AE72D76', file_path=WindowsPath('H:/roms/xbox360/GRID [RF].iso'), disc_count=1, disc_type='DVD', disc_swap_required=False, disc_number=1, label=None)])
Error: Error binding parameter 1: type 'Platform' is not supported
Traceback (most recent call last):
  File "C:\PycharmProjects\xenia-game-manager\src\db.py", line 1049, in import_games_from_source
    self.add_game(game)
    ~~~~~~~~~~~~~^^^^^^
  File "C:\PycharmProjects\xenia-game-manager\src\db.py", line 1100, in add_game
    con.execute("""
    ~~~~~~~~~~~^^^^
        INSERT INTO gameplay (
        ^^^^^^^^^^^^^^^^^^^^^^
    ...<17 lines>...
        game.play_time,
        ^^^^^^^^^^^^^^^
    ))
    ^^
sqlite3.ProgrammingError: Error binding parameter 1: type 'Platform' is not supported
2026-08-18 02:06:54,896 [ERROR] xenia_manager: Failed to add game: Xbox360Game(game_id='434D0851', title='Grid Autosport', platform=<Platform.XBOX360: 'Xbox360'>, config_path=WindowsPath('Emulators/Xenia Canary/config/GRID Autosport.config.toml'), favourite=False, last_played=None, play_count=0, play_time=23.89663489, emulator='xenia', emulator_version='Canary', discs=[GameDisc(media_id='0F170E8E', file_path=WindowsPath('D:/roms/xbox360/Grid Autosport (USA, Europe) (En,Fr,De,Es,It,Pt,Pl,Ru).zar'), disc_count=1, disc_type='DVD', disc_swap_required=False, disc_number=1, label=None)])
Error: Error binding parameter 1: type 'Platform' is not supported
Traceback (most recent call last):
  File "C:\PycharmProjects\xenia-game-manager\src\db.py", line 1049, in import_games_from_source
    self.add_game(game)
    ~~~~~~~~~~~~~^^^^^^
  File "C:\PycharmProjects\xenia-game-manager\src\db.py", line 1100, in add_game
    con.execute("""
    ~~~~~~~~~~~^^^^
        INSERT INTO gameplay (
        ^^^^^^^^^^^^^^^^^^^^^^
    ...<17 lines>...
        game.play_time,
        ^^^^^^^^^^^^^^^
    ))
    ^^
sqlite3.ProgrammingError: Error binding parameter 1: type 'Platform' is not supported
2026-08-18 02:06:54,900 [ERROR] xenia_manager: Failed to add game: Xbox360Game(game_id='415607D3', title='Gun', platform=<Platform.XBOX360: 'Xbox360'>, config_path=WindowsPath('Emulators/Xenia Canary/config/Gun.config.toml'), favourite=False, last_played=None, play_count=0, play_time=27.811708303333333, emulator='xenia', emulator_version='Canary', discs=[GameDisc(media_id='00000000', file_path=WindowsPath('D:/roms/xbox360/Gun (USA) (En,Fr,Es,It).iso'), disc_count=1, disc_type='DVD', disc_swap_required=False, disc_number=1, label=None)])
Error: Error binding parameter 1: type 'Platform' is not supported
Traceback (most recent call last):
  File "C:\PycharmProjects\xenia-game-manager\src\db.py", line 1049, in import_games_from_source
    self.add_game(game)
    ~~~~~~~~~~~~~^^^^^^
  File "C:\PycharmProjects\xenia-game-manager\src\db.py", line 1100, in add_game
    con.execute("""
    ~~~~~~~~~~~^^^^
        INSERT INTO gameplay (
        ^^^^^^^^^^^^^^^^^^^^^^
    ...<17 lines>...
        game.play_time,
        ^^^^^^^^^^^^^^^
    ))
    ^^
sqlite3.ProgrammingError: Error binding parameter 1: type 'Platform' is not supported
2026-08-18 02:06:54,904 [ERROR] xenia_manager: Failed to add game: Xbox360Game(game_id='58410817', title='GYRUSS', platform=<Platform.XBOX360: 'Xbox360'>, config_path=WindowsPath('Emulators/Xenia Canary/config/GYRUSS.config.toml'), favourite=False, last_played=None, play_count=0, play_time=0, emulator='xenia', emulator_version='Canary', discs=[GameDisc(media_id='267CE7EE', file_path=WindowsPath('F:/xbox360/58410817/000D0000/06EE7AE2FFF418AB1D65384A05CB1869CB1C4FB758'), disc_count=1, disc_type='XBLA', disc_swap_required=False, disc_number=1, label=None)])
Error: Error binding parameter 1: type 'Platform' is not supported
Traceback (most recent call last):
  File "C:\PycharmProjects\xenia-game-manager\src\db.py", line 1049, in import_games_from_source
    self.add_game(game)
    ~~~~~~~~~~~~~^^^^^^
  File "C:\PycharmProjects\xenia-game-manager\src\db.py", line 1100, in add_game
    con.execute("""
    ~~~~~~~~~~~^^^^
        INSERT INTO gameplay (
        ^^^^^^^^^^^^^^^^^^^^^^
    ...<17 lines>...
        game.play_time,
        ^^^^^^^^^^^^^^^
    ))
    ^^
sqlite3.ProgrammingError: Error binding parameter 1: type 'Platform' is not supported
2026-08-18 02:06:54,909 [ERROR] xenia_manager: Failed to add game: Xbox360Game(game_id='4B4E07D3', title='Hellboy TSoE', platform=<Platform.XBOX360: 'Xbox360'>, config_path=WindowsPath('Emulators/Xenia Canary/config/Hellboy TSoE.config.toml'), favourite=False, last_played=None, play_count=0, play_time=0, emulator='xenia', emulator_version='Canary', discs=[GameDisc(media_id='67B56283', file_path=WindowsPath('H:/roms/xbox360/Hellboy - The Science of Evil (USA, Europe) (En,Fr,De,Es,It).iso'), disc_count=1, disc_type='DVD', disc_swap_required=False, disc_number=1, label=None)])
Error: Error binding parameter 1: type 'Platform' is not supported
Traceback (most recent call last):
  File "C:\PycharmProjects\xenia-game-manager\src\db.py", line 1049, in import_games_from_source
    self.add_game(game)
    ~~~~~~~~~~~~~^^^^^^
  File "C:\PycharmProjects\xenia-game-manager\src\db.py", line 1100, in add_game
    con.execute("""
    ~~~~~~~~~~~^^^^
        INSERT INTO gameplay (
        ^^^^^^^^^^^^^^^^^^^^^^
    ...<17 lines>...
        game.play_time,
        ^^^^^^^^^^^^^^^
    ))
    ^^
sqlite3.ProgrammingError: Error binding parameter 1: type 'Platform' is not supported
2026-08-18 02:06:54,913 [ERROR] xenia_manager: Failed to add game: Xbox360Game(game_id='53510804', title='Hitman Absolution', platform=<Platform.XBOX360: 'Xbox360'>, config_path=WindowsPath('Emulators/Xenia Canary/config/Hitman Absolution.config.toml'), favourite=False, last_played=None, play_count=0, play_time=0, emulator='xenia', emulator_version='Canary', discs=[GameDisc(media_id='1FE07176', file_path=WindowsPath('H:/roms/xbox360/Hitman Absolution [PAL][NTSCU].iso'), disc_count=1, disc_type='DVD', disc_swap_required=False, disc_number=1, label=None)])
Error: Error binding parameter 1: type 'Platform' is not supported
Traceback (most recent call last):
  File "C:\PycharmProjects\xenia-game-manager\src\db.py", line 1049, in import_games_from_source
    self.add_game(game)
    ~~~~~~~~~~~~~^^^^^^
  File "C:\PycharmProjects\xenia-game-manager\src\db.py", line 1100, in add_game
    con.execute("""
    ~~~~~~~~~~~^^^^
        INSERT INTO gameplay (
        ^^^^^^^^^^^^^^^^^^^^^^
    ...<17 lines>...
        game.play_time,
        ^^^^^^^^^^^^^^^
    ))
    ^^
sqlite3.ProgrammingError: Error binding parameter 1: type 'Platform' is not supported
2026-08-18 02:06:54,917 [ERROR] xenia_manager: Failed to add game: Xbox360Game(game_id='5351081C', title='Hitman HD Pack', platform=<Platform.XBOX360: 'Xbox360'>, config_path=WindowsPath('Emulators/Xenia Canary/config/Hitman HD Pack.config.toml'), favourite=False, last_played=None, play_count=0, play_time=0, emulator='xenia', emulator_version='Canary', discs=[GameDisc(media_id='63956038', file_path=WindowsPath('H:/roms/xbox360/Hitman HD Trilogy (USA, Europe) (En,Fr,De) (Disc 1).iso'), disc_count=1, disc_type='DVD', disc_swap_required=False, disc_number=1, label=None)])
Error: Error binding parameter 1: type 'Platform' is not supported
Traceback (most recent call last):
  File "C:\PycharmProjects\xenia-game-manager\src\db.py", line 1049, in import_games_from_source
    self.add_game(game)
    ~~~~~~~~~~~~~^^^^^^
  File "C:\PycharmProjects\xenia-game-manager\src\db.py", line 1100, in add_game
    con.execute("""
    ~~~~~~~~~~~^^^^
        INSERT INTO gameplay (
        ^^^^^^^^^^^^^^^^^^^^^^
    ...<17 lines>...
        game.play_time,
        ^^^^^^^^^^^^^^^
    ))
    ^^
sqlite3.ProgrammingError: Error binding parameter 1: type 'Platform' is not supported
2026-08-18 02:06:54,942 [ERROR] xenia_manager: Failed to add game: Xbox360Game(game_id='5841096A', title='Hydro Thunder Hurricane', platform=<Platform.XBOX360: 'Xbox360'>, config_path=WindowsPath('Emulators/Xenia Netplay/config/Hydro Thunder Hurricane.config.toml'), favourite=False, last_played=None, play_count=0, play_time=3.7183772166666667, emulator='xenia', emulator_version='Netplay', discs=[GameDisc(media_id='1F4C5091', file_path=WindowsPath('D:/roms/xbox360/5841096A/000D0000/17EE90959CCE5C680E1B7D3DB92A616D807CFA8358'), disc_count=1, disc_type='XBLA', disc_swap_required=False, disc_number=1, label=None)])
Error: Error binding parameter 1: type 'Platform' is not supported
Traceback (most recent call last):
  File "C:\PycharmProjects\xenia-game-manager\src\db.py", line 1049, in import_games_from_source
    self.add_game(game)
    ~~~~~~~~~~~~~^^^^^^
  File "C:\PycharmProjects\xenia-game-manager\src\db.py", line 1100, in add_game
    con.execute("""
    ~~~~~~~~~~~^^^^
        INSERT INTO gameplay (
        ^^^^^^^^^^^^^^^^^^^^^^
    ...<17 lines>...
        game.play_time,
        ^^^^^^^^^^^^^^^
    ))
    ^^
sqlite3.ProgrammingError: Error binding parameter 1: type 'Platform' is not supported
2026-08-18 02:06:54,946 [ERROR] xenia_manager: Failed to add game: Xbox360Game(game_id='5841096A', title='Hydro Thunder Hurricane (1)', platform=<Platform.XBOX360: 'Xbox360'>, config_path=WindowsPath('Emulators/Xenia Canary/config/Hydro Thunder Hurricane (1).config.toml'), favourite=False, last_played=None, play_count=0, play_time=0, emulator='xenia', emulator_version='Canary', discs=[GameDisc(media_id='1F4C5091', file_path=WindowsPath('F:/xbox360/5841096A/000D0000/17EE90959CCE5C680E1B7D3DB92A616D807CFA8358'), disc_count=1, disc_type='XBLA', disc_swap_required=False, disc_number=1, label=None)])
Error: Error binding parameter 1: type 'Platform' is not supported
Traceback (most recent call last):
  File "C:\PycharmProjects\xenia-game-manager\src\db.py", line 1049, in import_games_from_source
    self.add_game(game)
    ~~~~~~~~~~~~~^^^^^^
  File "C:\PycharmProjects\xenia-game-manager\src\db.py", line 1100, in add_game
    con.execute("""
    ~~~~~~~~~~~^^^^
        INSERT INTO gameplay (
        ^^^^^^^^^^^^^^^^^^^^^^
    ...<17 lines>...
        game.play_time,
        ^^^^^^^^^^^^^^^
    ))
    ^^
sqlite3.ProgrammingError: Error binding parameter 1: type 'Platform' is not supported
2026-08-18 02:06:54,951 [ERROR] xenia_manager: Failed to add game: Xbox360Game(game_id='464F07D1', title='Il-2 Birds of Prey', platform=<Platform.XBOX360: 'Xbox360'>, config_path=WindowsPath('Emulators/Xenia Canary/config/IL-2 Birds of Prey.config.toml'), favourite=False, last_played=None, play_count=0, play_time=61.27108672, emulator='xenia', emulator_version='Canary', discs=[GameDisc(media_id='794A557F', file_path=WindowsPath('D:/roms/xbox360/IL-2 Sturmovik - Birds of Prey.zar'), disc_count=1, disc_type='DVD', disc_swap_required=False, disc_number=1, label=None)])
Error: Error binding parameter 1: type 'Platform' is not supported
Traceback (most recent call last):
  File "C:\PycharmProjects\xenia-game-manager\src\db.py", line 1049, in import_games_from_source
    self.add_game(game)
    ~~~~~~~~~~~~~^^^^^^
  File "C:\PycharmProjects\xenia-game-manager\src\db.py", line 1100, in add_game
    con.execute("""
    ~~~~~~~~~~~^^^^
        INSERT INTO gameplay (
        ^^^^^^^^^^^^^^^^^^^^^^
    ...<17 lines>...
        game.play_time,
        ^^^^^^^^^^^^^^^
    ))
    ^^
sqlite3.ProgrammingError: Error binding parameter 1: type 'Platform' is not supported
2026-08-18 02:06:54,954 [ERROR] xenia_manager: Failed to add game: Xbox360Game(game_id='58410A1B', title='ilomilo', platform=<Platform.XBOX360: 'Xbox360'>, config_path=WindowsPath('Emulators/Xenia Canary/config/ilomilo.config.toml'), favourite=False, last_played=None, play_count=0, play_time=0, emulator='xenia', emulator_version='Canary', discs=[GameDisc(media_id='2F5D19C7', file_path=WindowsPath('D:/roms/xbox360/58410A1B/000D0000/D2BAC6E5571A96D5BB3CEF0F1A3F4F25709C951358'), disc_count=1, disc_type='XBLA', disc_swap_required=False, disc_number=1, label=None)])
Error: Error binding parameter 1: type 'Platform' is not supported
Traceback (most recent call last):
  File "C:\PycharmProjects\xenia-game-manager\src\db.py", line 1049, in import_games_from_source
    self.add_game(game)
    ~~~~~~~~~~~~~^^^^^^
  File "C:\PycharmProjects\xenia-game-manager\src\db.py", line 1100, in add_game
    con.execute("""
    ~~~~~~~~~~~^^^^
        INSERT INTO gameplay (
        ^^^^^^^^^^^^^^^^^^^^^^
    ...<17 lines>...
        game.play_time,
        ^^^^^^^^^^^^^^^
    ))
    ^^
sqlite3.ProgrammingError: Error binding parameter 1: type 'Platform' is not supported
2026-08-18 02:06:54,958 [ERROR] xenia_manager: Failed to add game: Xbox360Game(game_id='57520829', title='Injustice Gods Among Us', platform=<Platform.XBOX360: 'Xbox360'>, config_path=WindowsPath('Emulators/Xenia Canary/config/Injustice Gods Among Us.config.toml'), favourite=False, last_played=None, play_count=0, play_time=0, emulator='xenia', emulator_version='Canary', discs=[GameDisc(media_id='4590F197', file_path=WindowsPath('D:/roms/xbox360/Injustice - Gods Among Us (USA, Europe) (En,Fr,De,Es,It,Pt,Pl,Ru).zar'), disc_count=1, disc_type='DVD', disc_swap_required=False, disc_number=1, label=None)])
Error: Error binding parameter 1: type 'Platform' is not supported
Traceback (most recent call last):
  File "C:\PycharmProjects\xenia-game-manager\src\db.py", line 1049, in import_games_from_source
    self.add_game(game)
    ~~~~~~~~~~~~~^^^^^^
  File "C:\PycharmProjects\xenia-game-manager\src\db.py", line 1100, in add_game
    con.execute("""
    ~~~~~~~~~~~^^^^
        INSERT INTO gameplay (
        ^^^^^^^^^^^^^^^^^^^^^^
    ...<17 lines>...
        game.play_time,
        ^^^^^^^^^^^^^^^
    ))
    ^^
sqlite3.ProgrammingError: Error binding parameter 1: type 'Platform' is not supported
2026-08-18 02:06:54,961 [ERROR] xenia_manager: Failed to add game: Xbox360Game(game_id='5841096B', title='Ion Assault', platform=<Platform.XBOX360: 'Xbox360'>, config_path=WindowsPath('Emulators/Xenia Canary/config/Ion Assault.config.toml'), favourite=False, last_played=None, play_count=0, play_time=0, emulator='xenia', emulator_version='Canary', discs=[GameDisc(media_id='1E63207D', file_path=WindowsPath('D:/roms/xbox360/5841096B/000D0000/A467D43B3D410D452D8C992FB98C2ACBAFB557E558'), disc_count=1, disc_type='XBLA', disc_swap_required=False, disc_number=1, label=None)])
Error: Error binding parameter 1: type 'Platform' is not supported
Traceback (most recent call last):
  File "C:\PycharmProjects\xenia-game-manager\src\db.py", line 1049, in import_games_from_source
    self.add_game(game)
    ~~~~~~~~~~~~~^^^^^^
  File "C:\PycharmProjects\xenia-game-manager\src\db.py", line 1100, in add_game
    con.execute("""
    ~~~~~~~~~~~^^^^
        INSERT INTO gameplay (
        ^^^^^^^^^^^^^^^^^^^^^^
    ...<17 lines>...
        game.play_time,
        ^^^^^^^^^^^^^^^
    ))
    ^^
sqlite3.ProgrammingError: Error binding parameter 1: type 'Platform' is not supported
2026-08-18 02:06:54,965 [ERROR] xenia_manager: Failed to add game: Xbox360Game(game_id='455607D6', title='Janes Advanced Strike Fighters', platform=<Platform.XBOX360: 'Xbox360'>, config_path=WindowsPath('Emulators/Xenia Canary/config/Janes Advanced Strike Fighters.config.toml'), favourite=False, last_played=None, play_count=0, play_time=0, emulator='xenia', emulator_version='Canary', discs=[GameDisc(media_id='0661616E', file_path=WindowsPath("H:/roms/xbox360/JASF - Jane's Advanced Strike Fighters (USA, Europe) (En,Fr,De,Es,It).iso"), disc_count=1, disc_type='DVD', disc_swap_required=False, disc_number=1, label=None)])
Error: Error binding parameter 1: type 'Platform' is not supported
Traceback (most recent call last):
  File "C:\PycharmProjects\xenia-game-manager\src\db.py", line 1049, in import_games_from_source
    self.add_game(game)
    ~~~~~~~~~~~~~^^^^^^
  File "C:\PycharmProjects\xenia-game-manager\src\db.py", line 1100, in add_game
    con.execute("""
    ~~~~~~~~~~~^^^^
        INSERT INTO gameplay (
        ^^^^^^^^^^^^^^^^^^^^^^
    ...<17 lines>...
        game.play_time,
        ^^^^^^^^^^^^^^^
    ))
    ^^
sqlite3.ProgrammingError: Error binding parameter 1: type 'Platform' is not supported
2026-08-18 02:06:54,970 [ERROR] xenia_manager: Failed to add game: Xbox360Game(game_id='58411247', title='Jet Set Radio', platform=<Platform.XBOX360: 'Xbox360'>, config_path=WindowsPath('Emulators/Xenia Canary/config/Jet Set Radio.config.toml'), favourite=False, last_played=None, play_count=0, play_time=0, emulator='xenia', emulator_version='Canary', discs=[GameDisc(media_id='386BEEC7', file_path=WindowsPath('D:/roms/xbox360/58411247/000D0000/8885C3EC05FD920A80B8ED48A8A6777EC5483FA558'), disc_count=1, disc_type='XBLA', disc_swap_required=False, disc_number=1, label=None)])
Error: Error binding parameter 1: type 'Platform' is not supported
Traceback (most recent call last):
  File "C:\PycharmProjects\xenia-game-manager\src\db.py", line 1049, in import_games_from_source
    self.add_game(game)
    ~~~~~~~~~~~~~^^^^^^
  File "C:\PycharmProjects\xenia-game-manager\src\db.py", line 1100, in add_game
    con.execute("""
    ~~~~~~~~~~~^^^^
        INSERT INTO gameplay (
        ^^^^^^^^^^^^^^^^^^^^^^
    ...<17 lines>...
        game.play_time,
        ^^^^^^^^^^^^^^^
    ))
    ^^
sqlite3.ProgrammingError: Error binding parameter 1: type 'Platform' is not supported
2026-08-18 02:06:54,974 [ERROR] xenia_manager: Failed to add game: Xbox360Game(game_id='5841124E', title='JOJOS BIZARRE ADVENTURE HD Ver', platform=<Platform.XBOX360: 'Xbox360'>, config_path=WindowsPath('Emulators/Xenia Canary/config/JOJOS BIZARRE ADVENTURE HD Ver.config.toml'), favourite=False, last_played=None, play_count=0, play_time=0, emulator='xenia', emulator_version='Canary', discs=[GameDisc(media_id='21C046EF', file_path=WindowsPath('D:/roms/xbox360/5841124E/000D0000/91F727D960DAA6BAD1196AF55F7BFBCB1CE7124858'), disc_count=1, disc_type='XBLA', disc_swap_required=False, disc_number=1, label=None)])
Error: Error binding parameter 1: type 'Platform' is not supported
Traceback (most recent call last):
  File "C:\PycharmProjects\xenia-game-manager\src\db.py", line 1049, in import_games_from_source
    self.add_game(game)
    ~~~~~~~~~~~~~^^^^^^
  File "C:\PycharmProjects\xenia-game-manager\src\db.py", line 1100, in add_game
    con.execute("""
    ~~~~~~~~~~~^^^^
        INSERT INTO gameplay (
        ^^^^^^^^^^^^^^^^^^^^^^
    ...<17 lines>...
        game.play_time,
        ^^^^^^^^^^^^^^^
    ))
    ^^
sqlite3.ProgrammingError: Error binding parameter 1: type 'Platform' is not supported
2026-08-18 02:06:54,977 [ERROR] xenia_manager: Failed to add game: Xbox360Game(game_id='584107D8', title='Joust', platform=<Platform.XBOX360: 'Xbox360'>, config_path=WindowsPath('Emulators/Xenia Canary/config/Joust.config.toml'), favourite=False, last_played=None, play_count=0, play_time=0, emulator='xenia', emulator_version='Canary', discs=[GameDisc(media_id='00000000', file_path=WindowsPath('F:/xbox360/584107D8/000D0000/49A43028F0D56A4BC755C14B363E42B8C844FC1158'), disc_count=1, disc_type='XBLA', disc_swap_required=False, disc_number=1, label=None)])
Error: Error binding parameter 1: type 'Platform' is not supported
Traceback (most recent call last):
  File "C:\PycharmProjects\xenia-game-manager\src\db.py", line 1049, in import_games_from_source
    self.add_game(game)
    ~~~~~~~~~~~~~^^^^^^
  File "C:\PycharmProjects\xenia-game-manager\src\db.py", line 1100, in add_game
    con.execute("""
    ~~~~~~~~~~~^^^^
        INSERT INTO gameplay (
        ^^^^^^^^^^^^^^^^^^^^^^
    ...<17 lines>...
        game.play_time,
        ^^^^^^^^^^^^^^^
    ))
    ^^
sqlite3.ProgrammingError: Error binding parameter 1: type 'Platform' is not supported
2026-08-18 02:06:54,982 [ERROR] xenia_manager: Failed to add game: Xbox360Game(game_id='534307F8', title='Kane & Lynch 2 - Dog Days', platform=<Platform.XBOX360: 'Xbox360'>, config_path=WindowsPath('Emulators/Xenia Canary/config/Kane & Lynch 2 - Dog Days.config.toml'), favourite=False, last_played=None, play_count=0, play_time=155.59455253166666, emulator='xenia', emulator_version='Canary', discs=[GameDisc(media_id='6BBBEACA', file_path=WindowsPath('D:/roms/xbox360/Kane & Lynch 2 - Dog Days (USA, Europe) (En,Fr,Es,It).iso'), disc_count=1, disc_type='DVD', disc_swap_required=False, disc_number=1, label=None)])
Error: Error binding parameter 1: type 'Platform' is not supported
Traceback (most recent call last):
  File "C:\PycharmProjects\xenia-game-manager\src\db.py", line 1049, in import_games_from_source
    self.add_game(game)
    ~~~~~~~~~~~~~^^^^^^
  File "C:\PycharmProjects\xenia-game-manager\src\db.py", line 1100, in add_game
    con.execute("""
    ~~~~~~~~~~~^^^^
        INSERT INTO gameplay (
        ^^^^^^^^^^^^^^^^^^^^^^
    ...<17 lines>...
        game.play_time,
        ^^^^^^^^^^^^^^^
    ))
    ^^
sqlite3.ProgrammingError: Error binding parameter 1: type 'Platform' is not supported
2026-08-18 02:06:54,986 [ERROR] xenia_manager: Failed to add game: Xbox360Game(game_id='534307E0', title='Kane and Lynch Dead Men', platform=<Platform.XBOX360: 'Xbox360'>, config_path=WindowsPath('Emulators/Xenia Canary/config/Kane and Lynch Dead Men.config.toml'), favourite=False, last_played=None, play_count=0, play_time=0, emulator='xenia', emulator_version='Canary', discs=[GameDisc(media_id='6095B29C', file_path=WindowsPath('D:/roms/xbox360/Kane & Lynch - Dead Men (World) (En,Fr,De,Es,It).zar'), disc_count=1, disc_type='DVD', disc_swap_required=False, disc_number=1, label=None)])
Error: Error binding parameter 1: type 'Platform' is not supported
Traceback (most recent call last):
  File "C:\PycharmProjects\xenia-game-manager\src\db.py", line 1049, in import_games_from_source
    self.add_game(game)
    ~~~~~~~~~~~~~^^^^^^
  File "C:\PycharmProjects\xenia-game-manager\src\db.py", line 1100, in add_game
    con.execute("""
    ~~~~~~~~~~~^^^^
        INSERT INTO gameplay (
        ^^^^^^^^^^^^^^^^^^^^^^
    ...<17 lines>...
        game.play_time,
        ^^^^^^^^^^^^^^^
    ))
    ^^
sqlite3.ProgrammingError: Error binding parameter 1: type 'Platform' is not supported
2026-08-18 02:06:54,990 [ERROR] xenia_manager: Failed to add game: Xbox360Game(game_id='41560926', title='Kings Quest The Complete Collection', platform=<Platform.XBOX360: 'Xbox360'>, config_path=WindowsPath('Emulators/Xenia Canary/config/Kings Quest The Complete Collection.config.toml'), favourite=False, last_played=None, play_count=0, play_time=0, emulator='xenia', emulator_version='Canary', discs=[GameDisc(media_id='5C2E5879', file_path=WindowsPath('F:/xbox360/Kings Quest The Complete Collection/Compatibility & TU7/41560926/00007000/9E5ED855D30A8B2A08E88C9623FCDD5E41'), disc_count=1, disc_type='XBLA', disc_swap_required=False, disc_number=1, label=None)])
Error: Error binding parameter 1: type 'Platform' is not supported
Traceback (most recent call last):
  File "C:\PycharmProjects\xenia-game-manager\src\db.py", line 1049, in import_games_from_source
    self.add_game(game)
    ~~~~~~~~~~~~~^^^^^^
  File "C:\PycharmProjects\xenia-game-manager\src\db.py", line 1100, in add_game
    con.execute("""
    ~~~~~~~~~~~^^^^
        INSERT INTO gameplay (
        ^^^^^^^^^^^^^^^^^^^^^^
    ...<17 lines>...
        game.play_time,
        ^^^^^^^^^^^^^^^
    ))
    ^^
sqlite3.ProgrammingError: Error binding parameter 1: type 'Platform' is not supported
2026-08-18 02:06:54,994 [ERROR] xenia_manager: Failed to add game: Xbox360Game(game_id='575207F1', title="Legend of the Guardians - The Owls of Ga'Hoole", platform=<Platform.XBOX360: 'Xbox360'>, config_path=WindowsPath("Emulators/Xenia Canary/config/Legend of the Guardians - The Owls of Ga'Hoole.config.toml"), favourite=False, last_played=None, play_count=0, play_time=0, emulator='xenia', emulator_version='Canary', discs=[GameDisc(media_id='0223928C', file_path=WindowsPath("H:/roms/xbox360/Legend of the Guardians - The Owls of Ga'Hoole (USA, Europe).zar"), disc_count=1, disc_type='DVD', disc_swap_required=False, disc_number=1, label=None)])
Error: Error binding parameter 1: type 'Platform' is not supported
Traceback (most recent call last):
  File "C:\PycharmProjects\xenia-game-manager\src\db.py", line 1049, in import_games_from_source
    self.add_game(game)
    ~~~~~~~~~~~~~^^^^^^
  File "C:\PycharmProjects\xenia-game-manager\src\db.py", line 1100, in add_game
    con.execute("""
    ~~~~~~~~~~~^^^^
        INSERT INTO gameplay (
        ^^^^^^^^^^^^^^^^^^^^^^
    ...<17 lines>...
        game.play_time,
        ^^^^^^^^^^^^^^^
    ))
    ^^
sqlite3.ProgrammingError: Error binding parameter 1: type 'Platform' is not supported
2026-08-18 02:06:54,997 [ERROR] xenia_manager: Failed to add game: Xbox360Game(game_id='4D530888', title='Lips', platform=<Platform.XBOX360: 'Xbox360'>, config_path=WindowsPath('Emulators/Xenia Canary/config/Lips.config.toml'), favourite=False, last_played=None, play_count=0, play_time=0, emulator='xenia', emulator_version='Canary', discs=[GameDisc(media_id='39B3E0D7', file_path=WindowsPath('D:/roms/xbox360/Lips - I Love the 80s (Europe).zar'), disc_count=1, disc_type='DVD', disc_swap_required=False, disc_number=1, label=None)])
Error: Error binding parameter 1: type 'Platform' is not supported
Traceback (most recent call last):
  File "C:\PycharmProjects\xenia-game-manager\src\db.py", line 1049, in import_games_from_source
    self.add_game(game)
    ~~~~~~~~~~~~~^^^^^^
  File "C:\PycharmProjects\xenia-game-manager\src\db.py", line 1100, in add_game
    con.execute("""
    ~~~~~~~~~~~^^^^
        INSERT INTO gameplay (
        ^^^^^^^^^^^^^^^^^^^^^^
    ...<17 lines>...
        game.play_time,
        ^^^^^^^^^^^^^^^
    ))
    ^^
sqlite3.ProgrammingError: Error binding parameter 1: type 'Platform' is not supported
2026-08-18 02:06:55,001 [ERROR] xenia_manager: Failed to add game: Xbox360Game(game_id='565707D0', title='Lollipop Chainsaw', platform=<Platform.XBOX360: 'Xbox360'>, config_path=WindowsPath('Emulators/Xenia Canary/config/Lollipop Chainsaw.config.toml'), favourite=False, last_played=None, play_count=0, play_time=0, emulator='xenia', emulator_version='Canary', discs=[GameDisc(media_id='31BE13D9', file_path=WindowsPath('H:/roms/xbox360/Lollipop Chainsaw (USA, Europe) (En,Fr,De,Es,It,Pt,Ru).zar'), disc_count=1, disc_type='DVD', disc_swap_required=False, disc_number=1, label=None)])
Error: Error binding parameter 1: type 'Platform' is not supported
Traceback (most recent call last):
  File "C:\PycharmProjects\xenia-game-manager\src\db.py", line 1049, in import_games_from_source
    self.add_game(game)
    ~~~~~~~~~~~~~^^^^^^
  File "C:\PycharmProjects\xenia-game-manager\src\db.py", line 1100, in add_game
    con.execute("""
    ~~~~~~~~~~~^^^^
        INSERT INTO gameplay (
        ^^^^^^^^^^^^^^^^^^^^^^
    ...<17 lines>...
        game.play_time,
        ^^^^^^^^^^^^^^^
    ))
    ^^
sqlite3.ProgrammingError: Error binding parameter 1: type 'Platform' is not supported
2026-08-18 02:06:55,005 [ERROR] xenia_manager: Failed to add game: Xbox360Game(game_id='575207D5', title='Looney Tunes - Acme Arsenal', platform=<Platform.XBOX360: 'Xbox360'>, config_path=WindowsPath('Emulators/Xenia Canary/config/Looney Tunes - Acme Arsenal.config.toml'), favourite=False, last_played=None, play_count=0, play_time=0, emulator='xenia', emulator_version='Canary', discs=[GameDisc(media_id='34690674', file_path=WindowsPath('D:/roms/xbox360/Looney Tunes - Acme Arsenal (Europe).iso'), disc_count=1, disc_type='DVD', disc_swap_required=False, disc_number=1, label=None)])
Error: Error binding parameter 1: type 'Platform' is not supported
Traceback (most recent call last):
  File "C:\PycharmProjects\xenia-game-manager\src\db.py", line 1049, in import_games_from_source
    self.add_game(game)
    ~~~~~~~~~~~~~^^^^^^
  File "C:\PycharmProjects\xenia-game-manager\src\db.py", line 1100, in add_game
    con.execute("""
    ~~~~~~~~~~~^^^^
        INSERT INTO gameplay (
        ^^^^^^^^^^^^^^^^^^^^^^
    ...<17 lines>...
        game.play_time,
        ^^^^^^^^^^^^^^^
    ))
    ^^
sqlite3.ProgrammingError: Error binding parameter 1: type 'Platform' is not supported
2026-08-18 02:06:55,008 [ERROR] xenia_manager: Failed to add game: Xbox360Game(game_id='5553080F', title='Lost - Via Domus', platform=<Platform.XBOX360: 'Xbox360'>, config_path=WindowsPath('Emulators/Xenia Canary/config/Lost - Via Domus.config.toml'), favourite=False, last_played=None, play_count=0, play_time=59.0159991, emulator='xenia', emulator_version='Canary', discs=[GameDisc(media_id='77FA3439', file_path=WindowsPath('D:/roms/xbox360/Lost - Via Domus (USA, Europe) (En,Fr,De,Es,It).iso'), disc_count=1, disc_type='DVD', disc_swap_required=False, disc_number=1, label=None)])
Error: Error binding parameter 1: type 'Platform' is not supported
Traceback (most recent call last):
  File "C:\PycharmProjects\xenia-game-manager\src\db.py", line 1049, in import_games_from_source
    self.add_game(game)
    ~~~~~~~~~~~~~^^^^^^
  File "C:\PycharmProjects\xenia-game-manager\src\db.py", line 1100, in add_game
    con.execute("""
    ~~~~~~~~~~~^^^^
        INSERT INTO gameplay (
        ^^^^^^^^^^^^^^^^^^^^^^
    ...<17 lines>...
        game.play_time,
        ^^^^^^^^^^^^^^^
    ))
    ^^
sqlite3.ProgrammingError: Error binding parameter 1: type 'Platform' is not supported
2026-08-18 02:06:55,011 [ERROR] xenia_manager: Failed to add game: Xbox360Game(game_id='4D5307FA', title='Lost Odyssey', platform=<Platform.XBOX360: 'Xbox360'>, config_path=WindowsPath('Emulators/Xenia Canary/config/Lost Odyssey (Disc 1).config.toml'), favourite=False, last_played=None, play_count=0, play_time=0, emulator='xenia', emulator_version='Canary', discs=[GameDisc(media_id='368DE6DD', file_path=WindowsPath('D:/roms/xbox360/Lost Odyssey (USA, Europe) (En,Ja,Fr,De,Es,It) (Disc 1).iso'), disc_count=1, disc_type='DVD', disc_swap_required=False, disc_number=1, label=None)])
Error: Error binding parameter 1: type 'Platform' is not supported
Traceback (most recent call last):
  File "C:\PycharmProjects\xenia-game-manager\src\db.py", line 1049, in import_games_from_source
    self.add_game(game)
    ~~~~~~~~~~~~~^^^^^^
  File "C:\PycharmProjects\xenia-game-manager\src\db.py", line 1100, in add_game
    con.execute("""
    ~~~~~~~~~~~^^^^
        INSERT INTO gameplay (
        ^^^^^^^^^^^^^^^^^^^^^^
    ...<17 lines>...
        game.play_time,
        ^^^^^^^^^^^^^^^
    ))
    ^^
sqlite3.ProgrammingError: Error binding parameter 1: type 'Platform' is not supported
2026-08-18 02:06:55,016 [ERROR] xenia_manager: Failed to add game: Xbox360Game(game_id='545407E6', title='Mafia II', platform=<Platform.XBOX360: 'Xbox360'>, config_path=WindowsPath('Emulators/Xenia Canary/config/Mafia II.config.toml'), favourite=False, last_played=None, play_count=0, play_time=67.49653325333334, emulator='xenia', emulator_version='Canary', discs=[GameDisc(media_id='03DFE3C7', file_path=WindowsPath('H:/roms/xbox360/Mafia II (Europe) (En,De,It).zar'), disc_count=1, disc_type='DVD', disc_swap_required=False, disc_number=1, label=None)])
Error: Error binding parameter 1: type 'Platform' is not supported
Traceback (most recent call last):
  File "C:\PycharmProjects\xenia-game-manager\src\db.py", line 1049, in import_games_from_source
    self.add_game(game)
    ~~~~~~~~~~~~~^^^^^^
  File "C:\PycharmProjects\xenia-game-manager\src\db.py", line 1100, in add_game
    con.execute("""
    ~~~~~~~~~~~^^^^
        INSERT INTO gameplay (
        ^^^^^^^^^^^^^^^^^^^^^^
    ...<17 lines>...
        game.play_time,
        ^^^^^^^^^^^^^^^
    ))
    ^^
sqlite3.ProgrammingError: Error binding parameter 1: type 'Platform' is not supported
2026-08-18 02:06:55,020 [ERROR] xenia_manager: Failed to add game: Xbox360Game(game_id='4B4E085E', title='Metal Gear Solid V - The Phantom Pain', platform=<Platform.XBOX360: 'Xbox360'>, config_path=WindowsPath('Emulators/Xenia Canary/config/Metal Gear Solid V - The Phantom Pain (Disc 1).config.toml'), favourite=False, last_played=None, play_count=0, play_time=0, emulator='xenia', emulator_version='Canary', discs=[GameDisc(media_id='1FF1D358', file_path=WindowsPath('D:/roms/xbox360/Metal Gear Solid V - The Phantom Pain (USA, Europe) (En,Ja,Fr,De,Es,It,Pt,Ru) (Disc 1).zar'), disc_count=1, disc_type='DVD', disc_swap_required=False, disc_number=1, label=None)])
Error: Error binding parameter 1: type 'Platform' is not supported
Traceback (most recent call last):
  File "C:\PycharmProjects\xenia-game-manager\src\db.py", line 1049, in import_games_from_source
    self.add_game(game)
    ~~~~~~~~~~~~~^^^^^^
  File "C:\PycharmProjects\xenia-game-manager\src\db.py", line 1100, in add_game
    con.execute("""
    ~~~~~~~~~~~^^^^
        INSERT INTO gameplay (
        ^^^^^^^^^^^^^^^^^^^^^^
    ...<17 lines>...
        game.play_time,
        ^^^^^^^^^^^^^^^
    ))
    ^^
sqlite3.ProgrammingError: Error binding parameter 1: type 'Platform' is not supported
2026-08-18 02:06:55,023 [ERROR] xenia_manager: Failed to add game: Xbox360Game(game_id='4B4D07F5', title='Metro Last Light', platform=<Platform.XBOX360: 'Xbox360'>, config_path=WindowsPath('Emulators/Xenia Canary/config/Metro Last Light.config.toml'), favourite=False, last_played=None, play_count=0, play_time=0, emulator='xenia', emulator_version='Canary', discs=[GameDisc(media_id='654E69E5', file_path=WindowsPath('H:/roms/xbox360/Metro - Last Light (World) (En,Fr,De,Es,It,Nl,Pl,Ru,Cs).zar'), disc_count=1, disc_type='DVD', disc_swap_required=False, disc_number=1, label=None)])
Error: Error binding parameter 1: type 'Platform' is not supported
Traceback (most recent call last):
  File "C:\PycharmProjects\xenia-game-manager\src\db.py", line 1049, in import_games_from_source
    self.add_game(game)
    ~~~~~~~~~~~~~^^^^^^
  File "C:\PycharmProjects\xenia-game-manager\src\db.py", line 1100, in add_game
    con.execute("""
    ~~~~~~~~~~~^^^^
        INSERT INTO gameplay (
        ^^^^^^^^^^^^^^^^^^^^^^
    ...<17 lines>...
        game.play_time,
        ^^^^^^^^^^^^^^^
    ))
    ^^
sqlite3.ProgrammingError: Error binding parameter 1: type 'Platform' is not supported
2026-08-18 02:06:55,026 [ERROR] xenia_manager: Failed to add game: Xbox360Game(game_id='415608D3', title='MIB - Alien Crisis', platform=<Platform.XBOX360: 'Xbox360'>, config_path=WindowsPath('Emulators/Xenia Canary/config/MIB - Alien Crisis.config.toml'), favourite=False, last_played=None, play_count=0, play_time=0, emulator='xenia', emulator_version='Canary', discs=[GameDisc(media_id='5C2D0F09', file_path=WindowsPath('H:/roms/xbox360/MIB - Alien Crisis (USA, Europe) (En,Fr,De,Es,It).iso'), disc_count=1, disc_type='DVD', disc_swap_required=False, disc_number=1, label=None)])
Error: Error binding parameter 1: type 'Platform' is not supported
Traceback (most recent call last):
  File "C:\PycharmProjects\xenia-game-manager\src\db.py", line 1049, in import_games_from_source
    self.add_game(game)
    ~~~~~~~~~~~~~^^^^^^
  File "C:\PycharmProjects\xenia-game-manager\src\db.py", line 1100, in add_game
    con.execute("""
    ~~~~~~~~~~~^^^^
        INSERT INTO gameplay (
        ^^^^^^^^^^^^^^^^^^^^^^
    ...<17 lines>...
        game.play_time,
        ^^^^^^^^^^^^^^^
    ))
    ^^
sqlite3.ProgrammingError: Error binding parameter 1: type 'Platform' is not supported
2026-08-18 02:06:55,030 [ERROR] xenia_manager: Failed to add game: Xbox360Game(game_id='545407F8', title='Midnight Club Los Angeles Complete', platform=<Platform.XBOX360: 'Xbox360'>, config_path=WindowsPath('Emulators/Xenia Canary/config/Midnight Club Los Angeles Complete.config.toml'), favourite=False, last_played=None, play_count=0, play_time=0, emulator='xenia', emulator_version='Canary', discs=[GameDisc(media_id='5940C9DB', file_path=WindowsPath('D:/roms/xbox360/Midnight Club - Los Angeles - Complete Edition (USA, Europe).iso'), disc_count=1, disc_type='DVD', disc_swap_required=False, disc_number=1, label=None)])
Error: Error binding parameter 1: type 'Platform' is not supported
Traceback (most recent call last):
  File "C:\PycharmProjects\xenia-game-manager\src\db.py", line 1049, in import_games_from_source
    self.add_game(game)
    ~~~~~~~~~~~~~^^^^^^
  File "C:\PycharmProjects\xenia-game-manager\src\db.py", line 1100, in add_game
    con.execute("""
    ~~~~~~~~~~~^^^^
        INSERT INTO gameplay (
        ^^^^^^^^^^^^^^^^^^^^^^
    ...<17 lines>...
        game.play_time,
        ^^^^^^^^^^^^^^^
    ))
    ^^
sqlite3.ProgrammingError: Error binding parameter 1: type 'Platform' is not supported
2026-08-18 02:06:55,033 [ERROR] xenia_manager: Failed to add game: Xbox360Game(game_id='58410A19', title='Might Magic Clash of Heroes', platform=<Platform.XBOX360: 'Xbox360'>, config_path=WindowsPath('Emulators/Xenia Canary/config/Might Magic Clash of Heroes.config.toml'), favourite=False, last_played=None, play_count=0, play_time=0, emulator='xenia', emulator_version='Canary', discs=[GameDisc(media_id='00A147F4', file_path=WindowsPath('D:/roms/xbox360/000D0000/F39732706B59E86B7DB12EDBC19E1D2EFB13C34F58'), disc_count=1, disc_type='DVD', disc_swap_required=False, disc_number=1, label=None)])
Error: Error binding parameter 1: type 'Platform' is not supported
Traceback (most recent call last):
  File "C:\PycharmProjects\xenia-game-manager\src\db.py", line 1049, in import_games_from_source
    self.add_game(game)
    ~~~~~~~~~~~~~^^^^^^
  File "C:\PycharmProjects\xenia-game-manager\src\db.py", line 1100, in add_game
    con.execute("""
    ~~~~~~~~~~~^^^^
        INSERT INTO gameplay (
        ^^^^^^^^^^^^^^^^^^^^^^
    ...<17 lines>...
        game.play_time,
        ^^^^^^^^^^^^^^^
    ))
    ^^
sqlite3.ProgrammingError: Error binding parameter 1: type 'Platform' is not supported
2026-08-18 02:06:55,037 [ERROR] xenia_manager: Failed to add game: Xbox360Game(game_id='464F07D7', title='MorphX', platform=<Platform.XBOX360: 'Xbox360'>, config_path=WindowsPath('Emulators/Xenia Canary/config/MorphX.config.toml'), favourite=False, last_played=None, play_count=0, play_time=0, emulator='xenia', emulator_version='Canary', discs=[GameDisc(media_id='686650A7', file_path=WindowsPath('D:/roms/xbox360/MorphX (USA, Europe).iso'), disc_count=1, disc_type='DVD', disc_swap_required=False, disc_number=1, label=None)])
Error: Error binding parameter 1: type 'Platform' is not supported
Traceback (most recent call last):
  File "C:\PycharmProjects\xenia-game-manager\src\db.py", line 1049, in import_games_from_source
    self.add_game(game)
    ~~~~~~~~~~~~~^^^^^^
  File "C:\PycharmProjects\xenia-game-manager\src\db.py", line 1100, in add_game
    con.execute("""
    ~~~~~~~~~~~^^^^
        INSERT INTO gameplay (
        ^^^^^^^^^^^^^^^^^^^^^^
    ...<17 lines>...
        game.play_time,
        ^^^^^^^^^^^^^^^
    ))
    ^^
sqlite3.ProgrammingError: Error binding parameter 1: type 'Platform' is not supported
2026-08-18 02:06:55,040 [ERROR] xenia_manager: Failed to add game: Xbox360Game(game_id='573607E0', title='Motorcycle Club', platform=<Platform.XBOX360: 'Xbox360'>, config_path=WindowsPath('Emulators/Xenia Canary/config/Motorcycle Club.config.toml'), favourite=False, last_played=None, play_count=0, play_time=0, emulator='xenia', emulator_version='Canary', discs=[GameDisc(media_id='426D6368', file_path=WindowsPath('D:/roms/xbox360/Motorcycle Club (Europe).iso'), disc_count=1, disc_type='DVD', disc_swap_required=False, disc_number=1, label=None)])
Error: Error binding parameter 1: type 'Platform' is not supported
Traceback (most recent call last):
  File "C:\PycharmProjects\xenia-game-manager\src\db.py", line 1049, in import_games_from_source
    self.add_game(game)
    ~~~~~~~~~~~~~^^^^^^
  File "C:\PycharmProjects\xenia-game-manager\src\db.py", line 1100, in add_game
    con.execute("""
    ~~~~~~~~~~~^^^^
        INSERT INTO gameplay (
        ^^^^^^^^^^^^^^^^^^^^^^
    ...<17 lines>...
        game.play_time,
        ^^^^^^^^^^^^^^^
    ))
    ^^
sqlite3.ProgrammingError: Error binding parameter 1: type 'Platform' is not supported
2026-08-18 02:06:55,043 [ERROR] xenia_manager: Failed to add game: Xbox360Game(game_id='58410837', title='Ms PAC-MAN', platform=<Platform.XBOX360: 'Xbox360'>, config_path=WindowsPath('Emulators/Xenia Canary/config/Ms PAC-MAN.config.toml'), favourite=False, last_played=None, play_count=0, play_time=0, emulator='xenia', emulator_version='Canary', discs=[GameDisc(media_id='00000000', file_path=WindowsPath('D:/roms/xbox360/58410837/000D0000/16CDE0861522E9FBC23FBC157CF82EEC049E25DC58'), disc_count=1, disc_type='XBLA', disc_swap_required=False, disc_number=1, label=None)])
Error: Error binding parameter 1: type 'Platform' is not supported
Traceback (most recent call last):
  File "C:\PycharmProjects\xenia-game-manager\src\db.py", line 1049, in import_games_from_source
    self.add_game(game)
    ~~~~~~~~~~~~~^^^^^^
  File "C:\PycharmProjects\xenia-game-manager\src\db.py", line 1100, in add_game
    con.execute("""
    ~~~~~~~~~~~^^^^
        INSERT INTO gameplay (
        ^^^^^^^^^^^^^^^^^^^^^^
    ...<17 lines>...
        game.play_time,
        ^^^^^^^^^^^^^^^
    ))
    ^^
sqlite3.ProgrammingError: Error binding parameter 1: type 'Platform' is not supported
2026-08-18 02:06:55,046 [ERROR] xenia_manager: Failed to add game: Xbox360Game(game_id='5841085C', title='N', platform=<Platform.XBOX360: 'Xbox360'>, config_path=WindowsPath('Emulators/Xenia Canary/config/N.config.toml'), favourite=False, last_played=None, play_count=0, play_time=0, emulator='xenia', emulator_version='Canary', discs=[GameDisc(media_id='6F676B1B', file_path=WindowsPath('D:/roms/xbox360/000D0000/6AC90DB8C28AD3284860400B801F8A8C825095C058'), disc_count=1, disc_type='DVD', disc_swap_required=False, disc_number=1, label=None)])
Error: Error binding parameter 1: type 'Platform' is not supported
Traceback (most recent call last):
  File "C:\PycharmProjects\xenia-game-manager\src\db.py", line 1049, in import_games_from_source
    self.add_game(game)
    ~~~~~~~~~~~~~^^^^^^
  File "C:\PycharmProjects\xenia-game-manager\src\db.py", line 1100, in add_game
    con.execute("""
    ~~~~~~~~~~~^^^^
        INSERT INTO gameplay (
        ^^^^^^^^^^^^^^^^^^^^^^
    ...<17 lines>...
        game.play_time,
        ^^^^^^^^^^^^^^^
    ))
    ^^
sqlite3.ProgrammingError: Error binding parameter 1: type 'Platform' is not supported
2026-08-18 02:06:55,050 [ERROR] xenia_manager: Failed to add game: Xbox360Game(game_id='4B4D07E0', title="Nail'd", platform=<Platform.XBOX360: 'Xbox360'>, config_path=WindowsPath("Emulators/Xenia Canary/config/Nail'd.config.toml"), favourite=False, last_played=None, play_count=0, play_time=0, emulator='xenia', emulator_version='Canary', discs=[GameDisc(media_id='38252BA4', file_path=WindowsPath("D:/roms/xbox360/Nail'd.zar"), disc_count=1, disc_type='DVD', disc_swap_required=False, disc_number=1, label=None)])
Error: Error binding parameter 1: type 'Platform' is not supported
Traceback (most recent call last):
  File "C:\PycharmProjects\xenia-game-manager\src\db.py", line 1049, in import_games_from_source
    self.add_game(game)
    ~~~~~~~~~~~~~^^^^^^
  File "C:\PycharmProjects\xenia-game-manager\src\db.py", line 1100, in add_game
    con.execute("""
    ~~~~~~~~~~~^^^^
        INSERT INTO gameplay (
        ^^^^^^^^^^^^^^^^^^^^^^
    ...<17 lines>...
        game.play_time,
        ^^^^^^^^^^^^^^^
    ))
    ^^
sqlite3.ProgrammingError: Error binding parameter 1: type 'Platform' is not supported
2026-08-18 02:06:55,053 [ERROR] xenia_manager: Failed to add game: Xbox360Game(game_id='4E4D87F3', title='Namco Museum - Virtual Arcade', platform=<Platform.XBOX360: 'Xbox360'>, config_path=WindowsPath('Emulators/Xenia Canary/config/Namco Museum - Virtual Arcade.config.toml'), favourite=False, last_played=None, play_count=0, play_time=0, emulator='xenia', emulator_version='Canary', discs=[GameDisc(media_id='5B640B4F', file_path=WindowsPath('D:/roms/xbox360/Namco Museum - Virtual Arcade (USA) (En,Fr) (Rev 1).iso'), disc_count=1, disc_type='DVD', disc_swap_required=False, disc_number=1, label=None)])
Error: Error binding parameter 1: type 'Platform' is not supported
Traceback (most recent call last):
  File "C:\PycharmProjects\xenia-game-manager\src\db.py", line 1049, in import_games_from_source
    self.add_game(game)
    ~~~~~~~~~~~~~^^^^^^
  File "C:\PycharmProjects\xenia-game-manager\src\db.py", line 1100, in add_game
    con.execute("""
    ~~~~~~~~~~~^^^^
        INSERT INTO gameplay (
        ^^^^^^^^^^^^^^^^^^^^^^
    ...<17 lines>...
        game.play_time,
        ^^^^^^^^^^^^^^^
    ))
    ^^
sqlite3.ProgrammingError: Error binding parameter 1: type 'Platform' is not supported
2026-08-18 02:06:55,057 [ERROR] xenia_manager: Failed to add game: Xbox360Game(game_id='4E4D0842', title='Naruto Shippuden Ultimate Ninja Storm Generations', platform=<Platform.XBOX360: 'Xbox360'>, config_path=WindowsPath('Emulators/Xenia Canary/config/NARUTO SHIPPUDEN Ultimate Ninja STORM Generations.config.toml'), favourite=False, last_played=None, play_count=0, play_time=0, emulator='xenia', emulator_version='Canary', discs=[GameDisc(media_id='38C12502', file_path=WindowsPath('D:/roms/xbox360/Naruto Shippuden - Ultimate Ninja Storm Generations.zar'), disc_count=1, disc_type='DVD', disc_swap_required=False, disc_number=1, label=None)])
Error: Error binding parameter 1: type 'Platform' is not supported
Traceback (most recent call last):
  File "C:\PycharmProjects\xenia-game-manager\src\db.py", line 1049, in import_games_from_source
    self.add_game(game)
    ~~~~~~~~~~~~~^^^^^^
  File "C:\PycharmProjects\xenia-game-manager\src\db.py", line 1100, in add_game
    con.execute("""
    ~~~~~~~~~~~^^^^
        INSERT INTO gameplay (
        ^^^^^^^^^^^^^^^^^^^^^^
    ...<17 lines>...
        game.play_time,
        ^^^^^^^^^^^^^^^
    ))
    ^^
sqlite3.ProgrammingError: Error binding parameter 1: type 'Platform' is not supported
2026-08-18 02:06:55,060 [ERROR] xenia_manager: Failed to add game: Xbox360Game(game_id='464F07D8', title='Naughty Bear', platform=<Platform.XBOX360: 'Xbox360'>, config_path=WindowsPath('Emulators/Xenia Canary/config/Naughty Bear.config.toml'), favourite=False, last_played=None, play_count=0, play_time=0, emulator='xenia', emulator_version='Canary', discs=[GameDisc(media_id='11D21D75', file_path=WindowsPath('H:/roms/xbox360/Naughty Bear Gold Edition [PAL][NTSCU].iso'), disc_count=1, disc_type='DVD', disc_swap_required=False, disc_number=1, label=None)])
Error: Error binding parameter 1: type 'Platform' is not supported
Traceback (most recent call last):
  File "C:\PycharmProjects\xenia-game-manager\src\db.py", line 1049, in import_games_from_source
    self.add_game(game)
    ~~~~~~~~~~~~~^^^^^^
  File "C:\PycharmProjects\xenia-game-manager\src\db.py", line 1100, in add_game
    con.execute("""
    ~~~~~~~~~~~^^^^
        INSERT INTO gameplay (
        ^^^^^^^^^^^^^^^^^^^^^^
    ...<17 lines>...
        game.play_time,
        ^^^^^^^^^^^^^^^
    ))
    ^^
sqlite3.ProgrammingError: Error binding parameter 1: type 'Platform' is not supported
2026-08-18 02:06:55,063 [ERROR] xenia_manager: Failed to add game: Xbox360Game(game_id='454107EC', title='Need for Speed Carbon', platform=<Platform.XBOX360: 'Xbox360'>, config_path=WindowsPath('Emulators/Xenia Canary/config/Need for Speed Carbon.config.toml'), favourite=False, last_played=None, play_count=0, play_time=12.930819075, emulator='xenia', emulator_version='Canary', discs=[GameDisc(media_id='5E74E60D', file_path=WindowsPath('H:/roms/xbox360/Need for Speed Carbon Collectors Edition [PAL].ISO'), disc_count=1, disc_type='DVD', disc_swap_required=False, disc_number=1, label=None)])
Error: Error binding parameter 1: type 'Platform' is not supported
Traceback (most recent call last):
  File "C:\PycharmProjects\xenia-game-manager\src\db.py", line 1049, in import_games_from_source
    self.add_game(game)
    ~~~~~~~~~~~~~^^^^^^
  File "C:\PycharmProjects\xenia-game-manager\src\db.py", line 1100, in add_game
    con.execute("""
    ~~~~~~~~~~~^^^^
        INSERT INTO gameplay (
        ^^^^^^^^^^^^^^^^^^^^^^
    ...<17 lines>...
        game.play_time,
        ^^^^^^^^^^^^^^^
    ))
    ^^
sqlite3.ProgrammingError: Error binding parameter 1: type 'Platform' is not supported
2026-08-18 02:06:55,066 [ERROR] xenia_manager: Failed to add game: Xbox360Game(game_id='454109C6', title='Need for Speed Rivals', platform=<Platform.XBOX360: 'Xbox360'>, config_path=WindowsPath('Emulators/Xenia Canary/config/Need for Speed Rivals.config.toml'), favourite=False, last_played=None, play_count=0, play_time=1.28078019, emulator='xenia', emulator_version='Canary', discs=[GameDisc(media_id='603CD4F9', file_path=WindowsPath('H:/roms/xbox360/Need for Speed - Rivals (USA, Europe) (En,Ja,Fr,De,Es,It,Nl,Pt,Zh,Pl,Ru).zar'), disc_count=1, disc_type='DVD', disc_swap_required=False, disc_number=1, label=None)])
Error: Error binding parameter 1: type 'Platform' is not supported
Traceback (most recent call last):
  File "C:\PycharmProjects\xenia-game-manager\src\db.py", line 1049, in import_games_from_source
    self.add_game(game)
    ~~~~~~~~~~~~~^^^^^^
  File "C:\PycharmProjects\xenia-game-manager\src\db.py", line 1100, in add_game
    con.execute("""
    ~~~~~~~~~~~^^^^
        INSERT INTO gameplay (
        ^^^^^^^^^^^^^^^^^^^^^^
    ...<17 lines>...
        game.play_time,
        ^^^^^^^^^^^^^^^
    ))
    ^^
sqlite3.ProgrammingError: Error binding parameter 1: type 'Platform' is not supported
2026-08-18 02:06:55,069 [ERROR] xenia_manager: Failed to add game: Xbox360Game(game_id='4541094A', title='Need For Speed The Run', platform=<Platform.XBOX360: 'Xbox360'>, config_path=WindowsPath('Emulators/Xenia Canary/config/NEED FOR SPEED THE RUN.config.toml'), favourite=False, last_played=None, play_count=0, play_time=0, emulator='xenia', emulator_version='Canary', discs=[GameDisc(media_id='7ADE6DD0', file_path=WindowsPath('H:/roms/xbox360/Need for Speed - The Run (USA) (En,Fr,Es).zar'), disc_count=1, disc_type='DVD', disc_swap_required=False, disc_number=1, label=None)])
Error: Error binding parameter 1: type 'Platform' is not supported
Traceback (most recent call last):
  File "C:\PycharmProjects\xenia-game-manager\src\db.py", line 1049, in import_games_from_source
    self.add_game(game)
    ~~~~~~~~~~~~~^^^^^^
  File "C:\PycharmProjects\xenia-game-manager\src\db.py", line 1100, in add_game
    con.execute("""
    ~~~~~~~~~~~^^^^
        INSERT INTO gameplay (
        ^^^^^^^^^^^^^^^^^^^^^^
    ...<17 lines>...
        game.play_time,
        ^^^^^^^^^^^^^^^
    ))
    ^^
sqlite3.ProgrammingError: Error binding parameter 1: type 'Platform' is not supported
2026-08-18 02:06:55,074 [ERROR] xenia_manager: Failed to add game: Xbox360Game(game_id='454107D9', title='NFS Most Wanted', platform=<Platform.XBOX360: 'Xbox360'>, config_path=WindowsPath('Emulators/Xenia Canary/config/NFS Most Wanted.config.toml'), favourite=False, last_played=None, play_count=0, play_time=0, emulator='xenia', emulator_version='Canary', discs=[GameDisc(media_id='00000000', file_path=WindowsPath('D:/roms/xbox360/Need for Speed - Most Wanted (USA).iso'), disc_count=1, disc_type='DVD', disc_swap_required=False, disc_number=1, label=None)])
Error: Error binding parameter 1: type 'Platform' is not supported
Traceback (most recent call last):
  File "C:\PycharmProjects\xenia-game-manager\src\db.py", line 1049, in import_games_from_source
    self.add_game(game)
    ~~~~~~~~~~~~~^^^^^^
  File "C:\PycharmProjects\xenia-game-manager\src\db.py", line 1100, in add_game
    con.execute("""
    ~~~~~~~~~~~^^^^
        INSERT INTO gameplay (
        ^^^^^^^^^^^^^^^^^^^^^^
    ...<17 lines>...
        game.play_time,
        ^^^^^^^^^^^^^^^
    ))
    ^^
sqlite3.ProgrammingError: Error binding parameter 1: type 'Platform' is not supported
2026-08-18 02:06:55,078 [ERROR] xenia_manager: Failed to add game: Xbox360Game(game_id='4D4A07D5', title='Night at the Museum 2', platform=<Platform.XBOX360: 'Xbox360'>, config_path=WindowsPath('Emulators/Xenia Canary/config/Night at the Museum\xa02.config.toml'), favourite=False, last_played=None, play_count=0, play_time=0, emulator='xenia', emulator_version='Canary', discs=[GameDisc(media_id='10A4C729', file_path=WindowsPath('D:/roms/xbox360/Night at the Museum - Battle of the Smithsonian - The Video Game (USA, Europe) (En,Fr,De).iso'), disc_count=1, disc_type='DVD', disc_swap_required=False, disc_number=1, label=None)])
Error: Error binding parameter 1: type 'Platform' is not supported
Traceback (most recent call last):
  File "C:\PycharmProjects\xenia-game-manager\src\db.py", line 1049, in import_games_from_source
    self.add_game(game)
    ~~~~~~~~~~~~~^^^^^^
  File "C:\PycharmProjects\xenia-game-manager\src\db.py", line 1100, in add_game
    con.execute("""
    ~~~~~~~~~~~^^^^
        INSERT INTO gameplay (
        ^^^^^^^^^^^^^^^^^^^^^^
    ...<17 lines>...
        game.play_time,
        ^^^^^^^^^^^^^^^
    ))
    ^^
sqlite3.ProgrammingError: Error binding parameter 1: type 'Platform' is not supported
2026-08-18 02:06:55,098 [ERROR] xenia_manager: Failed to add game: Xbox360Game(game_id='4B5907E5', title='Omerta - City of Gangsters', platform=<Platform.XBOX360: 'Xbox360'>, config_path=WindowsPath('Emulators/Xenia Canary/config/Omerta - City of Gangsters.config.toml'), favourite=False, last_played=None, play_count=0, play_time=3.1159068983333333, emulator='xenia', emulator_version='Canary', discs=[GameDisc(media_id='70A2E689', file_path=WindowsPath('D:/roms/xbox360/Omerta - City of Gangsters (USA, Europe).iso'), disc_count=1, disc_type='DVD', disc_swap_required=False, disc_number=1, label=None)])
Error: Error binding parameter 1: type 'Platform' is not supported
Traceback (most recent call last):
  File "C:\PycharmProjects\xenia-game-manager\src\db.py", line 1049, in import_games_from_source
    self.add_game(game)
    ~~~~~~~~~~~~~^^^^^^
  File "C:\PycharmProjects\xenia-game-manager\src\db.py", line 1100, in add_game
    con.execute("""
    ~~~~~~~~~~~^^^^
        INSERT INTO gameplay (
        ^^^^^^^^^^^^^^^^^^^^^^
    ...<17 lines>...
        game.play_time,
        ^^^^^^^^^^^^^^^
    ))
    ^^
sqlite3.ProgrammingError: Error binding parameter 1: type 'Platform' is not supported
2026-08-18 02:06:55,101 [ERROR] xenia_manager: Failed to add game: Xbox360Game(game_id='445007EA', title='Onechanbara - Bikini Samurai Squad', platform=<Platform.XBOX360: 'Xbox360'>, config_path=WindowsPath('Emulators/Xenia Canary/config/Onechanbara - Bikini Samurai Squad.config.toml'), favourite=False, last_played=None, play_count=0, play_time=0, emulator='xenia', emulator_version='Canary', discs=[GameDisc(media_id='31A55A84', file_path=WindowsPath('D:/roms/xbox360/Onechanbara - Bikini Samurai Squad (USA, Europe) (En,Fr).iso'), disc_count=1, disc_type='DVD', disc_swap_required=False, disc_number=1, label=None)])
Error: Error binding parameter 1: type 'Platform' is not supported
Traceback (most recent call last):
  File "C:\PycharmProjects\xenia-game-manager\src\db.py", line 1049, in import_games_from_source
    self.add_game(game)
    ~~~~~~~~~~~~~^^^^^^
  File "C:\PycharmProjects\xenia-game-manager\src\db.py", line 1100, in add_game
    con.execute("""
    ~~~~~~~~~~~^^^^
        INSERT INTO gameplay (
        ^^^^^^^^^^^^^^^^^^^^^^
    ...<17 lines>...
        game.play_time,
        ^^^^^^^^^^^^^^^
    ))
    ^^
sqlite3.ProgrammingError: Error binding parameter 1: type 'Platform' is not supported
2026-08-18 02:06:55,106 [ERROR] xenia_manager: Failed to add game: Xbox360Game(game_id='4B4E083A', title='Otomedius Excellent', platform=<Platform.XBOX360: 'Xbox360'>, config_path=WindowsPath('Emulators/Xenia Canary/config/Otomedius Excellent.config.toml'), favourite=False, last_played=None, play_count=0, play_time=0, emulator='xenia', emulator_version='Canary', discs=[GameDisc(media_id='244A2C90', file_path=WindowsPath('D:/roms/xbox360/Otomedius Excellent (USA, Canada).iso'), disc_count=1, disc_type='DVD', disc_swap_required=False, disc_number=1, label=None)])
Error: Error binding parameter 1: type 'Platform' is not supported
Traceback (most recent call last):
  File "C:\PycharmProjects\xenia-game-manager\src\db.py", line 1049, in import_games_from_source
    self.add_game(game)
    ~~~~~~~~~~~~~^^^^^^
  File "C:\PycharmProjects\xenia-game-manager\src\db.py", line 1100, in add_game
    con.execute("""
    ~~~~~~~~~~~^^^^
        INSERT INTO gameplay (
        ^^^^^^^^^^^^^^^^^^^^^^
    ...<17 lines>...
        game.play_time,
        ^^^^^^^^^^^^^^^
    ))
    ^^
sqlite3.ProgrammingError: Error binding parameter 1: type 'Platform' is not supported
2026-08-18 02:06:55,112 [ERROR] xenia_manager: Failed to add game: Xbox360Game(game_id='4B4E07EE', title='Otomedius Gorgeous!', platform=<Platform.XBOX360: 'Xbox360'>, config_path=WindowsPath('Emulators/Xenia Canary/config/Otomedius Gorgeous!.config.toml'), favourite=False, last_played=None, play_count=0, play_time=13.942277838333334, emulator='xenia', emulator_version='Canary', discs=[GameDisc(media_id='1EA01EB1', file_path=WindowsPath('D:/roms/xbox360/Otomedius Gorgeous! (Japan).iso'), disc_count=1, disc_type='DVD', disc_swap_required=False, disc_number=1, label=None)])
Error: Error binding parameter 1: type 'Platform' is not supported
Traceback (most recent call last):
  File "C:\PycharmProjects\xenia-game-manager\src\db.py", line 1049, in import_games_from_source
    self.add_game(game)
    ~~~~~~~~~~~~~^^^^^^
  File "C:\PycharmProjects\xenia-game-manager\src\db.py", line 1100, in add_game
    con.execute("""
    ~~~~~~~~~~~^^^^
        INSERT INTO gameplay (
        ^^^^^^^^^^^^^^^^^^^^^^
    ...<17 lines>...
        game.play_time,
        ^^^^^^^^^^^^^^^
    ))
    ^^
sqlite3.ProgrammingError: Error binding parameter 1: type 'Platform' is not supported
2026-08-18 02:06:55,115 [ERROR] xenia_manager: Failed to add game: Xbox360Game(game_id='58410811', title='PAC-MAN', platform=<Platform.XBOX360: 'Xbox360'>, config_path=WindowsPath('Emulators/Xenia Canary/config/PAC-MAN.config.toml'), favourite=False, last_played=None, play_count=0, play_time=0, emulator='xenia', emulator_version='Canary', discs=[GameDisc(media_id='00000000', file_path=WindowsPath('D:/roms/xbox360/58410811/000D0000/AE2EAEAF0A68E40EA6B04C46A1B5729B29068CDC58'), disc_count=1, disc_type='XBLA', disc_swap_required=False, disc_number=1, label=None)])
Error: Error binding parameter 1: type 'Platform' is not supported
Traceback (most recent call last):
  File "C:\PycharmProjects\xenia-game-manager\src\db.py", line 1049, in import_games_from_source
    self.add_game(game)
    ~~~~~~~~~~~~~^^^^^^
  File "C:\PycharmProjects\xenia-game-manager\src\db.py", line 1100, in add_game
    con.execute("""
    ~~~~~~~~~~~^^^^
        INSERT INTO gameplay (
        ^^^^^^^^^^^^^^^^^^^^^^
    ...<17 lines>...
        game.play_time,
        ^^^^^^^^^^^^^^^
    ))
    ^^
sqlite3.ProgrammingError: Error binding parameter 1: type 'Platform' is not supported
2026-08-18 02:06:55,119 [ERROR] xenia_manager: Failed to add game: Xbox360Game(game_id='58410A8C', title='PAC-MAN Championship Edition DX', platform=<Platform.XBOX360: 'Xbox360'>, config_path=WindowsPath('Emulators/Xenia Canary/config/PAC-MAN Championship Edition DX.config.toml'), favourite=False, last_played=None, play_count=0, play_time=0, emulator='xenia', emulator_version='Canary', discs=[GameDisc(media_id='491BC35A', file_path=WindowsPath('D:/roms/xbox360/58410A8C/000D0000/38D034D6344630EE7876DF7742227F9ED065219058'), disc_count=1, disc_type='XBLA', disc_swap_required=False, disc_number=1, label=None)])
Error: Error binding parameter 1: type 'Platform' is not supported
Traceback (most recent call last):
  File "C:\PycharmProjects\xenia-game-manager\src\db.py", line 1049, in import_games_from_source
    self.add_game(game)
    ~~~~~~~~~~~~~^^^^^^
  File "C:\PycharmProjects\xenia-game-manager\src\db.py", line 1100, in add_game
    con.execute("""
    ~~~~~~~~~~~^^^^
        INSERT INTO gameplay (
        ^^^^^^^^^^^^^^^^^^^^^^
    ...<17 lines>...
        game.play_time,
        ^^^^^^^^^^^^^^^
    ))
    ^^
sqlite3.ProgrammingError: Error binding parameter 1: type 'Platform' is not supported
2026-08-18 02:06:55,123 [ERROR] xenia_manager: Failed to add game: Xbox360Game(game_id='464F0800', title='Payday 2', platform=<Platform.XBOX360: 'Xbox360'>, config_path=WindowsPath('Emulators/Xenia Canary/config/PAYDAY 2.config.toml'), favourite=False, last_played=None, play_count=0, play_time=0, emulator='xenia', emulator_version='Canary', discs=[GameDisc(media_id='53E88EFA', file_path=WindowsPath('D:/roms/xbox360/Payday 2.zar'), disc_count=1, disc_type='DVD', disc_swap_required=False, disc_number=1, label=None)])
Error: Error binding parameter 1: type 'Platform' is not supported
Traceback (most recent call last):
  File "C:\PycharmProjects\xenia-game-manager\src\db.py", line 1049, in import_games_from_source
    self.add_game(game)
    ~~~~~~~~~~~~~^^^^^^
  File "C:\PycharmProjects\xenia-game-manager\src\db.py", line 1100, in add_game
    con.execute("""
    ~~~~~~~~~~~^^^^
        INSERT INTO gameplay (
        ^^^^^^^^^^^^^^^^^^^^^^
    ...<17 lines>...
        game.play_time,
        ^^^^^^^^^^^^^^^
    ))
    ^^
sqlite3.ProgrammingError: Error binding parameter 1: type 'Platform' is not supported
2026-08-18 02:06:55,127 [ERROR] xenia_manager: Failed to add game: Xbox360Game(game_id='415407E2', title='Persona 4 Arena Ultimax', platform=<Platform.XBOX360: 'Xbox360'>, config_path=WindowsPath('Emulators/Xenia Canary/config/Persona 4 Arena Ultimax.config.toml'), favourite=False, last_played=None, play_count=0, play_time=0, emulator='xenia', emulator_version='Canary', discs=[GameDisc(media_id='46D5242F', file_path=WindowsPath('D:/roms/xbox360/Persona 4 Arena Ultimax (Europe).iso'), disc_count=1, disc_type='DVD', disc_swap_required=False, disc_number=1, label=None)])
Error: Error binding parameter 1: type 'Platform' is not supported
Traceback (most recent call last):
  File "C:\PycharmProjects\xenia-game-manager\src\db.py", line 1049, in import_games_from_source
    self.add_game(game)
    ~~~~~~~~~~~~~^^^^^^
  File "C:\PycharmProjects\xenia-game-manager\src\db.py", line 1100, in add_game
    con.execute("""
    ~~~~~~~~~~~^^^^
        INSERT INTO gameplay (
        ^^^^^^^^^^^^^^^^^^^^^^
    ...<17 lines>...
        game.play_time,
        ^^^^^^^^^^^^^^^
    ))
    ^^
sqlite3.ProgrammingError: Error binding parameter 1: type 'Platform' is not supported
2026-08-18 02:06:55,131 [ERROR] xenia_manager: Failed to add game: Xbox360Game(game_id='555307D3', title='Peter Jacksons King Kong', platform=<Platform.XBOX360: 'Xbox360'>, config_path=WindowsPath('Emulators/Xenia Mousehook/config/Peter Jacksons King Kong.config.toml'), favourite=False, last_played=None, play_count=0, play_time=8.627778276666668, emulator='xenia', emulator_version='Mousehook', discs=[GameDisc(media_id='00000000', file_path=WindowsPath("D:/roms/xbox360/Peter Jackson's King Kong - The Official Game of the Movie (USA, Europe) (En,Fr,De,Es,It,Nl,Sv,No,Da,Fi).iso"), disc_count=1, disc_type='DVD', disc_swap_required=False, disc_number=1, label=None)])
Error: Error binding parameter 1: type 'Platform' is not supported
Traceback (most recent call last):
  File "C:\PycharmProjects\xenia-game-manager\src\db.py", line 1049, in import_games_from_source
    self.add_game(game)
    ~~~~~~~~~~~~~^^^^^^
  File "C:\PycharmProjects\xenia-game-manager\src\db.py", line 1100, in add_game
    con.execute("""
    ~~~~~~~~~~~^^^^
        INSERT INTO gameplay (
        ^^^^^^^^^^^^^^^^^^^^^^
    ...<17 lines>...
        game.play_time,
        ^^^^^^^^^^^^^^^
    ))
    ^^
sqlite3.ProgrammingError: Error binding parameter 1: type 'Platform' is not supported
2026-08-18 02:06:55,135 [ERROR] xenia_manager: Failed to add game: Xbox360Game(game_id='435607D7', title='Pinball Hall of Fame', platform=<Platform.XBOX360: 'Xbox360'>, config_path=WindowsPath('Emulators/Xenia Canary/config/Pinball Hall of Fame.config.toml'), favourite=False, last_played=None, play_count=0, play_time=0, emulator='xenia', emulator_version='Canary', discs=[GameDisc(media_id='7A939E11', file_path=WindowsPath('D:/roms/xbox360/Pinball Hall of Fame - The Williams Collection (USA).iso'), disc_count=1, disc_type='DVD', disc_swap_required=False, disc_number=1, label=None)])
Error: Error binding parameter 1: type 'Platform' is not supported
Traceback (most recent call last):
  File "C:\PycharmProjects\xenia-game-manager\src\db.py", line 1049, in import_games_from_source
    self.add_game(game)
    ~~~~~~~~~~~~~^^^^^^
  File "C:\PycharmProjects\xenia-game-manager\src\db.py", line 1100, in add_game
    con.execute("""
    ~~~~~~~~~~~^^^^
        INSERT INTO gameplay (
        ^^^^^^^^^^^^^^^^^^^^^^
    ...<17 lines>...
        game.play_time,
        ^^^^^^^^^^^^^^^
    ))
    ^^
sqlite3.ProgrammingError: Error binding parameter 1: type 'Platform' is not supported
2026-08-18 02:06:55,139 [ERROR] xenia_manager: Failed to add game: Xbox360Game(game_id='504707D1', title='PopCap Arcade Vol 1 (USA)', platform=<Platform.XBOX360: 'Xbox360'>, config_path=WindowsPath('Emulators/Xenia Canary/config/PopCap Arcade Vol 1 (USA).config.toml'), favourite=False, last_played=None, play_count=0, play_time=0.28926775666666665, emulator='xenia', emulator_version='Canary', discs=[GameDisc(media_id='5ED353BF', file_path=WindowsPath('D:/roms/xbox360/PopCap Arcade Vol 1 (USA).iso'), disc_count=1, disc_type='DVD', disc_swap_required=False, disc_number=1, label=None)])
Error: Error binding parameter 1: type 'Platform' is not supported
Traceback (most recent call last):
  File "C:\PycharmProjects\xenia-game-manager\src\db.py", line 1049, in import_games_from_source
    self.add_game(game)
    ~~~~~~~~~~~~~^^^^^^
  File "C:\PycharmProjects\xenia-game-manager\src\db.py", line 1100, in add_game
    con.execute("""
    ~~~~~~~~~~~^^^^
        INSERT INTO gameplay (
        ^^^^^^^^^^^^^^^^^^^^^^
    ...<17 lines>...
        game.play_time,
        ^^^^^^^^^^^^^^^
    ))
    ^^
sqlite3.ProgrammingError: Error binding parameter 1: type 'Platform' is not supported
2026-08-18 02:06:55,143 [ERROR] xenia_manager: Failed to add game: Xbox360Game(game_id='45410912', title='Portal 2', platform=<Platform.XBOX360: 'Xbox360'>, config_path=WindowsPath('Emulators/Xenia Canary/config/Portal 2.config.toml'), favourite=False, last_played=None, play_count=0, play_time=0, emulator='xenia', emulator_version='Canary', discs=[GameDisc(media_id='0E7A7EB3', file_path=WindowsPath('H:/roms/xbox360/Portal 2 [RF].iso'), disc_count=1, disc_type='DVD', disc_swap_required=False, disc_number=1, label=None)])
Error: Error binding parameter 1: type 'Platform' is not supported
Traceback (most recent call last):
  File "C:\PycharmProjects\xenia-game-manager\src\db.py", line 1049, in import_games_from_source
    self.add_game(game)
    ~~~~~~~~~~~~~^^^^^^
  File "C:\PycharmProjects\xenia-game-manager\src\db.py", line 1100, in add_game
    con.execute("""
    ~~~~~~~~~~~^^^^
        INSERT INTO gameplay (
        ^^^^^^^^^^^^^^^^^^^^^^
    ...<17 lines>...
        game.play_time,
        ^^^^^^^^^^^^^^^
    ))
    ^^
sqlite3.ProgrammingError: Error binding parameter 1: type 'Platform' is not supported
2026-08-18 02:06:55,146 [ERROR] xenia_manager: Failed to add game: Xbox360Game(game_id='535107D4', title='Project Sylpheed - Arc of Deception', platform=<Platform.XBOX360: 'Xbox360'>, config_path=WindowsPath('Emulators/Xenia Canary/config/Project Sylpheed - Arc of Deception.config.toml'), favourite=False, last_played=None, play_count=0, play_time=0, emulator='xenia', emulator_version='Canary', discs=[GameDisc(media_id='2D2E2EEB', file_path=WindowsPath('D:/roms/xbox360/Project Sylpheed - Arc of Deception (USA, Europe) (En,Ja).iso'), disc_count=1, disc_type='DVD', disc_swap_required=False, disc_number=1, label=None)])
Error: Error binding parameter 1: type 'Platform' is not supported
Traceback (most recent call last):
  File "C:\PycharmProjects\xenia-game-manager\src\db.py", line 1049, in import_games_from_source
    self.add_game(game)
    ~~~~~~~~~~~~~^^^^^^
  File "C:\PycharmProjects\xenia-game-manager\src\db.py", line 1100, in add_game
    con.execute("""
    ~~~~~~~~~~~^^^^
        INSERT INTO gameplay (
        ^^^^^^^^^^^^^^^^^^^^^^
    ...<17 lines>...
        game.play_time,
        ^^^^^^^^^^^^^^^
    ))
    ^^
sqlite3.ProgrammingError: Error binding parameter 1: type 'Platform' is not supported
2026-08-18 02:06:55,151 [ERROR] xenia_manager: Failed to add game: Xbox360Game(game_id='4156084E', title='Prototype', platform=<Platform.XBOX360: 'Xbox360'>, config_path=WindowsPath('Emulators/Xenia Canary/config/PROTOTYPE.config.toml'), favourite=False, last_played=None, play_count=0, play_time=0, emulator='xenia', emulator_version='Canary', discs=[GameDisc(media_id='32211A45', file_path=WindowsPath('D:/roms/xbox360/Prototype (World) (En,Fr,Es,It).zar'), disc_count=1, disc_type='DVD', disc_swap_required=False, disc_number=1, label=None)])
Error: Error binding parameter 1: type 'Platform' is not supported
Traceback (most recent call last):
  File "C:\PycharmProjects\xenia-game-manager\src\db.py", line 1049, in import_games_from_source
    self.add_game(game)
    ~~~~~~~~~~~~~^^^^^^
  File "C:\PycharmProjects\xenia-game-manager\src\db.py", line 1100, in add_game
    con.execute("""
    ~~~~~~~~~~~^^^^
        INSERT INTO gameplay (
        ^^^^^^^^^^^^^^^^^^^^^^
    ...<17 lines>...
        game.play_time,
        ^^^^^^^^^^^^^^^
    ))
    ^^
sqlite3.ProgrammingError: Error binding parameter 1: type 'Platform' is not supported
2026-08-18 02:06:55,155 [ERROR] xenia_manager: Failed to add game: Xbox360Game(game_id='415607D2', title='Quake 4', platform=<Platform.XBOX360: 'Xbox360'>, config_path=WindowsPath('Emulators/Xenia Canary/config/QUAKE 4.config.toml'), favourite=False, last_played=None, play_count=0, play_time=0, emulator='xenia', emulator_version='Canary', discs=[GameDisc(media_id='00000000', file_path=WindowsPath('D:/roms/xbox360/Quake 4.zar'), disc_count=1, disc_type='DVD', disc_swap_required=False, disc_number=1, label=None)])
Error: Error binding parameter 1: type 'Platform' is not supported
Traceback (most recent call last):
  File "C:\PycharmProjects\xenia-game-manager\src\db.py", line 1049, in import_games_from_source
    self.add_game(game)
    ~~~~~~~~~~~~~^^^^^^
  File "C:\PycharmProjects\xenia-game-manager\src\db.py", line 1100, in add_game
    con.execute("""
    ~~~~~~~~~~~^^^^
        INSERT INTO gameplay (
        ^^^^^^^^^^^^^^^^^^^^^^
    ...<17 lines>...
        game.play_time,
        ^^^^^^^^^^^^^^^
    ))
    ^^
sqlite3.ProgrammingError: Error binding parameter 1: type 'Platform' is not supported
2026-08-18 02:06:55,158 [ERROR] xenia_manager: Failed to add game: Xbox360Game(game_id='584108AD', title='R-Type Dimensions', platform=<Platform.XBOX360: 'Xbox360'>, config_path=WindowsPath('Emulators/Xenia Canary/config/R-Type Dimensions.config.toml'), favourite=False, last_played=None, play_count=0, play_time=5.226080146666667, emulator='xenia', emulator_version='Canary', discs=[GameDisc(media_id='57E2F642', file_path=WindowsPath('F:/xbox360/584108AD/000D0000/79A4BF150EBD4C60FBEAC4C50C0D4DE217E723EF'), disc_count=1, disc_type='XBLA', disc_swap_required=False, disc_number=1, label=None)])
Error: Error binding parameter 1: type 'Platform' is not supported
Traceback (most recent call last):
  File "C:\PycharmProjects\xenia-game-manager\src\db.py", line 1049, in import_games_from_source
    self.add_game(game)
    ~~~~~~~~~~~~~^^^^^^
  File "C:\PycharmProjects\xenia-game-manager\src\db.py", line 1100, in add_game
    con.execute("""
    ~~~~~~~~~~~^^^^
        INSERT INTO gameplay (
        ^^^^^^^^^^^^^^^^^^^^^^
    ...<17 lines>...
        game.play_time,
        ^^^^^^^^^^^^^^^
    ))
    ^^
sqlite3.ProgrammingError: Error binding parameter 1: type 'Platform' is not supported
2026-08-18 02:06:55,162 [ERROR] xenia_manager: Failed to add game: Xbox360Game(game_id='425307EC', title='Rage', platform=<Platform.XBOX360: 'Xbox360'>, config_path=WindowsPath('Emulators/Xenia Canary/config/Rage (Disc 1).config.toml'), favourite=False, last_played=None, play_count=0, play_time=0, emulator='xenia', emulator_version='Canary', discs=[GameDisc(media_id='0A5883E2', file_path=WindowsPath('H:/roms/xbox360/Rage (Europe) (Disc 1).iso'), disc_count=1, disc_type='DVD', disc_swap_required=False, disc_number=1, label=None)])
Error: Error binding parameter 1: type 'Platform' is not supported
Traceback (most recent call last):
  File "C:\PycharmProjects\xenia-game-manager\src\db.py", line 1049, in import_games_from_source
    self.add_game(game)
    ~~~~~~~~~~~~~^^^^^^
  File "C:\PycharmProjects\xenia-game-manager\src\db.py", line 1100, in add_game
    con.execute("""
    ~~~~~~~~~~~^^^^
        INSERT INTO gameplay (
        ^^^^^^^^^^^^^^^^^^^^^^
    ...<17 lines>...
        game.play_time,
        ^^^^^^^^^^^^^^^
    ))
    ^^
sqlite3.ProgrammingError: Error binding parameter 1: type 'Platform' is not supported
2026-08-18 02:06:55,165 [ERROR] xenia_manager: Failed to add game: Xbox360Game(game_id='425307EC', title='Rage', platform=<Platform.XBOX360: 'Xbox360'>, config_path=WindowsPath('Emulators/Xenia Canary/config/Rage (Disc 2).config.toml'), favourite=False, last_played=None, play_count=0, play_time=0, emulator='xenia', emulator_version='Canary', discs=[GameDisc(media_id='3277646A', file_path=WindowsPath('H:/roms/xbox360/Rage (Europe) (Fr,De,Es,It) (Disc 2).iso'), disc_count=1, disc_type='DVD', disc_swap_required=False, disc_number=2, label=None)])
Error: Error binding parameter 1: type 'Platform' is not supported
Traceback (most recent call last):
  File "C:\PycharmProjects\xenia-game-manager\src\db.py", line 1049, in import_games_from_source
    self.add_game(game)
    ~~~~~~~~~~~~~^^^^^^
  File "C:\PycharmProjects\xenia-game-manager\src\db.py", line 1100, in add_game
    con.execute("""
    ~~~~~~~~~~~^^^^
        INSERT INTO gameplay (
        ^^^^^^^^^^^^^^^^^^^^^^
    ...<17 lines>...
        game.play_time,
        ^^^^^^^^^^^^^^^
    ))
    ^^
sqlite3.ProgrammingError: Error binding parameter 1: type 'Platform' is not supported
2026-08-18 02:06:55,169 [ERROR] xenia_manager: Failed to add game: Xbox360Game(game_id='425307EC', title='Rage', platform=<Platform.XBOX360: 'Xbox360'>, config_path=WindowsPath('Emulators/Xenia Canary/config/Rage (Disc 3).config.toml'), favourite=False, last_played=None, play_count=0, play_time=0, emulator='xenia', emulator_version='Canary', discs=[GameDisc(media_id='4D174B43', file_path=WindowsPath('H:/roms/xbox360/Rage (Europe) (Fr,De,Es,It) (Disc 3).iso'), disc_count=1, disc_type='DVD', disc_swap_required=False, disc_number=3, label=None)])
Error: Error binding parameter 1: type 'Platform' is not supported
Traceback (most recent call last):
  File "C:\PycharmProjects\xenia-game-manager\src\db.py", line 1049, in import_games_from_source
    self.add_game(game)
    ~~~~~~~~~~~~~^^^^^^
  File "C:\PycharmProjects\xenia-game-manager\src\db.py", line 1100, in add_game
    con.execute("""
    ~~~~~~~~~~~^^^^
        INSERT INTO gameplay (
        ^^^^^^^^^^^^^^^^^^^^^^
    ...<17 lines>...
        game.play_time,
        ^^^^^^^^^^^^^^^
    ))
    ^^
sqlite3.ProgrammingError: Error binding parameter 1: type 'Platform' is not supported
2026-08-18 02:06:55,174 [ERROR] xenia_manager: Failed to add game: Xbox360Game(game_id='584111E0', title='REAL STEEL', platform=<Platform.XBOX360: 'Xbox360'>, config_path=WindowsPath('Emulators/Xenia Canary/config/REAL STEEL.config.toml'), favourite=False, last_played=None, play_count=0, play_time=0, emulator='xenia', emulator_version='Canary', discs=[GameDisc(media_id='5283ED50', file_path=WindowsPath('F:/xbox360/584111E0/000D0000/62939F79719792E4C7A3023F3C63E17428928B4D58'), disc_count=1, disc_type='XBLA', disc_swap_required=False, disc_number=1, label=None)])
Error: Error binding parameter 1: type 'Platform' is not supported
Traceback (most recent call last):
  File "C:\PycharmProjects\xenia-game-manager\src\db.py", line 1049, in import_games_from_source
    self.add_game(game)
    ~~~~~~~~~~~~~^^^^^^
  File "C:\PycharmProjects\xenia-game-manager\src\db.py", line 1100, in add_game
    con.execute("""
    ~~~~~~~~~~~^^^^
        INSERT INTO gameplay (
        ^^^^^^^^^^^^^^^^^^^^^^
    ...<17 lines>...
        game.play_time,
        ^^^^^^^^^^^^^^^
    ))
    ^^
sqlite3.ProgrammingError: Error binding parameter 1: type 'Platform' is not supported
2026-08-18 02:06:55,178 [ERROR] xenia_manager: Failed to add game: Xbox360Game(game_id='5454082B', title='Red Dead Redemption - Game of the Year Edition (Disc 1) (Red Dead Redemption Single Player)', platform=<Platform.XBOX360: 'Xbox360'>, config_path=WindowsPath('Emulators/Xenia Canary/config/Red Dead Redemption - Game of the Year Edition (Disc 1) (Red Dead Redemption Single Player).config.toml'), favourite=False, last_played=None, play_count=0, play_time=0, emulator='xenia', emulator_version='Canary', discs=[GameDisc(media_id='3EE87B76', file_path=WindowsPath('D:/roms/xbox360/Red Dead Redemption - Game of the Year Edition (USA, Europe) (En,Fr,De,Es,It) (Disc 1) (Red Dead Redemption Single Player).zar'), disc_count=1, disc_type='DVD', disc_swap_required=False, disc_number=1, label=None)])
Error: Error binding parameter 1: type 'Platform' is not supported
Traceback (most recent call last):
  File "C:\PycharmProjects\xenia-game-manager\src\db.py", line 1049, in import_games_from_source
    self.add_game(game)
    ~~~~~~~~~~~~~^^^^^^
  File "C:\PycharmProjects\xenia-game-manager\src\db.py", line 1100, in add_game
    con.execute("""
    ~~~~~~~~~~~^^^^
        INSERT INTO gameplay (
        ^^^^^^^^^^^^^^^^^^^^^^
    ...<17 lines>...
        game.play_time,
        ^^^^^^^^^^^^^^^
    ))
    ^^
sqlite3.ProgrammingError: Error binding parameter 1: type 'Platform' is not supported
2026-08-18 02:06:55,182 [ERROR] xenia_manager: Failed to add game: Xbox360Game(game_id='43430833', title='Resident Evil - Revelations ~ Biohazard - Revelations - Unveiled Edition', platform=<Platform.XBOX360: 'Xbox360'>, config_path=WindowsPath('Emulators/Xenia Canary/config/Resident Evil - Revelations ~ Biohazard - Revelations - Unveiled Edition.config.toml'), favourite=False, last_played=None, play_count=0, play_time=0, emulator='xenia', emulator_version='Canary', discs=[GameDisc(media_id='09767E37', file_path=WindowsPath('D:/roms/xbox360/Resident Evil Revelations [RF].iso'), disc_count=1, disc_type='DVD', disc_swap_required=False, disc_number=1, label=None)])
Error: Error binding parameter 1: type 'Platform' is not supported
Traceback (most recent call last):
  File "C:\PycharmProjects\xenia-game-manager\src\db.py", line 1049, in import_games_from_source
    self.add_game(game)
    ~~~~~~~~~~~~~^^^^^^
  File "C:\PycharmProjects\xenia-game-manager\src\db.py", line 1100, in add_game
    con.execute("""
    ~~~~~~~~~~~^^^^
        INSERT INTO gameplay (
        ^^^^^^^^^^^^^^^^^^^^^^
    ...<17 lines>...
        game.play_time,
        ^^^^^^^^^^^^^^^
    ))
    ^^
sqlite3.ProgrammingError: Error binding parameter 1: type 'Platform' is not supported
2026-08-18 02:06:55,189 [ERROR] xenia_manager: Failed to add game: Xbox360Game(game_id='4343081C', title='Resident Evil 4', platform=<Platform.XBOX360: 'Xbox360'>, config_path=WindowsPath('Emulators/Xenia Canary/config/Resident Evil 4.config.toml'), favourite=False, last_played=None, play_count=0, play_time=0, emulator='xenia', emulator_version='Canary', discs=[GameDisc(media_id='50C2E4F8', file_path=WindowsPath('D:/roms/xbox360/4343081C/00007000/148121D3F5566CE330DDCCB0790C9BEA43'), disc_count=1, disc_type='XBLA', disc_swap_required=False, disc_number=1, label=None)])
Error: Error binding parameter 1: type 'Platform' is not supported
Traceback (most recent call last):
  File "C:\PycharmProjects\xenia-game-manager\src\db.py", line 1049, in import_games_from_source
    self.add_game(game)
    ~~~~~~~~~~~~~^^^^^^
  File "C:\PycharmProjects\xenia-game-manager\src\db.py", line 1100, in add_game
    con.execute("""
    ~~~~~~~~~~~^^^^
        INSERT INTO gameplay (
        ^^^^^^^^^^^^^^^^^^^^^^
    ...<17 lines>...
        game.play_time,
        ^^^^^^^^^^^^^^^
    ))
    ^^
sqlite3.ProgrammingError: Error binding parameter 1: type 'Platform' is not supported
2026-08-18 02:06:55,193 [ERROR] xenia_manager: Failed to add game: Xbox360Game(game_id='434307D4', title='Resident Evil 5', platform=<Platform.XBOX360: 'Xbox360'>, config_path=WindowsPath('Emulators/Xenia Canary/config/Resident Evil 5.config.toml'), favourite=False, last_played=None, play_count=0, play_time=109.43723687833334, emulator='xenia', emulator_version='Canary', discs=[GameDisc(media_id='5B2A79D5', file_path=WindowsPath('D:/roms/xbox360/Resident Evil 5 (World) (En,Ja,Fr,De,Es,It).zar'), disc_count=1, disc_type='DVD', disc_swap_required=False, disc_number=1, label=None)])
Error: Error binding parameter 1: type 'Platform' is not supported
Traceback (most recent call last):
  File "C:\PycharmProjects\xenia-game-manager\src\db.py", line 1049, in import_games_from_source
    self.add_game(game)
    ~~~~~~~~~~~~~^^^^^^
  File "C:\PycharmProjects\xenia-game-manager\src\db.py", line 1100, in add_game
    con.execute("""
    ~~~~~~~~~~~^^^^
        INSERT INTO gameplay (
        ^^^^^^^^^^^^^^^^^^^^^^
    ...<17 lines>...
        game.play_time,
        ^^^^^^^^^^^^^^^
    ))
    ^^
sqlite3.ProgrammingError: Error binding parameter 1: type 'Platform' is not supported
2026-08-18 02:06:55,197 [ERROR] xenia_manager: Failed to add game: Xbox360Game(game_id='43430819', title='Resident Evil 6', platform=<Platform.XBOX360: 'Xbox360'>, config_path=WindowsPath('Emulators/Xenia Canary/config/Resident Evil 6.config.toml'), favourite=False, last_played=None, play_count=0, play_time=18.661226691666666, emulator='xenia', emulator_version='Canary', discs=[GameDisc(media_id='4EA1CC2E', file_path=WindowsPath('D:/roms/xbox360/Resident Evil 6 (World) (En,Ja,Fr,De,Es,It,Pt,Pl,Ru) (Disc 1) (Game).zar'), disc_count=1, disc_type='DVD', disc_swap_required=False, disc_number=1, label=None)])
Error: Error binding parameter 1: type 'Platform' is not supported
Traceback (most recent call last):
  File "C:\PycharmProjects\xenia-game-manager\src\db.py", line 1049, in import_games_from_source
    self.add_game(game)
    ~~~~~~~~~~~~~^^^^^^
  File "C:\PycharmProjects\xenia-game-manager\src\db.py", line 1100, in add_game
    con.execute("""
    ~~~~~~~~~~~^^^^
        INSERT INTO gameplay (
        ^^^^^^^^^^^^^^^^^^^^^^
    ...<17 lines>...
        game.play_time,
        ^^^^^^^^^^^^^^^
    ))
    ^^
sqlite3.ProgrammingError: Error binding parameter 1: type 'Platform' is not supported
2026-08-18 02:06:55,200 [ERROR] xenia_manager: Failed to add game: Xbox360Game(game_id='4343081D', title='Resident Evil Operation Raccoon City', platform=<Platform.XBOX360: 'Xbox360'>, config_path=WindowsPath('Emulators/Xenia Canary/config/Resident Evil Operation Raccoon City.config.toml'), favourite=False, last_played=None, play_count=0, play_time=0, emulator='xenia', emulator_version='Canary', discs=[GameDisc(media_id='335F4A76', file_path=WindowsPath('D:/roms/xbox360/Resident Evil - Operation Raccoon City (USA, Europe) (En,Fr,De,Es,It,Pl,Ru).zar'), disc_count=1, disc_type='DVD', disc_swap_required=False, disc_number=1, label=None)])
Error: Error binding parameter 1: type 'Platform' is not supported
Traceback (most recent call last):
  File "C:\PycharmProjects\xenia-game-manager\src\db.py", line 1049, in import_games_from_source
    self.add_game(game)
    ~~~~~~~~~~~~~^^^^^^
  File "C:\PycharmProjects\xenia-game-manager\src\db.py", line 1100, in add_game
    con.execute("""
    ~~~~~~~~~~~^^^^
        INSERT INTO gameplay (
        ^^^^^^^^^^^^^^^^^^^^^^
    ...<17 lines>...
        game.play_time,
        ^^^^^^^^^^^^^^^
    ))
    ^^
sqlite3.ProgrammingError: Error binding parameter 1: type 'Platform' is not supported
2026-08-18 02:06:55,204 [ERROR] xenia_manager: Failed to add game: Xbox360Game(game_id='43430840', title='Resident Evil Revelations 2', platform=<Platform.XBOX360: 'Xbox360'>, config_path=WindowsPath('Emulators/Xenia Canary/config/Resident Evil Revelations 2.config.toml'), favourite=False, last_played=None, play_count=0, play_time=0, emulator='xenia', emulator_version='Canary', discs=[GameDisc(media_id='4D8D9CDE', file_path=WindowsPath('D:/roms/xbox360/Resident Evil - Revelations 2 (USA, Europe) (En,Ja,Fr,De,Es,It,Pt,Zh,Ko,Pl,Ru).zar'), disc_count=1, disc_type='DVD', disc_swap_required=False, disc_number=1, label=None)])
Error: Error binding parameter 1: type 'Platform' is not supported
Traceback (most recent call last):
  File "C:\PycharmProjects\xenia-game-manager\src\db.py", line 1049, in import_games_from_source
    self.add_game(game)
    ~~~~~~~~~~~~~^^^^^^
  File "C:\PycharmProjects\xenia-game-manager\src\db.py", line 1100, in add_game
    con.execute("""
    ~~~~~~~~~~~^^^^
        INSERT INTO gameplay (
        ^^^^^^^^^^^^^^^^^^^^^^
    ...<17 lines>...
        game.play_time,
        ^^^^^^^^^^^^^^^
    ))
    ^^
sqlite3.ProgrammingError: Error binding parameter 1: type 'Platform' is not supported
2026-08-18 02:06:55,208 [ERROR] xenia_manager: Failed to add game: Xbox360Game(game_id='53450839', title='Resonance of Fate', platform=<Platform.XBOX360: 'Xbox360'>, config_path=WindowsPath('Emulators/Xenia Canary/config/Resonance of Fate.config.toml'), favourite=False, last_played=None, play_count=0, play_time=0, emulator='xenia', emulator_version='Canary', discs=[GameDisc(media_id='4389B19F', file_path=WindowsPath('H:/roms/xbox360/Resonance of Fate (USA, Europe) (En,Ja,Fr,De,Es,It).iso'), disc_count=1, disc_type='DVD', disc_swap_required=False, disc_number=1, label=None)])
Error: Error binding parameter 1: type 'Platform' is not supported
Traceback (most recent call last):
  File "C:\PycharmProjects\xenia-game-manager\src\db.py", line 1049, in import_games_from_source
    self.add_game(game)
    ~~~~~~~~~~~~~^^^^^^
  File "C:\PycharmProjects\xenia-game-manager\src\db.py", line 1100, in add_game
    con.execute("""
    ~~~~~~~~~~~^^^^
        INSERT INTO gameplay (
        ^^^^^^^^^^^^^^^^^^^^^^
    ...<17 lines>...
        game.play_time,
        ^^^^^^^^^^^^^^^
    ))
    ^^
sqlite3.ProgrammingError: Error binding parameter 1: type 'Platform' is not supported
2026-08-18 02:06:55,213 [ERROR] xenia_manager: Failed to add game: Xbox360Game(game_id='4B4D07E9', title='Ride to Hell - Retribution', platform=<Platform.XBOX360: 'Xbox360'>, config_path=WindowsPath('Emulators/Xenia Canary/config/Ride to Hell - Retribution.config.toml'), favourite=False, last_played=None, play_count=0, play_time=13.926902905, emulator='xenia', emulator_version='Canary', discs=[GameDisc(media_id='17FAF9F9', file_path=WindowsPath('D:/roms/xbox360/Ride to Hell - Retribution (USA, Europe).iso'), disc_count=1, disc_type='DVD', disc_swap_required=False, disc_number=1, label=None)])
Error: Error binding parameter 1: type 'Platform' is not supported
Traceback (most recent call last):
  File "C:\PycharmProjects\xenia-game-manager\src\db.py", line 1049, in import_games_from_source
    self.add_game(game)
    ~~~~~~~~~~~~~^^^^^^
  File "C:\PycharmProjects\xenia-game-manager\src\db.py", line 1100, in add_game
    con.execute("""
    ~~~~~~~~~~~^^^^
        INSERT INTO gameplay (
        ^^^^^^^^^^^^^^^^^^^^^^
    ...<17 lines>...
        game.play_time,
        ^^^^^^^^^^^^^^^
    ))
    ^^
sqlite3.ProgrammingError: Error binding parameter 1: type 'Platform' is not supported
2026-08-18 02:06:55,217 [ERROR] xenia_manager: Failed to add game: Xbox360Game(game_id='4E4D07D3', title='Ridge Racer 6', platform=<Platform.XBOX360: 'Xbox360'>, config_path=WindowsPath('Emulators/Xenia Canary/config/Ridge Racer 6.config.toml'), favourite=False, last_played=None, play_count=0, play_time=10.67522053, emulator='xenia', emulator_version='Canary', discs=[GameDisc(media_id='00000000', file_path=WindowsPath('D:/roms/xbox360/Ridge Racer 6 (USA) (En,Ja,Fr,De,Es,It).zar'), disc_count=1, disc_type='DVD', disc_swap_required=False, disc_number=1, label=None)])
Error: Error binding parameter 1: type 'Platform' is not supported
Traceback (most recent call last):
  File "C:\PycharmProjects\xenia-game-manager\src\db.py", line 1049, in import_games_from_source
    self.add_game(game)
    ~~~~~~~~~~~~~^^^^^^
  File "C:\PycharmProjects\xenia-game-manager\src\db.py", line 1100, in add_game
    con.execute("""
    ~~~~~~~~~~~^^^^
        INSERT INTO gameplay (
        ^^^^^^^^^^^^^^^^^^^^^^
    ...<17 lines>...
        game.play_time,
        ^^^^^^^^^^^^^^^
    ))
    ^^
sqlite3.ProgrammingError: Error binding parameter 1: type 'Platform' is not supported
2026-08-18 02:06:55,220 [ERROR] xenia_manager: Failed to add game: Xbox360Game(game_id='4E4D083E', title='Ridge Racer Unbounded', platform=<Platform.XBOX360: 'Xbox360'>, config_path=WindowsPath('Emulators/Xenia Canary/config/Ridge Racer Unbounded.config.toml'), favourite=False, last_played=None, play_count=0, play_time=24.610863593333335, emulator='xenia', emulator_version='Canary', discs=[GameDisc(media_id='63C44162', file_path=WindowsPath('D:/roms/xbox360/Ridge Racer Unbounded (World).iso'), disc_count=1, disc_type='DVD', disc_swap_required=False, disc_number=1, label=None)])
Error: Error binding parameter 1: type 'Platform' is not supported
Traceback (most recent call last):
  File "C:\PycharmProjects\xenia-game-manager\src\db.py", line 1049, in import_games_from_source
    self.add_game(game)
    ~~~~~~~~~~~~~^^^^^^
  File "C:\PycharmProjects\xenia-game-manager\src\db.py", line 1100, in add_game
    con.execute("""
    ~~~~~~~~~~~^^^^
        INSERT INTO gameplay (
        ^^^^^^^^^^^^^^^^^^^^^^
    ...<17 lines>...
        game.play_time,
        ^^^^^^^^^^^^^^^
    ))
    ^^
sqlite3.ProgrammingError: Error binding parameter 1: type 'Platform' is not supported
2026-08-18 02:06:55,223 [ERROR] xenia_manager: Failed to add game: Xbox360Game(game_id='54510875', title='Rio', platform=<Platform.XBOX360: 'Xbox360'>, config_path=WindowsPath('Emulators/Xenia Canary/config/Rio.config.toml'), favourite=False, last_played=None, play_count=0, play_time=0, emulator='xenia', emulator_version='Canary', discs=[GameDisc(media_id='25024284', file_path=WindowsPath('H:/roms/xbox360/Rio [RF].iso'), disc_count=1, disc_type='DVD', disc_swap_required=False, disc_number=1, label=None)])
Error: Error binding parameter 1: type 'Platform' is not supported
Traceback (most recent call last):
  File "C:\PycharmProjects\xenia-game-manager\src\db.py", line 1049, in import_games_from_source
    self.add_game(game)
    ~~~~~~~~~~~~~^^^^^^
  File "C:\PycharmProjects\xenia-game-manager\src\db.py", line 1100, in add_game
    con.execute("""
    ~~~~~~~~~~~^^^^
        INSERT INTO gameplay (
        ^^^^^^^^^^^^^^^^^^^^^^
    ...<17 lines>...
        game.play_time,
        ^^^^^^^^^^^^^^^
    ))
    ^^
sqlite3.ProgrammingError: Error binding parameter 1: type 'Platform' is not supported
2026-08-18 02:06:55,226 [ERROR] xenia_manager: Failed to add game: Xbox360Game(game_id='53510823', title='Rise of the Tomb Raider', platform=<Platform.XBOX360: 'Xbox360'>, config_path=WindowsPath('Emulators/Xenia Canary/config/Rise of the Tomb Raider.config.toml'), favourite=False, last_played=None, play_count=0, play_time=19.730641676666664, emulator='xenia', emulator_version='Canary', discs=[GameDisc(media_id='68A2BDCD', file_path=WindowsPath('D:/roms/xbox360/Rise of the Tomb Raider (Europe) (En,De,It,Nl).iso'), disc_count=1, disc_type='DVD', disc_swap_required=False, disc_number=1, label=None)])
Error: Error binding parameter 1: type 'Platform' is not supported
Traceback (most recent call last):
  File "C:\PycharmProjects\xenia-game-manager\src\db.py", line 1049, in import_games_from_source
    self.add_game(game)
    ~~~~~~~~~~~~~^^^^^^
  File "C:\PycharmProjects\xenia-game-manager\src\db.py", line 1100, in add_game
    con.execute("""
    ~~~~~~~~~~~^^^^
        INSERT INTO gameplay (
        ^^^^^^^^^^^^^^^^^^^^^^
    ...<17 lines>...
        game.play_time,
        ^^^^^^^^^^^^^^^
    ))
    ^^
sqlite3.ProgrammingError: Error binding parameter 1: type 'Platform' is not supported
2026-08-18 02:06:55,230 [ERROR] xenia_manager: Failed to add game: Xbox360Game(game_id='565507D4', title="Robert Ludlum's The Bourne Conspiracy", platform=<Platform.XBOX360: 'Xbox360'>, config_path=WindowsPath("Emulators/Xenia Canary/config/Robert Ludlum's The Bourne Conspiracy.config.toml"), favourite=False, last_played=None, play_count=0, play_time=0, emulator='xenia', emulator_version='Canary', discs=[GameDisc(media_id='36BCBAA4', file_path=WindowsPath("D:/roms/xbox360/Robert Ludlum's The Bourne Conspiracy (USA, Europe) (En,Fr,De,Es,It).iso"), disc_count=1, disc_type='DVD', disc_swap_required=False, disc_number=1, label=None)])
Error: Error binding parameter 1: type 'Platform' is not supported
Traceback (most recent call last):
  File "C:\PycharmProjects\xenia-game-manager\src\db.py", line 1049, in import_games_from_source
    self.add_game(game)
    ~~~~~~~~~~~~~^^^^^^
  File "C:\PycharmProjects\xenia-game-manager\src\db.py", line 1100, in add_game
    con.execute("""
    ~~~~~~~~~~~^^^^
        INSERT INTO gameplay (
        ^^^^^^^^^^^^^^^^^^^^^^
    ...<17 lines>...
        game.play_time,
        ^^^^^^^^^^^^^^^
    ))
    ^^
sqlite3.ProgrammingError: Error binding parameter 1: type 'Platform' is not supported
2026-08-18 02:06:55,234 [ERROR] xenia_manager: Failed to add game: Xbox360Game(game_id='584107E0', title='Robotron 2084', platform=<Platform.XBOX360: 'Xbox360'>, config_path=WindowsPath('Emulators/Xenia Canary/config/Robotron 2084.config.toml'), favourite=False, last_played=None, play_count=0, play_time=0, emulator='xenia', emulator_version='Canary', discs=[GameDisc(media_id='00000000', file_path=WindowsPath('D:/roms/xbox360/584107E0/000D0000/990DE8BDC1201BABB4C05C0E7236DE0DD876B2C758'), disc_count=1, disc_type='XBLA', disc_swap_required=False, disc_number=1, label=None)])
Error: Error binding parameter 1: type 'Platform' is not supported
Traceback (most recent call last):
  File "C:\PycharmProjects\xenia-game-manager\src\db.py", line 1049, in import_games_from_source
    self.add_game(game)
    ~~~~~~~~~~~~~^^^^^^
  File "C:\PycharmProjects\xenia-game-manager\src\db.py", line 1100, in add_game
    con.execute("""
    ~~~~~~~~~~~^^^^
        INSERT INTO gameplay (
        ^^^^^^^^^^^^^^^^^^^^^^
    ...<17 lines>...
        game.play_time,
        ^^^^^^^^^^^^^^^
    ))
    ^^
sqlite3.ProgrammingError: Error binding parameter 1: type 'Platform' is not supported
2026-08-18 02:06:55,237 [ERROR] xenia_manager: Failed to add game: Xbox360Game(game_id='545407DF', title='Rockstar Table Tennis', platform=<Platform.XBOX360: 'Xbox360'>, config_path=WindowsPath('Emulators/Xenia Canary/config/Rockstar Table Tennis.config.toml'), favourite=False, last_played=None, play_count=0, play_time=0, emulator='xenia', emulator_version='Canary', discs=[GameDisc(media_id='434C4803', file_path=WindowsPath('D:/roms/xbox360/Rockstar Games Presents Table Tennis.zar'), disc_count=1, disc_type='DVD', disc_swap_required=False, disc_number=1, label=None)])
Error: Error binding parameter 1: type 'Platform' is not supported
Traceback (most recent call last):
  File "C:\PycharmProjects\xenia-game-manager\src\db.py", line 1049, in import_games_from_source
    self.add_game(game)
    ~~~~~~~~~~~~~^^^^^^
  File "C:\PycharmProjects\xenia-game-manager\src\db.py", line 1100, in add_game
    con.execute("""
    ~~~~~~~~~~~^^^^
        INSERT INTO gameplay (
        ^^^^^^^^^^^^^^^^^^^^^^
    ...<17 lines>...
        game.play_time,
        ^^^^^^^^^^^^^^^
    ))
    ^^
sqlite3.ProgrammingError: Error binding parameter 1: type 'Platform' is not supported
2026-08-18 02:06:55,240 [ERROR] xenia_manager: Failed to add game: Xbox360Game(game_id='5841082D', title='ROOT BEER TAPPER', platform=<Platform.XBOX360: 'Xbox360'>, config_path=WindowsPath('Emulators/Xenia Canary/config/ROOT BEER TAPPER.config.toml'), favourite=False, last_played=None, play_count=0, play_time=0, emulator='xenia', emulator_version='Canary', discs=[GameDisc(media_id='00000000', file_path=WindowsPath('D:/roms/xbox360/5841082D/000D0000/94BAD36BA7284B5CA2E9F73F0EE84A1C788A9A3158'), disc_count=1, disc_type='XBLA', disc_swap_required=False, disc_number=1, label=None)])
Error: Error binding parameter 1: type 'Platform' is not supported
Traceback (most recent call last):
  File "C:\PycharmProjects\xenia-game-manager\src\db.py", line 1049, in import_games_from_source
    self.add_game(game)
    ~~~~~~~~~~~~~^^^^^^
  File "C:\PycharmProjects\xenia-game-manager\src\db.py", line 1100, in add_game
    con.execute("""
    ~~~~~~~~~~~^^^^
        INSERT INTO gameplay (
        ^^^^^^^^^^^^^^^^^^^^^^
    ...<17 lines>...
        game.play_time,
        ^^^^^^^^^^^^^^^
    ))
    ^^
sqlite3.ProgrammingError: Error binding parameter 1: type 'Platform' is not supported
2026-08-18 02:06:55,244 [ERROR] xenia_manager: Failed to add game: Xbox360Game(game_id='4B4D07D1', title='Sacred 2 Fallen Angel', platform=<Platform.XBOX360: 'Xbox360'>, config_path=WindowsPath('Emulators/Xenia Canary/config/Sacred 2 Fallen Angel.config.toml'), favourite=False, last_played=None, play_count=0, play_time=3.2316715316666667, emulator='xenia', emulator_version='Canary', discs=[GameDisc(media_id='4B7323D7', file_path=WindowsPath('H:/roms/xbox360/Sacred 2 - Fallen Angel (Europe) (Fr,De).iso'), disc_count=1, disc_type='DVD', disc_swap_required=False, disc_number=1, label=None)])
Error: Error binding parameter 1: type 'Platform' is not supported
Traceback (most recent call last):
  File "C:\PycharmProjects\xenia-game-manager\src\db.py", line 1049, in import_games_from_source
    self.add_game(game)
    ~~~~~~~~~~~~~^^^^^^
  File "C:\PycharmProjects\xenia-game-manager\src\db.py", line 1100, in add_game
    con.execute("""
    ~~~~~~~~~~~^^^^
        INSERT INTO gameplay (
        ^^^^^^^^^^^^^^^^^^^^^^
    ...<17 lines>...
        game.play_time,
        ^^^^^^^^^^^^^^^
    ))
    ^^
sqlite3.ProgrammingError: Error binding parameter 1: type 'Platform' is not supported
2026-08-18 02:06:55,247 [ERROR] xenia_manager: Failed to add game: Xbox360Game(game_id='58410B87', title="Saint's Row Moneyshot", platform=<Platform.XBOX360: 'Xbox360'>, config_path=WindowsPath("Emulators/Xenia Canary/config/Saint's Row Moneyshot.config.toml"), favourite=False, last_played=None, play_count=0, play_time=1.9597241833333334, emulator='xenia', emulator_version='Canary', discs=[GameDisc(media_id='00000000', file_path=WindowsPath('D:/roms/xbox360/58410B87/000D0000/B6833B4073B17738BA2206A31D55A51EF214F8DF58'), disc_count=1, disc_type='XBLA', disc_swap_required=False, disc_number=1, label=None)])
Error: Error binding parameter 1: type 'Platform' is not supported
Traceback (most recent call last):
  File "C:\PycharmProjects\xenia-game-manager\src\db.py", line 1049, in import_games_from_source
    self.add_game(game)
    ~~~~~~~~~~~~~^^^^^^
  File "C:\PycharmProjects\xenia-game-manager\src\db.py", line 1100, in add_game
    con.execute("""
    ~~~~~~~~~~~^^^^
        INSERT INTO gameplay (
        ^^^^^^^^^^^^^^^^^^^^^^
    ...<17 lines>...
        game.play_time,
        ^^^^^^^^^^^^^^^
    ))
    ^^
sqlite3.ProgrammingError: Error binding parameter 1: type 'Platform' is not supported
2026-08-18 02:06:55,251 [ERROR] xenia_manager: Failed to add game: Xbox360Game(game_id='545107D1', title='Saints Row', platform=<Platform.XBOX360: 'Xbox360'>, config_path=WindowsPath('Emulators/Xenia Mousehook/config/Saints Row.config.toml'), favourite=False, last_played=None, play_count=0, play_time=310.5119247733333, emulator='xenia', emulator_version='Mousehook', discs=[GameDisc(media_id='24367742', file_path=WindowsPath('D:/roms/xbox360/Saints Row (World) (En,Fr,De,Es,It).iso'), disc_count=1, disc_type='DVD', disc_swap_required=False, disc_number=1, label=None)])
Error: Error binding parameter 1: type 'Platform' is not supported
Traceback (most recent call last):
  File "C:\PycharmProjects\xenia-game-manager\src\db.py", line 1049, in import_games_from_source
    self.add_game(game)
    ~~~~~~~~~~~~~^^^^^^
  File "C:\PycharmProjects\xenia-game-manager\src\db.py", line 1100, in add_game
    con.execute("""
    ~~~~~~~~~~~^^^^
        INSERT INTO gameplay (
        ^^^^^^^^^^^^^^^^^^^^^^
    ...<17 lines>...
        game.play_time,
        ^^^^^^^^^^^^^^^
    ))
    ^^
sqlite3.ProgrammingError: Error binding parameter 1: type 'Platform' is not supported
2026-08-18 02:06:55,254 [ERROR] xenia_manager: Failed to add game: Xbox360Game(game_id='545107FC', title='Saints Row 2', platform=<Platform.XBOX360: 'Xbox360'>, config_path=WindowsPath('Emulators/Xenia Canary/config/Saints Row 2.config.toml'), favourite=False, last_played=None, play_count=0, play_time=0, emulator='xenia', emulator_version='Canary', discs=[GameDisc(media_id='4E854E4B', file_path=WindowsPath('D:/roms/xbox360/Saints Row 2 (USA, Europe) (En,Fr,De,Es,It,Nl,Sv,Da).iso'), disc_count=1, disc_type='DVD', disc_swap_required=False, disc_number=1, label=None)])
Error: Error binding parameter 1: type 'Platform' is not supported
Traceback (most recent call last):
  File "C:\PycharmProjects\xenia-game-manager\src\db.py", line 1049, in import_games_from_source
    self.add_game(game)
    ~~~~~~~~~~~~~^^^^^^
  File "C:\PycharmProjects\xenia-game-manager\src\db.py", line 1100, in add_game
    con.execute("""
    ~~~~~~~~~~~^^^^
        INSERT INTO gameplay (
        ^^^^^^^^^^^^^^^^^^^^^^
    ...<17 lines>...
        game.play_time,
        ^^^^^^^^^^^^^^^
    ))
    ^^
sqlite3.ProgrammingError: Error binding parameter 1: type 'Platform' is not supported
2026-08-18 02:06:55,257 [ERROR] xenia_manager: Failed to add game: Xbox360Game(game_id='4B4D0800', title='Saints Row Gat Out of Hell', platform=<Platform.XBOX360: 'Xbox360'>, config_path=WindowsPath('Emulators/Xenia Canary/config/Saints Row Gat Out of Hell.config.toml'), favourite=False, last_played=None, play_count=0, play_time=0, emulator='xenia', emulator_version='Canary', discs=[GameDisc(media_id='77CC9074', file_path=WindowsPath('D:/roms/xbox360/Saints Row - Gat out of Hell (USA, Europe) (En,Fr,De,Es,It,Pl,Ru).zar'), disc_count=1, disc_type='DVD', disc_swap_required=False, disc_number=1, label=None)])
Error: Error binding parameter 1: type 'Platform' is not supported
Traceback (most recent call last):
  File "C:\PycharmProjects\xenia-game-manager\src\db.py", line 1049, in import_games_from_source
    self.add_game(game)
    ~~~~~~~~~~~~~^^^^^^
  File "C:\PycharmProjects\xenia-game-manager\src\db.py", line 1100, in add_game
    con.execute("""
    ~~~~~~~~~~~^^^^
        INSERT INTO gameplay (
        ^^^^^^^^^^^^^^^^^^^^^^
    ...<17 lines>...
        game.play_time,
        ^^^^^^^^^^^^^^^
    ))
    ^^
sqlite3.ProgrammingError: Error binding parameter 1: type 'Platform' is not supported
2026-08-18 02:06:55,260 [ERROR] xenia_manager: Failed to add game: Xbox360Game(game_id='4B4D07F6', title='Saints Row Iv', platform=<Platform.XBOX360: 'Xbox360'>, config_path=WindowsPath('Emulators/Xenia Canary/config/Saints Row IV.config.toml'), favourite=False, last_played=None, play_count=0, play_time=0, emulator='xenia', emulator_version='Canary', discs=[GameDisc(media_id='483CE82F', file_path=WindowsPath('D:/roms/xbox360/Saints Row IV - National Treasure Edition.zar'), disc_count=1, disc_type='DVD', disc_swap_required=False, disc_number=1, label=None)])
Error: Error binding parameter 1: type 'Platform' is not supported
Traceback (most recent call last):
  File "C:\PycharmProjects\xenia-game-manager\src\db.py", line 1049, in import_games_from_source
    self.add_game(game)
    ~~~~~~~~~~~~~^^^^^^
  File "C:\PycharmProjects\xenia-game-manager\src\db.py", line 1100, in add_game
    con.execute("""
    ~~~~~~~~~~~^^^^
        INSERT INTO gameplay (
        ^^^^^^^^^^^^^^^^^^^^^^
    ...<17 lines>...
        game.play_time,
        ^^^^^^^^^^^^^^^
    ))
    ^^
sqlite3.ProgrammingError: Error binding parameter 1: type 'Platform' is not supported
2026-08-18 02:06:55,263 [ERROR] xenia_manager: Failed to add game: Xbox360Game(game_id='5451086D', title='Saints Row The Third', platform=<Platform.XBOX360: 'Xbox360'>, config_path=WindowsPath('Emulators/Xenia Canary/config/Saints Row The Third.config.toml'), favourite=False, last_played=None, play_count=0, play_time=0, emulator='xenia', emulator_version='Canary', discs=[GameDisc(media_id='4F438D81', file_path=WindowsPath('D:/roms/xbox360/Saints Row - The Third (USA, Europe) (En,Fr,De,Es,It,Nl,Pl,Ru).zar'), disc_count=1, disc_type='DVD', disc_swap_required=False, disc_number=1, label=None)])
Error: Error binding parameter 1: type 'Platform' is not supported
Traceback (most recent call last):
  File "C:\PycharmProjects\xenia-game-manager\src\db.py", line 1049, in import_games_from_source
    self.add_game(game)
    ~~~~~~~~~~~~~^^^^^^
  File "C:\PycharmProjects\xenia-game-manager\src\db.py", line 1100, in add_game
    con.execute("""
    ~~~~~~~~~~~^^^^
        INSERT INTO gameplay (
        ^^^^^^^^^^^^^^^^^^^^^^
    ...<17 lines>...
        game.play_time,
        ^^^^^^^^^^^^^^^
    ))
    ^^
sqlite3.ProgrammingError: Error binding parameter 1: type 'Platform' is not supported
2026-08-18 02:06:55,266 [ERROR] xenia_manager: Failed to add game: Xbox360Game(game_id='58410814', title='Scramble', platform=<Platform.XBOX360: 'Xbox360'>, config_path=WindowsPath('Emulators/Xenia Canary/config/Scramble.config.toml'), favourite=False, last_played=None, play_count=0, play_time=0, emulator='xenia', emulator_version='Canary', discs=[GameDisc(media_id='00000000', file_path=WindowsPath('D:/roms/xbox360/58410814/000D0000/D7D77CCD24011AD72C20282ECDAB8B9E9D64432258'), disc_count=1, disc_type='XBLA', disc_swap_required=False, disc_number=24011, label=None)])
Error: Error binding parameter 1: type 'Platform' is not supported
Traceback (most recent call last):
  File "C:\PycharmProjects\xenia-game-manager\src\db.py", line 1049, in import_games_from_source
    self.add_game(game)
    ~~~~~~~~~~~~~^^^^^^
  File "C:\PycharmProjects\xenia-game-manager\src\db.py", line 1100, in add_game
    con.execute("""
    ~~~~~~~~~~~^^^^
        INSERT INTO gameplay (
        ^^^^^^^^^^^^^^^^^^^^^^
    ...<17 lines>...
        game.play_time,
        ^^^^^^^^^^^^^^^
    ))
    ^^
sqlite3.ProgrammingError: Error binding parameter 1: type 'Platform' is not supported
2026-08-18 02:06:55,269 [ERROR] xenia_manager: Failed to add game: Xbox360Game(game_id='4D530AA6', title='ScreamRide', platform=<Platform.XBOX360: 'Xbox360'>, config_path=WindowsPath('Emulators/Xenia Canary/config/ScreamRide.config.toml'), favourite=False, last_played=None, play_count=0, play_time=0, emulator='xenia', emulator_version='Canary', discs=[GameDisc(media_id='343186B2', file_path=WindowsPath('D:/roms/xbox360/ScreamRide.zar'), disc_count=1, disc_type='DVD', disc_swap_required=False, disc_number=1, label=None)])
Error: Error binding parameter 1: type 'Platform' is not supported
Traceback (most recent call last):
  File "C:\PycharmProjects\xenia-game-manager\src\db.py", line 1049, in import_games_from_source
    self.add_game(game)
    ~~~~~~~~~~~~~^^^^^^
  File "C:\PycharmProjects\xenia-game-manager\src\db.py", line 1100, in add_game
    con.execute("""
    ~~~~~~~~~~~^^^^
        INSERT INTO gameplay (
        ^^^^^^^^^^^^^^^^^^^^^^
    ...<17 lines>...
        game.play_time,
        ^^^^^^^^^^^^^^^
    ))
    ^^
sqlite3.ProgrammingError: Error binding parameter 1: type 'Platform' is not supported
2026-08-18 02:06:55,273 [ERROR] xenia_manager: Failed to add game: Xbox360Game(game_id='4D530AA6', title='ScreamRide (1)', platform=<Platform.XBOX360: 'Xbox360'>, config_path=WindowsPath('Emulators/Xenia Canary/config/ScreamRide (1).config.toml'), favourite=False, last_played=None, play_count=0, play_time=0, emulator='xenia', emulator_version='Canary', discs=[GameDisc(media_id='343186B2', file_path=WindowsPath('H:/roms/xbox360/ScreamRide (USA, Europe) (En,Ja,Fr,De,Es,It,Pt,Pl,Ru).iso'), disc_count=1, disc_type='DVD', disc_swap_required=False, disc_number=1, label=None)])
Error: Error binding parameter 1: type 'Platform' is not supported
Traceback (most recent call last):
  File "C:\PycharmProjects\xenia-game-manager\src\db.py", line 1049, in import_games_from_source
    self.add_game(game)
    ~~~~~~~~~~~~~^^^^^^
  File "C:\PycharmProjects\xenia-game-manager\src\db.py", line 1100, in add_game
    con.execute("""
    ~~~~~~~~~~~^^^^
        INSERT INTO gameplay (
        ^^^^^^^^^^^^^^^^^^^^^^
    ...<17 lines>...
        game.play_time,
        ^^^^^^^^^^^^^^^
    ))
    ^^
sqlite3.ProgrammingError: Error binding parameter 1: type 'Platform' is not supported
2026-08-18 02:06:55,276 [ERROR] xenia_manager: Failed to add game: Xbox360Game(game_id='58410B45', title='Section 8 Prejudice', platform=<Platform.XBOX360: 'Xbox360'>, config_path=WindowsPath('Emulators/Xenia Canary/config/Section 8 Prejudice.config.toml'), favourite=False, last_played=None, play_count=0, play_time=0, emulator='xenia', emulator_version='Canary', discs=[GameDisc(media_id='083F8E41', file_path=WindowsPath('D:/roms/xbox360/58410B45/000D0000/CD0E5DF6A17270F4A4059C88BC8E15C0990ECC3E58'), disc_count=1, disc_type='XBLA', disc_swap_required=False, disc_number=0, label=None)])
Error: Error binding parameter 1: type 'Platform' is not supported
Traceback (most recent call last):
  File "C:\PycharmProjects\xenia-game-manager\src\db.py", line 1049, in import_games_from_source
    self.add_game(game)
    ~~~~~~~~~~~~~^^^^^^
  File "C:\PycharmProjects\xenia-game-manager\src\db.py", line 1100, in add_game
    con.execute("""
    ~~~~~~~~~~~^^^^
        INSERT INTO gameplay (
        ^^^^^^^^^^^^^^^^^^^^^^
    ...<17 lines>...
        game.play_time,
        ^^^^^^^^^^^^^^^
    ))
    ^^
sqlite3.ProgrammingError: Error binding parameter 1: type 'Platform' is not supported
2026-08-18 02:06:55,279 [ERROR] xenia_manager: Failed to add game: Xbox360Game(game_id='534507E6', title='Sega Rally', platform=<Platform.XBOX360: 'Xbox360'>, config_path=WindowsPath('Emulators/Xenia Canary/config/SEGA Rally.config.toml'), favourite=False, last_played=None, play_count=0, play_time=0, emulator='xenia', emulator_version='Canary', discs=[GameDisc(media_id='70E7E7E3', file_path=WindowsPath('H:/roms/xbox360/Sega Rally Revo (USA, Europe) (En,Fr,De,Es,It).zar'), disc_count=1, disc_type='DVD', disc_swap_required=False, disc_number=1, label=None)])
Error: Error binding parameter 1: type 'Platform' is not supported
Traceback (most recent call last):
  File "C:\PycharmProjects\xenia-game-manager\src\db.py", line 1049, in import_games_from_source
    self.add_game(game)
    ~~~~~~~~~~~~~^^^^^^
  File "C:\PycharmProjects\xenia-game-manager\src\db.py", line 1100, in add_game
    con.execute("""
    ~~~~~~~~~~~^^^^
        INSERT INTO gameplay (
        ^^^^^^^^^^^^^^^^^^^^^^
    ...<17 lines>...
        game.play_time,
        ^^^^^^^^^^^^^^^
    ))
    ^^
sqlite3.ProgrammingError: Error binding parameter 1: type 'Platform' is not supported
2026-08-18 02:06:55,282 [ERROR] xenia_manager: Failed to add game: Xbox360Game(game_id='58410AC2', title='SEGA Rally Online Arcade', platform=<Platform.XBOX360: 'Xbox360'>, config_path=WindowsPath('Emulators/Xenia Canary/config/SEGA Rally Online Arcade.config.toml'), favourite=False, last_played=None, play_count=0, play_time=1.2571992283333333, emulator='xenia', emulator_version='Canary', discs=[GameDisc(media_id='210F5728', file_path=WindowsPath('F:/xbox360/58410AC2/000D0000/5FEAE487C70212733742EF3F0EBD39ECA9D4AE3858'), disc_count=1, disc_type='XBLA', disc_swap_required=False, disc_number=1, label=None)])
Error: Error binding parameter 1: type 'Platform' is not supported
Traceback (most recent call last):
  File "C:\PycharmProjects\xenia-game-manager\src\db.py", line 1049, in import_games_from_source
    self.add_game(game)
    ~~~~~~~~~~~~~^^^^^^
  File "C:\PycharmProjects\xenia-game-manager\src\db.py", line 1100, in add_game
    con.execute("""
    ~~~~~~~~~~~^^^^
        INSERT INTO gameplay (
        ^^^^^^^^^^^^^^^^^^^^^^
    ...<17 lines>...
        game.play_time,
        ^^^^^^^^^^^^^^^
    ))
    ^^
sqlite3.ProgrammingError: Error binding parameter 1: type 'Platform' is not supported
2026-08-18 02:06:55,286 [ERROR] xenia_manager: Failed to add game: Xbox360Game(game_id='45410934', title='Shift 2 Unleashed', platform=<Platform.XBOX360: 'Xbox360'>, config_path=WindowsPath('Emulators/Xenia Canary/config/SHIFT 2 UNLEASHED.config.toml'), favourite=False, last_played=None, play_count=0, play_time=0, emulator='xenia', emulator_version='Canary', discs=[GameDisc(media_id='739C7DC0', file_path=WindowsPath('D:/roms/xbox360/Need For Speed Shift 2 Unleashed [RF].zar'), disc_count=1, disc_type='DVD', disc_swap_required=False, disc_number=1, label=None)])
Error: Error binding parameter 1: type 'Platform' is not supported
Traceback (most recent call last):
  File "C:\PycharmProjects\xenia-game-manager\src\db.py", line 1049, in import_games_from_source
    self.add_game(game)
    ~~~~~~~~~~~~~^^^^^^
  File "C:\PycharmProjects\xenia-game-manager\src\db.py", line 1100, in add_game
    con.execute("""
    ~~~~~~~~~~~^^^^
        INSERT INTO gameplay (
        ^^^^^^^^^^^^^^^^^^^^^^
    ...<17 lines>...
        game.play_time,
        ^^^^^^^^^^^^^^^
    ))
    ^^
sqlite3.ProgrammingError: Error binding parameter 1: type 'Platform' is not supported
2026-08-18 02:06:55,289 [ERROR] xenia_manager: Failed to add game: Xbox360Game(game_id='58410879', title='Shred Nebula', platform=<Platform.XBOX360: 'Xbox360'>, config_path=WindowsPath('Emulators/Xenia Canary/config/Shred Nebula.config.toml'), favourite=False, last_played=None, play_count=0, play_time=0, emulator='xenia', emulator_version='Canary', discs=[GameDisc(media_id='3B148E2F', file_path=WindowsPath('D:/roms/xbox360/58410879/000D0000/DE2DED2C62ED7BF9E06D33AC97A327E5B510FC1258'), disc_count=1, disc_type='XBLA', disc_swap_required=False, disc_number=1, label=None)])
Error: Error binding parameter 1: type 'Platform' is not supported
Traceback (most recent call last):
  File "C:\PycharmProjects\xenia-game-manager\src\db.py", line 1049, in import_games_from_source
    self.add_game(game)
    ~~~~~~~~~~~~~^^^^^^
  File "C:\PycharmProjects\xenia-game-manager\src\db.py", line 1100, in add_game
    con.execute("""
    ~~~~~~~~~~~^^^^
        INSERT INTO gameplay (
        ^^^^^^^^^^^^^^^^^^^^^^
    ...<17 lines>...
        game.play_time,
        ^^^^^^^^^^^^^^^
    ))
    ^^
sqlite3.ProgrammingError: Error binding parameter 1: type 'Platform' is not supported
2026-08-18 02:06:55,291 [ERROR] xenia_manager: Failed to add game: Xbox360Game(game_id='4B4E0823', title='Silent Hill - Downpour', platform=<Platform.XBOX360: 'Xbox360'>, config_path=WindowsPath('Emulators/Xenia Canary/config/Silent Hill - Downpour.config.toml'), favourite=False, last_played=None, play_count=0, play_time=0, emulator='xenia', emulator_version='Canary', discs=[GameDisc(media_id='7D387D17', file_path=WindowsPath('D:/roms/xbox360/Silent Hill - Downpour (USA, Europe) (En,Fr,De,Es,It,Pt).iso'), disc_count=1, disc_type='DVD', disc_swap_required=False, disc_number=1, label=None)])
Error: Error binding parameter 1: type 'Platform' is not supported
Traceback (most recent call last):
  File "C:\PycharmProjects\xenia-game-manager\src\db.py", line 1049, in import_games_from_source
    self.add_game(game)
    ~~~~~~~~~~~~~^^^^^^
  File "C:\PycharmProjects\xenia-game-manager\src\db.py", line 1100, in add_game
    con.execute("""
    ~~~~~~~~~~~^^^^
        INSERT INTO gameplay (
        ^^^^^^^^^^^^^^^^^^^^^^
    ...<17 lines>...
        game.play_time,
        ^^^^^^^^^^^^^^^
    ))
    ^^
sqlite3.ProgrammingError: Error binding parameter 1: type 'Platform' is not supported
2026-08-18 02:06:55,294 [ERROR] xenia_manager: Failed to add game: Xbox360Game(game_id='4B4E07E5', title='Silent Hill - Homecoming', platform=<Platform.XBOX360: 'Xbox360'>, config_path=WindowsPath('Emulators/Xenia Canary/config/Silent Hill - Homecoming.config.toml'), favourite=False, last_played=None, play_count=0, play_time=4.1870357616666665, emulator='xenia', emulator_version='Canary', discs=[GameDisc(media_id='61FBCD98', file_path=WindowsPath('D:/roms/xbox360/Silent Hill - Homecoming (USA) (En,Fr,De,Es,It).iso'), disc_count=1, disc_type='DVD', disc_swap_required=False, disc_number=1, label=None)])
Error: Error binding parameter 1: type 'Platform' is not supported
Traceback (most recent call last):
  File "C:\PycharmProjects\xenia-game-manager\src\db.py", line 1049, in import_games_from_source
    self.add_game(game)
    ~~~~~~~~~~~~~^^^^^^
  File "C:\PycharmProjects\xenia-game-manager\src\db.py", line 1100, in add_game
    con.execute("""
    ~~~~~~~~~~~^^^^
        INSERT INTO gameplay (
        ^^^^^^^^^^^^^^^^^^^^^^
    ...<17 lines>...
        game.play_time,
        ^^^^^^^^^^^^^^^
    ))
    ^^
sqlite3.ProgrammingError: Error binding parameter 1: type 'Platform' is not supported
2026-08-18 02:06:55,297 [ERROR] xenia_manager: Failed to add game: Xbox360Game(game_id='454108E6', title='Skate 3', platform=<Platform.XBOX360: 'Xbox360'>, config_path=WindowsPath('Emulators/Xenia Canary/config/Skate 3.config.toml'), favourite=False, last_played=None, play_count=0, play_time=0, emulator='xenia', emulator_version='Canary', discs=[GameDisc(media_id='5C087C2C', file_path=WindowsPath('H:/roms/xbox360/Skate 3 (USA, Europe) (En,Fr,De,Es,It,Nl).zar'), disc_count=1, disc_type='DVD', disc_swap_required=False, disc_number=1, label=None)])
Error: Error binding parameter 1: type 'Platform' is not supported
Traceback (most recent call last):
  File "C:\PycharmProjects\xenia-game-manager\src\db.py", line 1049, in import_games_from_source
    self.add_game(game)
    ~~~~~~~~~~~~~^^^^^^
  File "C:\PycharmProjects\xenia-game-manager\src\db.py", line 1100, in add_game
    con.execute("""
    ~~~~~~~~~~~^^^^
        INSERT INTO gameplay (
        ^^^^^^^^^^^^^^^^^^^^^^
    ...<17 lines>...
        game.play_time,
        ^^^^^^^^^^^^^^^
    ))
    ^^
sqlite3.ProgrammingError: Error binding parameter 1: type 'Platform' is not supported
2026-08-18 02:06:55,300 [ERROR] xenia_manager: Failed to add game: Xbox360Game(game_id='5345085D', title='Sonic & All-Stars Racing Transformed', platform=<Platform.XBOX360: 'Xbox360'>, config_path=WindowsPath('Emulators/Xenia Canary/config/Sonic & All-Stars Racing Transformed.config.toml'), favourite=False, last_played=None, play_count=0, play_time=2.476130645, emulator='xenia', emulator_version='Canary', discs=[GameDisc(media_id='1A24E92E', file_path=WindowsPath('D:/roms/xbox360/Sonic & All-Stars Racing Transformed (World) (En,Fr,De,Es,It).iso'), disc_count=1, disc_type='DVD', disc_swap_required=False, disc_number=1, label=None)])
Error: Error binding parameter 1: type 'Platform' is not supported
Traceback (most recent call last):
  File "C:\PycharmProjects\xenia-game-manager\src\db.py", line 1049, in import_games_from_source
    self.add_game(game)
    ~~~~~~~~~~~~~^^^^^^
  File "C:\PycharmProjects\xenia-game-manager\src\db.py", line 1100, in add_game
    con.execute("""
    ~~~~~~~~~~~^^^^
        INSERT INTO gameplay (
        ^^^^^^^^^^^^^^^^^^^^^^
    ...<17 lines>...
        game.play_time,
        ^^^^^^^^^^^^^^^
    ))
    ^^
sqlite3.ProgrammingError: Error binding parameter 1: type 'Platform' is not supported
2026-08-18 02:06:55,303 [ERROR] xenia_manager: Failed to add game: Xbox360Game(game_id='53450848', title='Sonic Generations', platform=<Platform.XBOX360: 'Xbox360'>, config_path=WindowsPath('Emulators/Xenia Canary/config/Sonic Generations.config.toml'), favourite=False, last_played=None, play_count=0, play_time=0, emulator='xenia', emulator_version='Canary', discs=[GameDisc(media_id='6BD87620', file_path=WindowsPath('D:/roms/xbox360/Sonic Generations.zar'), disc_count=1, disc_type='DVD', disc_swap_required=False, disc_number=1, label=None)])
Error: Error binding parameter 1: type 'Platform' is not supported
Traceback (most recent call last):
  File "C:\PycharmProjects\xenia-game-manager\src\db.py", line 1049, in import_games_from_source
    self.add_game(game)
    ~~~~~~~~~~~~~^^^^^^
  File "C:\PycharmProjects\xenia-game-manager\src\db.py", line 1100, in add_game
    con.execute("""
    ~~~~~~~~~~~^^^^
        INSERT INTO gameplay (
        ^^^^^^^^^^^^^^^^^^^^^^
    ...<17 lines>...
        game.play_time,
        ^^^^^^^^^^^^^^^
    ))
    ^^
sqlite3.ProgrammingError: Error binding parameter 1: type 'Platform' is not supported
2026-08-18 02:06:55,307 [ERROR] xenia_manager: Failed to add game: Xbox360Game(game_id='534507D6', title='Sonic The Hedgehog', platform=<Platform.XBOX360: 'Xbox360'>, config_path=WindowsPath('Emulators/Xenia Canary/config/SONIC THE HEDGEHOG.config.toml'), favourite=False, last_played=None, play_count=0, play_time=0, emulator='xenia', emulator_version='Canary', discs=[GameDisc(media_id='7709C3E8', file_path=WindowsPath('H:/roms/xbox360/Sonic the Hedgehog (USA, Europe) (En,Ja,Fr,De,Es,It).zar'), disc_count=1, disc_type='DVD', disc_swap_required=False, disc_number=1, label=None)])
Error: Error binding parameter 1: type 'Platform' is not supported
Traceback (most recent call last):
  File "C:\PycharmProjects\xenia-game-manager\src\db.py", line 1049, in import_games_from_source
    self.add_game(game)
    ~~~~~~~~~~~~~^^^^^^
  File "C:\PycharmProjects\xenia-game-manager\src\db.py", line 1100, in add_game
    con.execute("""
    ~~~~~~~~~~~^^^^
        INSERT INTO gameplay (
        ^^^^^^^^^^^^^^^^^^^^^^
    ...<17 lines>...
        game.play_time,
        ^^^^^^^^^^^^^^^
    ))
    ^^
sqlite3.ProgrammingError: Error binding parameter 1: type 'Platform' is not supported
2026-08-18 02:06:55,310 [ERROR] xenia_manager: Failed to add game: Xbox360Game(game_id='53450812', title='Sonic Unleashed', platform=<Platform.XBOX360: 'Xbox360'>, config_path=WindowsPath('Emulators/Xenia Canary/config/SONIC UNLEASHED.config.toml'), favourite=False, last_played=None, play_count=0, play_time=239.35352053000003, emulator='xenia', emulator_version='Canary', discs=[GameDisc(media_id='77A0CF1B', file_path=WindowsPath('D:/roms/xbox360/Sonic Unleashed.zar'), disc_count=1, disc_type='DVD', disc_swap_required=False, disc_number=1, label=None)])
Error: Error binding parameter 1: type 'Platform' is not supported
Traceback (most recent call last):
  File "C:\PycharmProjects\xenia-game-manager\src\db.py", line 1049, in import_games_from_source
    self.add_game(game)
    ~~~~~~~~~~~~~^^^^^^
  File "C:\PycharmProjects\xenia-game-manager\src\db.py", line 1100, in add_game
    con.execute("""
    ~~~~~~~~~~~^^^^
        INSERT INTO gameplay (
        ^^^^^^^^^^^^^^^^^^^^^^
    ...<17 lines>...
        game.play_time,
        ^^^^^^^^^^^^^^^
    ))
    ^^
sqlite3.ProgrammingError: Error binding parameter 1: type 'Platform' is not supported
2026-08-18 02:06:55,314 [ERROR] xenia_manager: Failed to add game: Xbox360Game(game_id='53450810', title='Sonics UGC', platform=<Platform.XBOX360: 'Xbox360'>, config_path=WindowsPath('Emulators/Xenia Canary/config/Sonics UGC.config.toml'), favourite=False, last_played=None, play_count=0, play_time=0, emulator='xenia', emulator_version='Canary', discs=[GameDisc(media_id='5E3A0B77', file_path=WindowsPath("D:/roms/xbox360/Sonic's Ultimate Genesis Collection (USA).zar"), disc_count=1, disc_type='DVD', disc_swap_required=False, disc_number=1, label=None)])
Error: Error binding parameter 1: type 'Platform' is not supported
Traceback (most recent call last):
  File "C:\PycharmProjects\xenia-game-manager\src\db.py", line 1049, in import_games_from_source
    self.add_game(game)
    ~~~~~~~~~~~~~^^^^^^
  File "C:\PycharmProjects\xenia-game-manager\src\db.py", line 1100, in add_game
    con.execute("""
    ~~~~~~~~~~~^^^^
        INSERT INTO gameplay (
        ^^^^^^^^^^^^^^^^^^^^^^
    ...<17 lines>...
        game.play_time,
        ^^^^^^^^^^^^^^^
    ))
    ^^
sqlite3.ProgrammingError: Error binding parameter 1: type 'Platform' is not supported
2026-08-18 02:06:55,317 [ERROR] xenia_manager: Failed to add game: Xbox360Game(game_id='5841080C', title='Space Giraffe', platform=<Platform.XBOX360: 'Xbox360'>, config_path=WindowsPath('Emulators/Xenia Canary/config/Space Giraffe.config.toml'), favourite=False, last_played=None, play_count=0, play_time=0, emulator='xenia', emulator_version='Canary', discs=[GameDisc(media_id='3DC63151', file_path=WindowsPath('D:/roms/xbox360/5841080C/000D0000/5B340CF9CCDDEC28B0810E99A01D0877D960B42358'), disc_count=1, disc_type='XBLA', disc_swap_required=False, disc_number=1, label=None)])
Error: Error binding parameter 1: type 'Platform' is not supported
Traceback (most recent call last):
  File "C:\PycharmProjects\xenia-game-manager\src\db.py", line 1049, in import_games_from_source
    self.add_game(game)
    ~~~~~~~~~~~~~^^^^^^
  File "C:\PycharmProjects\xenia-game-manager\src\db.py", line 1100, in add_game
    con.execute("""
    ~~~~~~~~~~~^^^^
        INSERT INTO gameplay (
        ^^^^^^^^^^^^^^^^^^^^^^
    ...<17 lines>...
        game.play_time,
        ^^^^^^^^^^^^^^^
    ))
    ^^
sqlite3.ProgrammingError: Error binding parameter 1: type 'Platform' is not supported
2026-08-18 02:06:55,321 [ERROR] xenia_manager: Failed to add game: Xbox360Game(game_id='41560881', title='Spider-Man - Shattered Dimensions', platform=<Platform.XBOX360: 'Xbox360'>, config_path=WindowsPath('Emulators/Xenia Canary/config/Spider-Man - Shattered Dimensions.config.toml'), favourite=False, last_played=None, play_count=0, play_time=0, emulator='xenia', emulator_version='Canary', discs=[GameDisc(media_id='06AAF6AB', file_path=WindowsPath('D:/roms/xbox360/Spider-Man - Shattered Dimensions (USA) (En,Fr,De,Es,It).zar'), disc_count=1, disc_type='DVD', disc_swap_required=False, disc_number=1, label=None)])
Error: Error binding parameter 1: type 'Platform' is not supported
Traceback (most recent call last):
  File "C:\PycharmProjects\xenia-game-manager\src\db.py", line 1049, in import_games_from_source
    self.add_game(game)
    ~~~~~~~~~~~~~^^^^^^
  File "C:\PycharmProjects\xenia-game-manager\src\db.py", line 1100, in add_game
    con.execute("""
    ~~~~~~~~~~~^^^^
        INSERT INTO gameplay (
        ^^^^^^^^^^^^^^^^^^^^^^
    ...<17 lines>...
        game.play_time,
        ^^^^^^^^^^^^^^^
    ))
    ^^
sqlite3.ProgrammingError: Error binding parameter 1: type 'Platform' is not supported
2026-08-18 02:06:55,325 [ERROR] xenia_manager: Failed to add game: Xbox360Game(game_id='535107DD', title='Star Ocean - The Last Hope', platform=<Platform.XBOX360: 'Xbox360'>, config_path=WindowsPath('Emulators/Xenia Canary/config/Star Ocean - The Last Hope (Disc 1).config.toml'), favourite=False, last_played=None, play_count=0, play_time=0, emulator='xenia', emulator_version='Canary', discs=[GameDisc(media_id='6E6174B0', file_path=WindowsPath('D:/roms/xbox360/Star Ocean - The Last Hope (USA) (Disc 1).iso'), disc_count=1, disc_type='DVD', disc_swap_required=False, disc_number=1, label=None)])
Error: Error binding parameter 1: type 'Platform' is not supported
Traceback (most recent call last):
  File "C:\PycharmProjects\xenia-game-manager\src\db.py", line 1049, in import_games_from_source
    self.add_game(game)
    ~~~~~~~~~~~~~^^^^^^
  File "C:\PycharmProjects\xenia-game-manager\src\db.py", line 1100, in add_game
    con.execute("""
    ~~~~~~~~~~~^^^^
        INSERT INTO gameplay (
        ^^^^^^^^^^^^^^^^^^^^^^
    ...<17 lines>...
        game.play_time,
        ^^^^^^^^^^^^^^^
    ))
    ^^
sqlite3.ProgrammingError: Error binding parameter 1: type 'Platform' is not supported
2026-08-18 02:06:55,328 [ERROR] xenia_manager: Failed to add game: Xbox360Game(game_id='535107DD', title='Star Ocean - The Last Hope', platform=<Platform.XBOX360: 'Xbox360'>, config_path=WindowsPath('Emulators/Xenia Canary/config/Star Ocean - The Last Hope (Disc 2).config.toml'), favourite=False, last_played=None, play_count=0, play_time=0, emulator='xenia', emulator_version='Canary', discs=[GameDisc(media_id='7569E6AB', file_path=WindowsPath('D:/roms/xbox360/Star Ocean - The Last Hope (USA) (Disc 2).iso'), disc_count=1, disc_type='DVD', disc_swap_required=False, disc_number=2, label=None)])
Error: Error binding parameter 1: type 'Platform' is not supported
Traceback (most recent call last):
  File "C:\PycharmProjects\xenia-game-manager\src\db.py", line 1049, in import_games_from_source
    self.add_game(game)
    ~~~~~~~~~~~~~^^^^^^
  File "C:\PycharmProjects\xenia-game-manager\src\db.py", line 1100, in add_game
    con.execute("""
    ~~~~~~~~~~~^^^^
        INSERT INTO gameplay (
        ^^^^^^^^^^^^^^^^^^^^^^
    ...<17 lines>...
        game.play_time,
        ^^^^^^^^^^^^^^^
    ))
    ^^
sqlite3.ProgrammingError: Error binding parameter 1: type 'Platform' is not supported
2026-08-18 02:06:55,332 [ERROR] xenia_manager: Failed to add game: Xbox360Game(game_id='535107DD', title='Star Ocean - The Last Hope', platform=<Platform.XBOX360: 'Xbox360'>, config_path=WindowsPath('Emulators/Xenia Canary/config/Star Ocean - The Last Hope (Disc 3).config.toml'), favourite=False, last_played=None, play_count=0, play_time=0, emulator='xenia', emulator_version='Canary', discs=[GameDisc(media_id='13BB8E0E', file_path=WindowsPath('D:/roms/xbox360/Star Ocean - The Last Hope (USA) (Disc 3).iso'), disc_count=1, disc_type='DVD', disc_swap_required=False, disc_number=3, label=None)])
Error: Error binding parameter 1: type 'Platform' is not supported
Traceback (most recent call last):
  File "C:\PycharmProjects\xenia-game-manager\src\db.py", line 1049, in import_games_from_source
    self.add_game(game)
    ~~~~~~~~~~~~~^^^^^^
  File "C:\PycharmProjects\xenia-game-manager\src\db.py", line 1100, in add_game
    con.execute("""
    ~~~~~~~~~~~^^^^
        INSERT INTO gameplay (
        ^^^^^^^^^^^^^^^^^^^^^^
    ...<17 lines>...
        game.play_time,
        ^^^^^^^^^^^^^^^
    ))
    ^^
sqlite3.ProgrammingError: Error binding parameter 1: type 'Platform' is not supported
2026-08-18 02:06:55,335 [ERROR] xenia_manager: Failed to add game: Xbox360Game(game_id='4C4107D2', title='Star Wars - The Force Unleashed', platform=<Platform.XBOX360: 'Xbox360'>, config_path=WindowsPath('Emulators/Xenia Canary/config/Star Wars - The Force Unleashed.config.toml'), favourite=False, last_played=None, play_count=0, play_time=0, emulator='xenia', emulator_version='Canary', discs=[GameDisc(media_id='6CD9E482', file_path=WindowsPath('D:/roms/xbox360/Star Wars - The Force Unleashed (World) (En,Fr,De,Es,It).iso'), disc_count=1, disc_type='DVD', disc_swap_required=False, disc_number=1, label=None)])
Error: Error binding parameter 1: type 'Platform' is not supported
Traceback (most recent call last):
  File "C:\PycharmProjects\xenia-game-manager\src\db.py", line 1049, in import_games_from_source
    self.add_game(game)
    ~~~~~~~~~~~~~^^^^^^
  File "C:\PycharmProjects\xenia-game-manager\src\db.py", line 1100, in add_game
    con.execute("""
    ~~~~~~~~~~~^^^^
        INSERT INTO gameplay (
        ^^^^^^^^^^^^^^^^^^^^^^
    ...<17 lines>...
        game.play_time,
        ^^^^^^^^^^^^^^^
    ))
    ^^
sqlite3.ProgrammingError: Error binding parameter 1: type 'Platform' is not supported
2026-08-18 02:06:55,340 [ERROR] xenia_manager: Failed to add game: Xbox360Game(game_id='4C4107D2', title='Star Wars - The Force Unleashed - Ultimate Sith Edition', platform=<Platform.XBOX360: 'Xbox360'>, config_path=WindowsPath('Emulators/Xenia Canary/config/Star Wars - The Force Unleashed - Ultimate Sith Edition (Disc 1).config.toml'), favourite=False, last_played=None, play_count=0, play_time=0, emulator='xenia', emulator_version='Canary', discs=[GameDisc(media_id='158BC286', file_path=WindowsPath('D:/roms/xbox360/Star Wars - The Force Unleashed - Ultimate Sith Edition (USA, Europe) (En,Fr,De,Es,It) (Disc 1).iso'), disc_count=1, disc_type='DVD', disc_swap_required=False, disc_number=1, label=None)])
Error: Error binding parameter 1: type 'Platform' is not supported
Traceback (most recent call last):
  File "C:\PycharmProjects\xenia-game-manager\src\db.py", line 1049, in import_games_from_source
    self.add_game(game)
    ~~~~~~~~~~~~~^^^^^^
  File "C:\PycharmProjects\xenia-game-manager\src\db.py", line 1100, in add_game
    con.execute("""
    ~~~~~~~~~~~^^^^
        INSERT INTO gameplay (
        ^^^^^^^^^^^^^^^^^^^^^^
    ...<17 lines>...
        game.play_time,
        ^^^^^^^^^^^^^^^
    ))
    ^^
sqlite3.ProgrammingError: Error binding parameter 1: type 'Platform' is not supported
2026-08-18 02:06:55,344 [ERROR] xenia_manager: Failed to add game: Xbox360Game(game_id='4C4107D2', title='Star Wars - The Force Unleashed - Ultimate Sith Edition', platform=<Platform.XBOX360: 'Xbox360'>, config_path=WindowsPath('Emulators/Xenia Canary/config/Star Wars - The Force Unleashed - Ultimate Sith Edition (Disc 2).config.toml'), favourite=False, last_played=None, play_count=0, play_time=0, emulator='xenia', emulator_version='Canary', discs=[GameDisc(media_id='36A31639', file_path=WindowsPath('D:/roms/xbox360/Star Wars - The Force Unleashed - Ultimate Sith Edition (USA, Europe) (En,Fr,De,Es,It) (Disc 2).iso'), disc_count=1, disc_type='DVD', disc_swap_required=False, disc_number=2, label=None)])
Error: Error binding parameter 1: type 'Platform' is not supported
Traceback (most recent call last):
  File "C:\PycharmProjects\xenia-game-manager\src\db.py", line 1049, in import_games_from_source
    self.add_game(game)
    ~~~~~~~~~~~~~^^^^^^
  File "C:\PycharmProjects\xenia-game-manager\src\db.py", line 1100, in add_game
    con.execute("""
    ~~~~~~~~~~~^^^^
        INSERT INTO gameplay (
        ^^^^^^^^^^^^^^^^^^^^^^
    ...<17 lines>...
        game.play_time,
        ^^^^^^^^^^^^^^^
    ))
    ^^
sqlite3.ProgrammingError: Error binding parameter 1: type 'Platform' is not supported
2026-08-18 02:06:55,348 [ERROR] xenia_manager: Failed to add game: Xbox360Game(game_id='53450806', title='Stormrise', platform=<Platform.XBOX360: 'Xbox360'>, config_path=WindowsPath('Emulators/Xenia Canary/config/Stormrise.config.toml'), favourite=False, last_played=None, play_count=0, play_time=0, emulator='xenia', emulator_version='Canary', discs=[GameDisc(media_id='5BA53A39', file_path=WindowsPath('D:/roms/xbox360/Stormrise (USA, Europe) (En,Fr,Es,It).iso'), disc_count=1, disc_type='DVD', disc_swap_required=False, disc_number=1, label=None)])
Error: Error binding parameter 1: type 'Platform' is not supported
Traceback (most recent call last):
  File "C:\PycharmProjects\xenia-game-manager\src\db.py", line 1049, in import_games_from_source
    self.add_game(game)
    ~~~~~~~~~~~~~^^^^^^
  File "C:\PycharmProjects\xenia-game-manager\src\db.py", line 1100, in add_game
    con.execute("""
    ~~~~~~~~~~~^^^^
        INSERT INTO gameplay (
        ^^^^^^^^^^^^^^^^^^^^^^
    ...<17 lines>...
        game.play_time,
        ^^^^^^^^^^^^^^^
    ))
    ^^
sqlite3.ProgrammingError: Error binding parameter 1: type 'Platform' is not supported
2026-08-18 02:06:55,352 [ERROR] xenia_manager: Failed to add game: Xbox360Game(game_id='4D5707D2', title='Stranglehold', platform=<Platform.XBOX360: 'Xbox360'>, config_path=WindowsPath('Emulators/Xenia Canary/config/Stranglehold.config.toml'), favourite=False, last_played=None, play_count=0, play_time=104.00674585333334, emulator='xenia', emulator_version='Canary', discs=[GameDisc(media_id='00A5CD57', file_path=WindowsPath('D:/roms/xbox360/John Woo Presents Stranglehold (USA) (En,Fr,De,Es,It).iso'), disc_count=1, disc_type='DVD', disc_swap_required=False, disc_number=1, label=None)])
Error: Error binding parameter 1: type 'Platform' is not supported
Traceback (most recent call last):
  File "C:\PycharmProjects\xenia-game-manager\src\db.py", line 1049, in import_games_from_source
    self.add_game(game)
    ~~~~~~~~~~~~~^^^^^^
  File "C:\PycharmProjects\xenia-game-manager\src\db.py", line 1100, in add_game
    con.execute("""
    ~~~~~~~~~~~^^^^
        INSERT INTO gameplay (
        ^^^^^^^^^^^^^^^^^^^^^^
    ...<17 lines>...
        game.play_time,
        ^^^^^^^^^^^^^^^
    ))
    ^^
sqlite3.ProgrammingError: Error binding parameter 1: type 'Platform' is not supported
2026-08-18 02:06:55,356 [ERROR] xenia_manager: Failed to add game: Xbox360Game(game_id='454107ED', title='Superman Returns', platform=<Platform.XBOX360: 'Xbox360'>, config_path=WindowsPath('Emulators/Xenia Canary/config/Superman Returns.config.toml'), favourite=False, last_played=None, play_count=0, play_time=0, emulator='xenia', emulator_version='Canary', discs=[GameDisc(media_id='64A4002A', file_path=WindowsPath('H:/roms/xbox360/Superman Returns (USA).zar'), disc_count=1, disc_type='DVD', disc_swap_required=False, disc_number=1, label=None)])
Error: Error binding parameter 1: type 'Platform' is not supported
Traceback (most recent call last):
  File "C:\PycharmProjects\xenia-game-manager\src\db.py", line 1049, in import_games_from_source
    self.add_game(game)
    ~~~~~~~~~~~~~^^^^^^
  File "C:\PycharmProjects\xenia-game-manager\src\db.py", line 1100, in add_game
    con.execute("""
    ~~~~~~~~~~~^^^^
        INSERT INTO gameplay (
        ^^^^^^^^^^^^^^^^^^^^^^
    ...<17 lines>...
        game.play_time,
        ^^^^^^^^^^^^^^^
    ))
    ^^
sqlite3.ProgrammingError: Error binding parameter 1: type 'Platform' is not supported
2026-08-18 02:06:55,359 [ERROR] xenia_manager: Failed to add game: Xbox360Game(game_id='4C5307D8', title='Superstars V8 Nc', platform=<Platform.XBOX360: 'Xbox360'>, config_path=WindowsPath('Emulators/Xenia Canary/config/Superstars V8 NC.config.toml'), favourite=False, last_played=None, play_count=0, play_time=0, emulator='xenia', emulator_version='Canary', discs=[GameDisc(media_id='1F0D0E41', file_path=WindowsPath('H:/roms/xbox360/Superstars V8 - Next Challenge (Europe).iso'), disc_count=1, disc_type='DVD', disc_swap_required=False, disc_number=1, label=None)])
Error: Error binding parameter 1: type 'Platform' is not supported
Traceback (most recent call last):
  File "C:\PycharmProjects\xenia-game-manager\src\db.py", line 1049, in import_games_from_source
    self.add_game(game)
    ~~~~~~~~~~~~~^^^^^^
  File "C:\PycharmProjects\xenia-game-manager\src\db.py", line 1100, in add_game
    con.execute("""
    ~~~~~~~~~~~^^^^
        INSERT INTO gameplay (
        ^^^^^^^^^^^^^^^^^^^^^^
    ...<17 lines>...
        game.play_time,
        ^^^^^^^^^^^^^^^
    ))
    ^^
sqlite3.ProgrammingError: Error binding parameter 1: type 'Platform' is not supported
2026-08-18 02:06:55,363 [ERROR] xenia_manager: Failed to add game: Xbox360Game(game_id='455607D5', title='Terminator Salvation', platform=<Platform.XBOX360: 'Xbox360'>, config_path=WindowsPath('Emulators/Xenia Canary/config/Terminator Salvation.config.toml'), favourite=False, last_played=None, play_count=0, play_time=0, emulator='xenia', emulator_version='Canary', discs=[GameDisc(media_id='2B7F4651', file_path=WindowsPath('D:/roms/xbox360/Terminator Salvation (USA, Europe) (En,Fr,De,Es,It,Pt).iso'), disc_count=1, disc_type='DVD', disc_swap_required=False, disc_number=1, label=None)])
Error: Error binding parameter 1: type 'Platform' is not supported
Traceback (most recent call last):
  File "C:\PycharmProjects\xenia-game-manager\src\db.py", line 1049, in import_games_from_source
    self.add_game(game)
    ~~~~~~~~~~~~~^^^^^^
  File "C:\PycharmProjects\xenia-game-manager\src\db.py", line 1100, in add_game
    con.execute("""
    ~~~~~~~~~~~^^^^
        INSERT INTO gameplay (
        ^^^^^^^^^^^^^^^^^^^^^^
    ...<17 lines>...
        game.play_time,
        ^^^^^^^^^^^^^^^
    ))
    ^^
sqlite3.ProgrammingError: Error binding parameter 1: type 'Platform' is not supported
2026-08-18 02:06:55,367 [ERROR] xenia_manager: Failed to add game: Xbox360Game(game_id='5841083B', title='Tetris Splash', platform=<Platform.XBOX360: 'Xbox360'>, config_path=WindowsPath('Emulators/Xenia Canary/config/Tetris Splash.config.toml'), favourite=False, last_played=None, play_count=0, play_time=0, emulator='xenia', emulator_version='Canary', discs=[GameDisc(media_id='551119DC', file_path=WindowsPath('D:/roms/xbox360/5841083B/000D0000/AC5A8FAAF149BA9EED8D24FA2690A4E1B0B0EC5A58'), disc_count=1, disc_type='XBLA', disc_swap_required=False, disc_number=1, label=None)])
Error: Error binding parameter 1: type 'Platform' is not supported
Traceback (most recent call last):
  File "C:\PycharmProjects\xenia-game-manager\src\db.py", line 1049, in import_games_from_source
    self.add_game(game)
    ~~~~~~~~~~~~~^^^^^^
  File "C:\PycharmProjects\xenia-game-manager\src\db.py", line 1100, in add_game
    con.execute("""
    ~~~~~~~~~~~^^^^
        INSERT INTO gameplay (
        ^^^^^^^^^^^^^^^^^^^^^^
    ...<17 lines>...
        game.play_time,
        ^^^^^^^^^^^^^^^
    ))
    ^^
sqlite3.ProgrammingError: Error binding parameter 1: type 'Platform' is not supported
2026-08-18 02:06:55,370 [ERROR] xenia_manager: Failed to add game: Xbox360Game(game_id='454108B1', title='The Beatles Rock Band', platform=<Platform.XBOX360: 'Xbox360'>, config_path=WindowsPath('Emulators/Xenia Canary/config/The Beatles Rock Band.config.toml'), favourite=False, last_played=None, play_count=0, play_time=0, emulator='xenia', emulator_version='Canary', discs=[GameDisc(media_id='40430A45', file_path=WindowsPath('H:/roms/xbox360/Beatles, The - Rock Band.iso'), disc_count=1, disc_type='DVD', disc_swap_required=False, disc_number=1, label=None)])
Error: Error binding parameter 1: type 'Platform' is not supported
Traceback (most recent call last):
  File "C:\PycharmProjects\xenia-game-manager\src\db.py", line 1049, in import_games_from_source
    self.add_game(game)
    ~~~~~~~~~~~~~^^^^^^
  File "C:\PycharmProjects\xenia-game-manager\src\db.py", line 1100, in add_game
    con.execute("""
    ~~~~~~~~~~~^^^^
        INSERT INTO gameplay (
        ^^^^^^^^^^^^^^^^^^^^^^
    ...<17 lines>...
        game.play_time,
        ^^^^^^^^^^^^^^^
    ))
    ^^
sqlite3.ProgrammingError: Error binding parameter 1: type 'Platform' is not supported
2026-08-18 02:06:55,374 [ERROR] xenia_manager: Failed to add game: Xbox360Game(game_id='545407EE', title='The Darkness', platform=<Platform.XBOX360: 'Xbox360'>, config_path=WindowsPath('Emulators/Xenia Canary/config/The Darkness.config.toml'), favourite=False, last_played=None, play_count=0, play_time=0, emulator='xenia', emulator_version='Canary', discs=[GameDisc(media_id='0F213645', file_path=WindowsPath('H:/roms/xbox360/Darkness, The (USA, Europe) (En,Fr,De,Es,It).iso'), disc_count=1, disc_type='DVD', disc_swap_required=False, disc_number=1, label=None)])
Error: Error binding parameter 1: type 'Platform' is not supported
Traceback (most recent call last):
  File "C:\PycharmProjects\xenia-game-manager\src\db.py", line 1049, in import_games_from_source
    self.add_game(game)
    ~~~~~~~~~~~~~^^^^^^
  File "C:\PycharmProjects\xenia-game-manager\src\db.py", line 1100, in add_game
    con.execute("""
    ~~~~~~~~~~~^^^^
        INSERT INTO gameplay (
        ^^^^^^^^^^^^^^^^^^^^^^
    ...<17 lines>...
        game.play_time,
        ^^^^^^^^^^^^^^^
    ))
    ^^
sqlite3.ProgrammingError: Error binding parameter 1: type 'Platform' is not supported
2026-08-18 02:06:55,378 [ERROR] xenia_manager: Failed to add game: Xbox360Game(game_id='4541080F', title='The Orange Box', platform=<Platform.XBOX360: 'Xbox360'>, config_path=WindowsPath('Emulators/Xenia Canary/config/The Orange Box.config.toml'), favourite=False, last_played=None, play_count=0, play_time=22.295211591666664, emulator='xenia', emulator_version='Canary', discs=[GameDisc(media_id='651A85DA', file_path=WindowsPath('D:/roms/xbox360/Orange Box, The (World) (En,Fr,De).zar'), disc_count=1, disc_type='DVD', disc_swap_required=False, disc_number=1, label=None)])
Error: Error binding parameter 1: type 'Platform' is not supported
Traceback (most recent call last):
  File "C:\PycharmProjects\xenia-game-manager\src\db.py", line 1049, in import_games_from_source
    self.add_game(game)
    ~~~~~~~~~~~~~^^^^^^
  File "C:\PycharmProjects\xenia-game-manager\src\db.py", line 1100, in add_game
    con.execute("""
    ~~~~~~~~~~~^^^^
        INSERT INTO gameplay (
        ^^^^^^^^^^^^^^^^^^^^^^
    ...<17 lines>...
        game.play_time,
        ^^^^^^^^^^^^^^^
    ))
    ^^
sqlite3.ProgrammingError: Error binding parameter 1: type 'Platform' is not supported
2026-08-18 02:06:55,381 [ERROR] xenia_manager: Failed to add game: Xbox360Game(game_id='45410809', title='The Simpsons Game (1)', platform=<Platform.XBOX360: 'Xbox360'>, config_path=WindowsPath('Emulators/Xenia Canary/config/The Simpsons Game (1).config.toml'), favourite=False, last_played=None, play_count=0, play_time=0, emulator='xenia', emulator_version='Canary', discs=[GameDisc(media_id='467C2924', file_path=WindowsPath('D:/roms/xbox360/Simpsons Game, The (Europe) (En,No,Da,Fi).iso'), disc_count=1, disc_type='DVD', disc_swap_required=False, disc_number=1, label=None)])
Error: Error binding parameter 1: type 'Platform' is not supported
Traceback (most recent call last):
  File "C:\PycharmProjects\xenia-game-manager\src\db.py", line 1049, in import_games_from_source
    self.add_game(game)
    ~~~~~~~~~~~~~^^^^^^
  File "C:\PycharmProjects\xenia-game-manager\src\db.py", line 1100, in add_game
    con.execute("""
    ~~~~~~~~~~~^^^^
        INSERT INTO gameplay (
        ^^^^^^^^^^^^^^^^^^^^^^
    ...<17 lines>...
        game.play_time,
        ^^^^^^^^^^^^^^^
    ))
    ^^
sqlite3.ProgrammingError: Error binding parameter 1: type 'Platform' is not supported
2026-08-18 02:06:55,385 [ERROR] xenia_manager: Failed to add game: Xbox360Game(game_id='454107F4', title='Tiger Woods PGA Tour 07', platform=<Platform.XBOX360: 'Xbox360'>, config_path=WindowsPath('Emulators/Xenia Canary/config/Tiger Woods PGA Tour 07.config.toml'), favourite=False, last_played=None, play_count=0, play_time=0, emulator='xenia', emulator_version='Canary', discs=[GameDisc(media_id='6C1D6641', file_path=WindowsPath('D:/roms/xbox360/Tiger Woods PGA Tour 07 (USA).iso'), disc_count=1, disc_type='DVD', disc_swap_required=False, disc_number=1, label=None)])
Error: Error binding parameter 1: type 'Platform' is not supported
Traceback (most recent call last):
  File "C:\PycharmProjects\xenia-game-manager\src\db.py", line 1049, in import_games_from_source
    self.add_game(game)
    ~~~~~~~~~~~~~^^^^^^
  File "C:\PycharmProjects\xenia-game-manager\src\db.py", line 1100, in add_game
    con.execute("""
    ~~~~~~~~~~~^^^^
        INSERT INTO gameplay (
        ^^^^^^^^^^^^^^^^^^^^^^
    ...<17 lines>...
        game.play_time,
        ^^^^^^^^^^^^^^^
    ))
    ^^
sqlite3.ProgrammingError: Error binding parameter 1: type 'Platform' is not supported
2026-08-18 02:06:55,389 [ERROR] xenia_manager: Failed to add game: Xbox360Game(game_id='454109A9', title='Tiger Woods PGA TOUR 14', platform=<Platform.XBOX360: 'Xbox360'>, config_path=WindowsPath('Emulators/Xenia Canary/config/Tiger Woods PGA TOUR 14.config.toml'), favourite=False, last_played=None, play_count=0, play_time=6.487378935, emulator='xenia', emulator_version='Canary', discs=[GameDisc(media_id='61075E7C', file_path=WindowsPath('D:/roms/xbox360/Tiger Woods PGA Tour 14 - Masters Historic Edition (USA, Europe).iso'), disc_count=1, disc_type='DVD', disc_swap_required=False, disc_number=1, label=None)])
Error: Error binding parameter 1: type 'Platform' is not supported
Traceback (most recent call last):
  File "C:\PycharmProjects\xenia-game-manager\src\db.py", line 1049, in import_games_from_source
    self.add_game(game)
    ~~~~~~~~~~~~~^^^^^^
  File "C:\PycharmProjects\xenia-game-manager\src\db.py", line 1100, in add_game
    con.execute("""
    ~~~~~~~~~~~^^^^
        INSERT INTO gameplay (
        ^^^^^^^^^^^^^^^^^^^^^^
    ...<17 lines>...
        game.play_time,
        ^^^^^^^^^^^^^^^
    ))
    ^^
sqlite3.ProgrammingError: Error binding parameter 1: type 'Platform' is not supported
2026-08-18 02:06:55,392 [ERROR] xenia_manager: Failed to add game: Xbox360Game(game_id='55530848', title="Tom Clancy's H.A.W.X. 2", platform=<Platform.XBOX360: 'Xbox360'>, config_path=WindowsPath("Emulators/Xenia Canary/config/Tom Clancy's H.A.W.X. 2.config.toml"), favourite=False, last_played=None, play_count=0, play_time=0, emulator='xenia', emulator_version='Canary', discs=[GameDisc(media_id='0251DC2D', file_path=WindowsPath("D:/roms/xbox360/Tom Clancy's H.A.W.X. 2 (USA, Europe) (En,Fr,De,Es,It,Pl).iso"), disc_count=1, disc_type='DVD', disc_swap_required=False, disc_number=1, label=None)])
Error: Error binding parameter 1: type 'Platform' is not supported
Traceback (most recent call last):
  File "C:\PycharmProjects\xenia-game-manager\src\db.py", line 1049, in import_games_from_source
    self.add_game(game)
    ~~~~~~~~~~~~~^^^^^^
  File "C:\PycharmProjects\xenia-game-manager\src\db.py", line 1100, in add_game
    con.execute("""
    ~~~~~~~~~~~^^^^
        INSERT INTO gameplay (
        ^^^^^^^^^^^^^^^^^^^^^^
    ...<17 lines>...
        game.play_time,
        ^^^^^^^^^^^^^^^
    ))
    ^^
sqlite3.ProgrammingError: Error binding parameter 1: type 'Platform' is not supported
2026-08-18 02:06:55,395 [ERROR] xenia_manager: Failed to add game: Xbox360Game(game_id='41560904', title='Transformers Rise of the Dark Spark', platform=<Platform.XBOX360: 'Xbox360'>, config_path=WindowsPath('Emulators/Xenia Canary/config/TRANSFORMERS Rise of the Dark Spark.config.toml'), favourite=False, last_played=None, play_count=0, play_time=0, emulator='xenia', emulator_version='Canary', discs=[GameDisc(media_id='50D83F2D', file_path=WindowsPath('D:/roms/xbox360/Transformers - Rise of the Dark Spark (USA) (En,Fr,De,Es,It).iso'), disc_count=1, disc_type='DVD', disc_swap_required=False, disc_number=1, label=None)])
Error: Error binding parameter 1: type 'Platform' is not supported
Traceback (most recent call last):
  File "C:\PycharmProjects\xenia-game-manager\src\db.py", line 1049, in import_games_from_source
    self.add_game(game)
    ~~~~~~~~~~~~~^^^^^^
  File "C:\PycharmProjects\xenia-game-manager\src\db.py", line 1100, in add_game
    con.execute("""
    ~~~~~~~~~~~^^^^
        INSERT INTO gameplay (
        ^^^^^^^^^^^^^^^^^^^^^^
    ...<17 lines>...
        game.play_time,
        ^^^^^^^^^^^^^^^
    ))
    ^^
sqlite3.ProgrammingError: Error binding parameter 1: type 'Platform' is not supported
2026-08-18 02:06:55,399 [ERROR] xenia_manager: Failed to add game: Xbox360Game(game_id='58410AAD', title='Trials Evolution', platform=<Platform.XBOX360: 'Xbox360'>, config_path=WindowsPath('Emulators/Xenia Canary/config/Trials Evolution.config.toml'), favourite=False, last_played=None, play_count=0, play_time=0, emulator='xenia', emulator_version='Canary', discs=[GameDisc(media_id='739182AD', file_path=WindowsPath('D:/roms/xbox360/58410AAD/000D0000/FB397172C4B4BDBE075DF758DAE196759A388B6958'), disc_count=1, disc_type='XBLA', disc_swap_required=False, disc_number=1, label=None)])
Error: Error binding parameter 1: type 'Platform' is not supported
Traceback (most recent call last):
  File "C:\PycharmProjects\xenia-game-manager\src\db.py", line 1049, in import_games_from_source
    self.add_game(game)
    ~~~~~~~~~~~~~^^^^^^
  File "C:\PycharmProjects\xenia-game-manager\src\db.py", line 1100, in add_game
    con.execute("""
    ~~~~~~~~~~~^^^^
        INSERT INTO gameplay (
        ^^^^^^^^^^^^^^^^^^^^^^
    ...<17 lines>...
        game.play_time,
        ^^^^^^^^^^^^^^^
    ))
    ^^
sqlite3.ProgrammingError: Error binding parameter 1: type 'Platform' is not supported
2026-08-18 02:06:55,402 [ERROR] xenia_manager: Failed to add game: Xbox360Game(game_id='5841095A', title='Trials HD', platform=<Platform.XBOX360: 'Xbox360'>, config_path=WindowsPath('Emulators/Xenia Canary/config/Trials HD.config.toml'), favourite=False, last_played=None, play_count=0, play_time=0, emulator='xenia', emulator_version='Canary', discs=[GameDisc(media_id='22E417BF', file_path=WindowsPath('D:/roms/xbox360/5841095A/000D0000/6E133151FC02CFA6D6653C9AAE46D1DC8014605158'), disc_count=1, disc_type='XBLA', disc_swap_required=False, disc_number=1, label=None)])
Error: Error binding parameter 1: type 'Platform' is not supported
Traceback (most recent call last):
  File "C:\PycharmProjects\xenia-game-manager\src\db.py", line 1049, in import_games_from_source
    self.add_game(game)
    ~~~~~~~~~~~~~^^^^^^
  File "C:\PycharmProjects\xenia-game-manager\src\db.py", line 1100, in add_game
    con.execute("""
    ~~~~~~~~~~~^^^^
        INSERT INTO gameplay (
        ^^^^^^^^^^^^^^^^^^^^^^
    ...<17 lines>...
        game.play_time,
        ^^^^^^^^^^^^^^^
    ))
    ^^
sqlite3.ProgrammingError: Error binding parameter 1: type 'Platform' is not supported
2026-08-18 02:06:55,406 [ERROR] xenia_manager: Failed to add game: Xbox360Game(game_id='425607ED', title='Tron Evolution', platform=<Platform.XBOX360: 'Xbox360'>, config_path=WindowsPath('Emulators/Xenia Canary/config/Tron Evolution.config.toml'), favourite=False, last_played=None, play_count=0, play_time=0, emulator='xenia', emulator_version='Canary', discs=[GameDisc(media_id='4BB00DF7', file_path=WindowsPath('D:/roms/xbox360/Disney TRON - Evolution (USA, Europe) (En,Fr,De,Es,It).zar'), disc_count=1, disc_type='DVD', disc_swap_required=False, disc_number=1, label=None)])
Error: Error binding parameter 1: type 'Platform' is not supported
Traceback (most recent call last):
  File "C:\PycharmProjects\xenia-game-manager\src\db.py", line 1049, in import_games_from_source
    self.add_game(game)
    ~~~~~~~~~~~~~^^^^^^
  File "C:\PycharmProjects\xenia-game-manager\src\db.py", line 1100, in add_game
    con.execute("""
    ~~~~~~~~~~~^^^^
        INSERT INTO gameplay (
        ^^^^^^^^^^^^^^^^^^^^^^
    ...<17 lines>...
        game.play_time,
        ^^^^^^^^^^^^^^^
    ))
    ^^
sqlite3.ProgrammingError: Error binding parameter 1: type 'Platform' is not supported
2026-08-18 02:06:55,410 [ERROR] xenia_manager: Failed to add game: Xbox360Game(game_id='4B5907DC', title='Tropico 4', platform=<Platform.XBOX360: 'Xbox360'>, config_path=WindowsPath('Emulators/Xenia Canary/config/Tropico 4.config.toml'), favourite=False, last_played=None, play_count=0, play_time=0, emulator='xenia', emulator_version='Canary', discs=[GameDisc(media_id='0AED38FE', file_path=WindowsPath('D:/roms/xbox360/Tropico 4 - Gold Edition (USA, Europe) (En,Ja,Fr,De,Es,It).iso'), disc_count=1, disc_type='DVD', disc_swap_required=False, disc_number=1, label=None)])
Error: Error binding parameter 1: type 'Platform' is not supported
Traceback (most recent call last):
  File "C:\PycharmProjects\xenia-game-manager\src\db.py", line 1049, in import_games_from_source
    self.add_game(game)
    ~~~~~~~~~~~~~^^^^^^
  File "C:\PycharmProjects\xenia-game-manager\src\db.py", line 1100, in add_game
    con.execute("""
    ~~~~~~~~~~~^^^^
        INSERT INTO gameplay (
        ^^^^^^^^^^^^^^^^^^^^^^
    ...<17 lines>...
        game.play_time,
        ^^^^^^^^^^^^^^^
    ))
    ^^
sqlite3.ProgrammingError: Error binding parameter 1: type 'Platform' is not supported
2026-08-18 02:06:55,414 [ERROR] xenia_manager: Failed to add game: Xbox360Game(game_id='4D5707DB', title='Unreal Tournament III', platform=<Platform.XBOX360: 'Xbox360'>, config_path=WindowsPath('Emulators/Xenia Canary/config/Unreal Tournament III.config.toml'), favourite=False, last_played=None, play_count=0, play_time=0, emulator='xenia', emulator_version='Canary', discs=[GameDisc(media_id='72123E1F', file_path=WindowsPath('D:/roms/xbox360/Unreal Tournament III (World) (En,Fr,De,Es,It).iso'), disc_count=1, disc_type='DVD', disc_swap_required=False, disc_number=1, label=None)])
Error: Error binding parameter 1: type 'Platform' is not supported
Traceback (most recent call last):
  File "C:\PycharmProjects\xenia-game-manager\src\db.py", line 1049, in import_games_from_source
    self.add_game(game)
    ~~~~~~~~~~~~~^^^^^^
  File "C:\PycharmProjects\xenia-game-manager\src\db.py", line 1100, in add_game
    con.execute("""
    ~~~~~~~~~~~^^^^
        INSERT INTO gameplay (
        ^^^^^^^^^^^^^^^^^^^^^^
    ...<17 lines>...
        game.play_time,
        ^^^^^^^^^^^^^^^
    ))
    ^^
sqlite3.ProgrammingError: Error binding parameter 1: type 'Platform' is not supported
2026-08-18 02:06:55,419 [ERROR] xenia_manager: Failed to add game: Xbox360Game(game_id='5451082C', title='Warhammer 40000 Space Marine', platform=<Platform.XBOX360: 'Xbox360'>, config_path=WindowsPath('Emulators/Xenia Canary/config/Warhammer 40000 Space Marine.config.toml'), favourite=False, last_played=None, play_count=0, play_time=0, emulator='xenia', emulator_version='Canary', discs=[GameDisc(media_id='7AB02FD6', file_path=WindowsPath('D:/roms/xbox360/Warhammer 40,000 - Space Marine.iso'), disc_count=1, disc_type='DVD', disc_swap_required=False, disc_number=1, label=None)])
Error: Error binding parameter 1: type 'Platform' is not supported
Traceback (most recent call last):
  File "C:\PycharmProjects\xenia-game-manager\src\db.py", line 1049, in import_games_from_source
    self.add_game(game)
    ~~~~~~~~~~~~~^^^^^^
  File "C:\PycharmProjects\xenia-game-manager\src\db.py", line 1100, in add_game
    con.execute("""
    ~~~~~~~~~~~^^^^
        INSERT INTO gameplay (
        ^^^^^^^^^^^^^^^^^^^^^^
    ...<17 lines>...
        game.play_time,
        ^^^^^^^^^^^^^^^
    ))
    ^^
sqlite3.ProgrammingError: Error binding parameter 1: type 'Platform' is not supported
2026-08-18 02:06:55,422 [ERROR] xenia_manager: Failed to add game: Xbox360Game(game_id='58410B27', title='Warlords', platform=<Platform.XBOX360: 'Xbox360'>, config_path=WindowsPath('Emulators/Xenia Canary/config/Warlords.config.toml'), favourite=False, last_played=None, play_count=0, play_time=0, emulator='xenia', emulator_version='Canary', discs=[GameDisc(media_id='071344FB', file_path=WindowsPath('F:/xbox360/58410B27/000D0000/19762F0B0AEA4816763C1096B435B4B2692B2EC958'), disc_count=1, disc_type='XBLA', disc_swap_required=False, disc_number=1, label=None)])
Error: Error binding parameter 1: type 'Platform' is not supported
Traceback (most recent call last):
  File "C:\PycharmProjects\xenia-game-manager\src\db.py", line 1049, in import_games_from_source
    self.add_game(game)
    ~~~~~~~~~~~~~^^^^^^
  File "C:\PycharmProjects\xenia-game-manager\src\db.py", line 1100, in add_game
    con.execute("""
    ~~~~~~~~~~~^^^^
        INSERT INTO gameplay (
        ^^^^^^^^^^^^^^^^^^^^^^
    ...<17 lines>...
        game.play_time,
        ^^^^^^^^^^^^^^^
    ))
    ^^
sqlite3.ProgrammingError: Error binding parameter 1: type 'Platform' is not supported
2026-08-18 02:06:55,426 [ERROR] xenia_manager: Failed to add game: Xbox360Game(game_id='584111DC', title='Warp', platform=<Platform.XBOX360: 'Xbox360'>, config_path=WindowsPath('Emulators/Xenia Canary/config/Warp.config.toml'), favourite=False, last_played=None, play_count=0, play_time=0, emulator='xenia', emulator_version='Canary', discs=[GameDisc(media_id='18E1C9E4', file_path=WindowsPath('F:/xbox360/584111DC/000D0000/6BAFFA3FA6EDD340C53FD7CB35281598B364358058'), disc_count=1, disc_type='XBLA', disc_swap_required=False, disc_number=1, label=None)])
Error: Error binding parameter 1: type 'Platform' is not supported
Traceback (most recent call last):
  File "C:\PycharmProjects\xenia-game-manager\src\db.py", line 1049, in import_games_from_source
    self.add_game(game)
    ~~~~~~~~~~~~~^^^^^^
  File "C:\PycharmProjects\xenia-game-manager\src\db.py", line 1100, in add_game
    con.execute("""
    ~~~~~~~~~~~^^^^
        INSERT INTO gameplay (
        ^^^^^^^^^^^^^^^^^^^^^^
    ...<17 lines>...
        game.play_time,
        ^^^^^^^^^^^^^^^
    ))
    ^^
sqlite3.ProgrammingError: Error binding parameter 1: type 'Platform' is not supported
2026-08-18 02:06:55,429 [ERROR] xenia_manager: Failed to add game: Xbox360Game(game_id='575207F2', title='Where the Wild Things Are - The Videogame', platform=<Platform.XBOX360: 'Xbox360'>, config_path=WindowsPath('Emulators/Xenia Canary/config/Where the Wild Things Are - The Videogame.config.toml'), favourite=False, last_played=None, play_count=0, play_time=0, emulator='xenia', emulator_version='Canary', discs=[GameDisc(media_id='7B63EB01', file_path=WindowsPath('D:/roms/xbox360/Where the Wild Things Are - The Videogame (USA, Europe).iso'), disc_count=1, disc_type='DVD', disc_swap_required=False, disc_number=1, label=None)])
Error: Error binding parameter 1: type 'Platform' is not supported
Traceback (most recent call last):
  File "C:\PycharmProjects\xenia-game-manager\src\db.py", line 1049, in import_games_from_source
    self.add_game(game)
    ~~~~~~~~~~~~~^^^^^^
  File "C:\PycharmProjects\xenia-game-manager\src\db.py", line 1100, in add_game
    con.execute("""
    ~~~~~~~~~~~^^^^
        INSERT INTO gameplay (
        ^^^^^^^^^^^^^^^^^^^^^^
    ...<17 lines>...
        game.play_time,
        ^^^^^^^^^^^^^^^
    ))
    ^^
sqlite3.ProgrammingError: Error binding parameter 1: type 'Platform' is not supported
2026-08-18 02:06:55,432 [ERROR] xenia_manager: Failed to add game: Xbox360Game(game_id='494D085D', title='Xbox 360 - The Official Xbox Magazine Issue 100 - July 2013', platform=<Platform.XBOX360: 'Xbox360'>, config_path=WindowsPath('Emulators/Xenia Canary/config/Xbox 360 - The Official Xbox Magazine Issue 100 - July 2013.config.toml'), favourite=False, last_played=None, play_count=0, play_time=7.966461925, emulator='xenia', emulator_version='Canary', discs=[GameDisc(media_id='4C194862', file_path=WindowsPath('D:/roms/xbox360/Xbox 360 - The Official Xbox Magazine Issue 100 - July 2013.iso'), disc_count=1, disc_type='DVD', disc_swap_required=False, disc_number=1, label=None)])
Error: Error binding parameter 1: type 'Platform' is not supported
Traceback (most recent call last):
  File "C:\PycharmProjects\xenia-game-manager\src\db.py", line 1049, in import_games_from_source
    self.add_game(game)
    ~~~~~~~~~~~~~^^^^^^
  File "C:\PycharmProjects\xenia-game-manager\src\db.py", line 1100, in add_game
    con.execute("""
    ~~~~~~~~~~~^^^^
        INSERT INTO gameplay (
        ^^^^^^^^^^^^^^^^^^^^^^
    ...<17 lines>...
        game.play_time,
        ^^^^^^^^^^^^^^^
    ))
    ^^
sqlite3.ProgrammingError: Error binding parameter 1: type 'Platform' is not supported
2026-08-18 02:06:55,435 [ERROR] xenia_manager: Failed to add game: Xbox360Game(game_id='545408AE', title='Xcom Enemy Within', platform=<Platform.XBOX360: 'Xbox360'>, config_path=WindowsPath('Emulators/Xenia Canary/config/XCOM Enemy Within.config.toml'), favourite=False, last_played=None, play_count=0, play_time=0, emulator='xenia', emulator_version='Canary', discs=[GameDisc(media_id='39BC979B', file_path=WindowsPath('D:/roms/xbox360/XCOM - Enemy Within (USA, Europe) (En,Fr,De,Es,It,Ko,Pl,Ru).iso'), disc_count=1, disc_type='DVD', disc_swap_required=False, disc_number=1, label=None)])
Error: Error binding parameter 1: type 'Platform' is not supported
Traceback (most recent call last):
  File "C:\PycharmProjects\xenia-game-manager\src\db.py", line 1049, in import_games_from_source
    self.add_game(game)
    ~~~~~~~~~~~~~^^^^^^
  File "C:\PycharmProjects\xenia-game-manager\src\db.py", line 1100, in add_game
    con.execute("""
    ~~~~~~~~~~~^^^^
        INSERT INTO gameplay (
        ^^^^^^^^^^^^^^^^^^^^^^
    ...<17 lines>...
        game.play_time,
        ^^^^^^^^^^^^^^^
    ))
    ^^
sqlite3.ProgrammingError: Error binding parameter 1: type 'Platform' is not supported
2026-08-18 02:06:55,439 [ERROR] xenia_manager: Failed to add game: Xbox360Game(game_id='58410894', title='Xevious', platform=<Platform.XBOX360: 'Xbox360'>, config_path=WindowsPath('Emulators/Xenia Canary/config/Xevious.config.toml'), favourite=False, last_played=None, play_count=0, play_time=0, emulator='xenia', emulator_version='Canary', discs=[GameDisc(media_id='6EB8D88D', file_path=WindowsPath('D:/roms/xbox360/000D0000/02A1905E4C8004A483BA2E30B9467A2AE8E364BE58'), disc_count=1, disc_type='DVD', disc_swap_required=False, disc_number=1, label=None)])
Error: Error binding parameter 1: type 'Platform' is not supported
Traceback (most recent call last):
  File "C:\PycharmProjects\xenia-game-manager\src\db.py", line 1049, in import_games_from_source
    self.add_game(game)
    ~~~~~~~~~~~~~^^^^^^
  File "C:\PycharmProjects\xenia-game-manager\src\db.py", line 1100, in add_game
    con.execute("""
    ~~~~~~~~~~~^^^^
        INSERT INTO gameplay (
        ^^^^^^^^^^^^^^^^^^^^^^
    ...<17 lines>...
        game.play_time,
        ^^^^^^^^^^^^^^^
    ))
    ^^
sqlite3.ProgrammingError: Error binding parameter 1: type 'Platform' is not supported
2026-08-18 02:06:55,440 [WARNING] xenia_manager: Failed to add 232 of 232 games
